transaction_id,date_key,site_key,product_key,department,units_processed,target_units,defects,downtime_minutes,labour_hours,on_time_flag,cost_gbp,revenue_gbp,variance_units,defect_rate,productivity_units_per_hour,gross_margin_gbp
TXN-00001,20250605,1,4,Packing,77,72,2,4,6.63,1,483.75,822.45,5,0.025974025974025976,11.613876319758672,338.70000000000005
TXN-00002,20250703,2,3,Assembly,99,106,3,24,7.32,1,622.86,1035.32,-7,0.030303030303030304,13.524590163934425,412.4599999999999
TXN-00003,20260525,1,4,Quality,183,174,3,14,13.26,1,1091.33,1879.58,9,0.01639344262295082,13.800904977375566,788.25
TXN-00004,20250429,3,3,Dispatch,225,174,8,22,17.95,1,1535.81,2879.39,51,0.035555555555555556,12.534818941504179,1343.58
TXN-00005,20251225,3,3,Dispatch,137,102,2,34,9.55,1,1029.2,1554.51,35,0.014598540145985401,14.345549738219894,525.31
TXN-00006,20250425,1,1,Quality,129,126,1,10,10.53,1,873.41,1428.26,3,0.007751937984496124,12.250712250712251,554.85
TXN-00007,20250617,1,4,Quality,115,137,0,4,7.77,0,641.21,980.79,-22,0.0,14.8005148005148,339.5799999999999
TXN-00008,20260430,4,3,Quality,110,114,0,17,7.0,1,729.67,1091.98,-4,0.0,15.714285714285714,362.31000000000006
TXN-00009,20250516,2,2,Dispatch,91,79,1,26,8.75,1,498.12,863.04,12,0.01098901098901099,10.4,364.91999999999996
TXN-00010,20260430,2,3,Assembly,207,172,4,14,15.12,1,1382.15,2644.6,35,0.01932367149758454,13.690476190476192,1262.4499999999998
TXN-00011,20250623,4,4,Quality,68,75,4,11,6.04,1,414.21,604.33,-7,0.058823529411764705,11.258278145695364,190.12000000000006
TXN-00012,20260214,1,3,Assembly,115,108,5,24,8.8,1,657.64,1290.22,7,0.043478260869565216,13.068181818181817,632.58
TXN-00013,20250601,3,2,Assembly,86,108,0,13,4.85,0,513.82,792.21,-22,0.0,17.7319587628866,278.39
TXN-00014,20260308,3,4,Assembly,178,166,5,11,12.49,1,980.58,1601.6,12,0.028089887640449437,14.251401120896718,621.0199999999999
TXN-00015,20250102,3,4,Assembly,94,107,1,41,5.07,0,565.8,981.34,-13,0.010638297872340425,18.54043392504931,415.5400000000001
TXN-00016,20250930,3,2,Packing,69,88,3,5,5.38,0,500.41,731.22,-19,0.043478260869565216,12.825278810408923,230.81
TXN-00017,20250519,2,3,Quality,108,85,1,11,9.49,1,745.96,1241.96,23,0.009259259259259259,11.380400421496311,496.0
TXN-00018,20260130,2,3,Assembly,188,150,6,31,14.54,1,1211.13,1756.17,38,0.031914893617021274,12.929848693259974,545.04
TXN-00019,20251018,4,3,Packing,175,167,7,14,15.06,1,1000.64,1787.43,8,0.04,11.620185922974768,786.7900000000001
TXN-00020,20250522,3,2,Quality,85,71,1,8,6.2,1,528.09,1083.09,14,0.011764705882352941,13.709677419354838,554.9999999999999
TXN-00021,20250428,3,2,Dispatch,167,155,5,20,13.28,1,875.31,1939.92,12,0.029940119760479042,12.575301204819278,1064.6100000000001
TXN-00022,20251019,3,4,Dispatch,172,146,2,23,13.27,1,1024.44,1463.41,26,0.011627906976744186,12.961567445365487,438.97
TXN-00023,20250224,2,1,Packing,84,93,1,17,7.46,1,544.37,899.73,-9,0.011904761904761904,11.26005361930295,355.36
TXN-00024,20250315,3,4,Assembly,127,107,3,21,10.65,1,894.44,1269.27,20,0.023622047244094488,11.92488262910798,374.8299999999999
TXN-00025,20260118,4,3,Assembly,112,106,3,44,9.39,0,877.64,1242.43,6,0.026785714285714284,11.927582534611288,364.7900000000001
TXN-00026,20260211,1,3,Assembly,91,105,1,26,6.99,0,603.39,1140.87,-14,0.01098901098901099,13.01859799713877,537.4799999999999
TXN-00027,20250602,1,2,Quality,91,89,0,7,7.69,1,694.53,792.21,2,0.0,11.833550065019505,97.68000000000006
TXN-00028,20250402,1,3,Packing,162,173,4,24,10.57,1,1181.23,1727.86,-11,0.024691358024691357,15.32639545884579,546.6299999999999
TXN-00029,20250918,4,1,Dispatch,184,171,1,10,11.38,1,944.73,2150.39,13,0.005434782608695652,16.16871704745167,1205.6599999999999
TXN-00030,20260324,2,2,Packing,87,74,3,16,6.3,1,576.22,791.3,13,0.034482758620689655,13.80952380952381,215.07999999999993
TXN-00031,20260525,3,1,Packing,120,110,5,9,10.56,1,802.78,1525.18,10,0.041666666666666664,11.363636363636363,722.4000000000001
TXN-00032,20251017,2,1,Packing,164,175,7,10,11.91,1,811.57,1594.45,-11,0.042682926829268296,13.769941225860622,782.88
TXN-00033,20260324,2,2,Assembly,176,170,5,25,11.69,1,1369.59,1637.29,6,0.028409090909090908,15.055603079555176,267.70000000000005
TXN-00034,20250509,4,2,Packing,118,131,2,23,9.29,1,799.15,1357.54,-13,0.01694915254237288,12.701829924650163,558.39
TXN-00035,20251206,1,1,Assembly,165,171,3,14,12.44,1,860.07,1537.7,-6,0.01818181818181818,13.263665594855306,677.63
TXN-00036,20250424,2,3,Dispatch,236,179,9,12,18.9,1,1778.57,2549.23,57,0.038135593220338986,12.486772486772487,770.6600000000001
TXN-00037,20250626,4,2,Dispatch,134,131,3,7,11.5,1,816.84,1522.11,3,0.022388059701492536,11.652173913043478,705.2699999999999
TXN-00038,20250124,1,3,Dispatch,101,98,2,9,9.67,1,525.22,1070.41,3,0.019801980198019802,10.444674250258531,545.19
TXN-00039,20260517,2,2,Packing,93,90,1,12,5.57,1,553.15,874.44,3,0.010752688172043012,16.696588868940754,321.2900000000001
TXN-00040,20260402,3,3,Dispatch,145,123,4,19,10.35,1,753.02,1355.57,22,0.027586206896551724,14.009661835748792,602.55
TXN-00041,20251221,4,4,Packing,124,133,3,7,11.28,1,768.66,1282.11,-9,0.024193548387096774,10.99290780141844,513.4499999999999
TXN-00042,20250101,2,4,Dispatch,104,110,1,10,7.52,1,682.94,968.11,-6,0.009615384615384616,13.829787234042554,285.16999999999996
TXN-00043,20250807,3,3,Assembly,154,130,0,26,10.81,1,1010.05,1955.78,24,0.0,14.246068455134134,945.73
TXN-00044,20260101,3,1,Quality,153,163,2,10,13.77,1,956.07,1546.15,-10,0.013071895424836602,11.11111111111111,590.08
TXN-00045,20250126,1,4,Assembly,142,142,0,32,11.52,1,1031.06,1539.19,0,0.0,12.32638888888889,508.1300000000001
TXN-00046,20250926,4,1,Packing,157,171,4,4,12.99,1,854.96,1665.9,-14,0.025477707006369428,12.086220169361047,810.94
TXN-00047,20250411,3,1,Quality,98,94,1,12,8.36,1,625.85,1021.16,4,0.01020408163265306,11.722488038277513,395.30999999999995
TXN-00048,20250707,1,3,Packing,182,162,5,5,14.23,1,995.57,1702.83,20,0.027472527472527472,12.789880534082924,707.2599999999999
TXN-00049,20250629,4,3,Quality,97,118,1,8,6.95,0,622.52,1107.42,-21,0.010309278350515464,13.956834532374101,484.9000000000001
TXN-00050,20250122,1,4,Packing,113,105,1,16,6.78,1,717.13,1371.72,8,0.008849557522123894,16.666666666666664,654.59
TXN-00051,20250908,4,3,Assembly,103,113,1,16,8.94,1,614.17,1020.84,-10,0.009708737864077669,11.521252796420582,406.6700000000001
TXN-00052,20250714,4,2,Packing,184,158,0,5,16.44,1,1129.77,1982.82,26,0.0,11.19221411192214,853.05
TXN-00053,20250226,2,1,Dispatch,157,155,4,20,11.69,1,1063.74,1459.22,2,0.025477707006369428,13.430282292557742,395.48
TXN-00054,20250413,4,2,Assembly,119,155,3,13,8.84,0,645.22,1260.56,-36,0.025210084033613446,13.461538461538462,615.3399999999999
TXN-00055,20260322,3,3,Packing,173,158,4,3,13.14,1,1139.61,2071.0,15,0.023121387283236993,13.165905631659056,931.3900000000001
TXN-00056,20250819,3,2,Assembly,81,92,3,18,6.93,0,527.93,845.88,-11,0.037037037037037035,11.688311688311689,317.95000000000005
TXN-00057,20260305,1,2,Packing,126,116,1,25,10.75,1,1001.46,1537.82,10,0.007936507936507936,11.720930232558139,536.3599999999999
TXN-00058,20260328,2,3,Quality,129,119,1,14,10.66,1,852.63,1503.59,10,0.007751937984496124,12.101313320825517,650.9599999999999
TXN-00059,20250204,3,1,Assembly,193,155,4,29,16.2,1,1224.49,2013.26,38,0.02072538860103627,11.91358024691358,788.77
TXN-00060,20260529,2,3,Quality,140,149,1,27,10.49,1,793.96,1578.55,-9,0.007142857142857143,13.34604385128694,784.5899999999999
TXN-00061,20250130,3,2,Quality,97,100,1,4,7.94,1,575.19,1161.41,-3,0.010309278350515464,12.21662468513854,586.22
TXN-00062,20250615,3,4,Assembly,124,165,2,53,8.49,0,813.6,1237.57,-41,0.016129032258064516,14.605418138987043,423.9699999999999
TXN-00063,20251202,1,2,Quality,149,148,4,5,11.79,1,1080.79,1517.04,1,0.026845637583892617,12.63782866836302,436.25
TXN-00064,20250525,3,1,Quality,132,121,2,18,12.63,1,969.92,1188.51,11,0.015151515151515152,10.451306413301662,218.59000000000003
TXN-00065,20251216,2,4,Assembly,129,159,4,13,10.79,0,758.37,1630.54,-30,0.031007751937984496,11.95551436515292,872.17
TXN-00066,20250105,2,1,Assembly,79,86,1,14,7.5,1,429.39,764.15,-7,0.012658227848101266,10.533333333333333,334.76
TXN-00067,20251105,3,4,Quality,113,110,2,1,9.28,1,553.09,1148.7,3,0.017699115044247787,12.176724137931036,595.61
TXN-00068,20250222,4,3,Quality,162,154,2,13,12.82,1,1153.54,1989.12,8,0.012345679012345678,12.636505460218409,835.5799999999999
TXN-00069,20250520,1,4,Quality,91,84,0,33,7.17,1,620.94,1044.7,7,0.0,12.691771269177128,423.76
TXN-00070,20251216,4,3,Packing,192,156,5,14,14.78,1,1090.74,2010.26,36,0.026041666666666668,12.990527740189446,919.52
TXN-00071,20251206,1,3,Packing,192,166,3,12,14.73,1,1051.05,1760.64,26,0.015625,13.034623217922606,709.5900000000001
TXN-00072,20250115,1,2,Assembly,132,119,1,16,9.6,1,714.5,1678.32,13,0.007575757575757576,13.75,963.8199999999999
TXN-00073,20251013,4,2,Dispatch,157,147,5,7,12.16,1,779.48,1850.96,10,0.03184713375796178,12.911184210526315,1071.48
TXN-00074,20260515,2,4,Assembly,119,100,1,14,9.37,1,904.49,1198.48,19,0.008403361344537815,12.700106723585913,293.99
TXN-00075,20250208,4,3,Packing,168,159,1,10,11.94,1,890.77,1680.75,9,0.005952380952380952,14.07035175879397,789.98
TXN-00076,20251125,4,1,Assembly,116,140,2,16,9.22,0,789.32,1426.03,-24,0.017241379310344827,12.581344902386116,636.7099999999999
TXN-00077,20260526,2,2,Quality,235,178,3,8,18.04,1,1721.31,2841.9,57,0.01276595744680851,13.026607538802661,1120.5900000000001
TXN-00078,20250518,1,2,Quality,119,146,1,11,8.83,0,655.25,1367.58,-27,0.008403361344537815,13.47678369195923,712.3299999999999
TXN-00079,20250704,4,4,Packing,123,159,1,34,9.64,0,973.88,1510.14,-36,0.008130081300813009,12.759336099585061,536.2600000000001
TXN-00080,20251126,1,3,Dispatch,86,85,2,2,5.03,1,555.82,887.1,1,0.023255813953488372,17.09741550695825,331.28
TXN-00081,20251026,1,1,Quality,95,103,0,7,9.0,1,581.69,1027.5,-8,0.0,10.555555555555555,445.80999999999995
TXN-00082,20250911,3,4,Quality,157,140,7,11,10.82,1,951.19,1609.34,17,0.044585987261146494,14.510166358595194,658.1499999999999
TXN-00083,20251230,2,4,Dispatch,125,113,3,30,8.07,1,728.23,1205.16,12,0.024,15.489467162329616,476.93000000000006
TXN-00084,20251115,4,1,Assembly,95,98,0,21,6.85,1,702.13,840.19,-3,0.0,13.868613138686133,138.06000000000006
TXN-00085,20260331,3,2,Assembly,187,164,5,32,15.11,1,1061.46,2170.82,23,0.026737967914438502,12.375909993381867,1109.3600000000001
TXN-00086,20251025,2,2,Quality,143,143,8,17,11.45,1,786.85,1580.64,0,0.055944055944055944,12.489082969432316,793.7900000000001
TXN-00087,20260403,1,3,Quality,200,176,6,9,16.57,1,1428.54,2496.25,24,0.03,12.070006035003017,1067.71
TXN-00088,20260408,1,3,Dispatch,208,166,7,30,15.53,1,1272.35,1793.57,42,0.03365384615384615,13.393432066967161,521.22
TXN-00089,20251216,1,1,Packing,114,109,3,17,12.12,1,578.51,992.57,5,0.02631578947368421,9.405940594059407,414.06000000000006
TXN-00090,20251217,2,3,Dispatch,102,96,4,3,7.05,1,713.4,959.0,6,0.0392156862745098,14.46808510638298,245.60000000000002
TXN-00091,20250922,4,4,Quality,91,96,6,14,9.0,1,576.72,897.35,-5,0.06593406593406594,10.11111111111111,320.63
TXN-00092,20260329,1,2,Dispatch,93,82,4,11,8.28,1,531.21,837.28,11,0.043010752688172046,11.231884057971016,306.06999999999994
TXN-00093,20260308,2,2,Dispatch,228,165,4,3,18.67,1,1640.95,2689.49,63,0.017543859649122806,12.212104981253347,1048.5399999999997
TXN-00094,20250201,3,4,Assembly,101,90,4,16,10.04,1,787.15,986.51,11,0.039603960396039604,10.0597609561753,199.36
TXN-00095,20250511,1,2,Packing,116,90,2,9,8.75,1,580.82,1329.57,26,0.017241379310344827,13.257142857142858,748.7499999999999
TXN-00096,20251016,1,1,Dispatch,155,162,6,3,11.46,1,916.98,1581.42,-7,0.03870967741935484,13.525305410122163,664.44
TXN-00097,20251009,1,3,Packing,128,136,1,13,9.04,1,808.93,1167.43,-8,0.0078125,14.15929203539823,358.5000000000001
TXN-00098,20250214,3,3,Dispatch,166,142,4,47,11.86,0,1039.97,2090.97,24,0.024096385542168676,13.996627318718382,1050.9999999999998
TXN-00099,20250118,2,3,Dispatch,83,80,4,4,4.96,1,476.14,719.58,3,0.04819277108433735,16.733870967741936,243.44000000000005
TXN-00100,20260325,4,2,Quality,191,179,3,14,15.35,1,1036.97,2264.61,12,0.015706806282722512,12.44299674267101,1227.64
TXN-00101,20260220,1,4,Dispatch,118,136,1,6,9.13,0,799.42,1351.33,-18,0.00847457627118644,12.924424972617743,551.91
TXN-00102,20260118,4,2,Quality,180,146,4,45,14.53,0,998.25,1887.66,34,0.022222222222222223,12.388162422573986,889.4100000000001
TXN-00103,20260102,4,2,Packing,116,105,3,20,6.78,1,881.4,1160.19,11,0.02586206896551724,17.10914454277286,278.7900000000001
TXN-00104,20260219,1,4,Dispatch,95,93,2,13,6.04,1,477.17,892.4,2,0.021052631578947368,15.728476821192054,415.22999999999996
TXN-00105,20250911,1,1,Assembly,176,157,4,11,14.07,1,1110.91,1732.7,19,0.022727272727272728,12.508884150675195,621.79
TXN-00106,20250430,2,4,Packing,189,169,6,0,13.45,1,1082.18,1860.66,20,0.031746031746031744,14.052044609665428,778.48
TXN-00107,20250115,4,1,Dispatch,172,154,5,5,12.89,1,1072.74,2076.91,18,0.029069767441860465,13.34367726920093,1004.1699999999998
TXN-00108,20250417,2,3,Assembly,124,135,2,17,10.17,1,921.36,1057.84,-11,0.016129032258064516,12.192723697148477,136.4799999999999
TXN-00109,20251014,2,2,Assembly,117,113,2,18,7.93,1,680.43,1393.06,4,0.017094017094017096,14.754098360655739,712.63
TXN-00110,20250303,4,1,Dispatch,127,111,4,3,8.76,1,832.79,1325.76,16,0.031496062992125984,14.497716894977168,492.97
TXN-00111,20251217,1,4,Assembly,151,153,2,16,8.5,1,1132.94,1622.6,-2,0.013245033112582781,17.764705882352942,489.65999999999985
TXN-00112,20250509,2,3,Assembly,175,145,5,23,11.51,1,1336.03,2043.2,30,0.02857142857142857,15.204170286707212,707.1700000000001
TXN-00113,20250225,1,3,Assembly,119,121,3,20,8.63,1,631.27,1500.5,-2,0.025210084033613446,13.789107763615295,869.23
TXN-00114,20260510,1,2,Assembly,105,96,3,17,6.52,1,591.88,1029.74,9,0.02857142857142857,16.10429447852761,437.86
TXN-00115,20250823,2,3,Quality,189,179,7,13,13.55,1,940.53,2335.77,10,0.037037037037037035,13.948339483394832,1395.24
TXN-00117,20250523,4,4,Quality,92,89,0,17,6.82,1,566.64,1134.92,3,0.0,13.48973607038123,568.2800000000001
TXN-00118,20250423,1,4,Dispatch,137,158,3,9,10.04,0,721.86,1349.18,-21,0.021897810218978103,13.645418326693228,627.32
TXN-00119,20250914,2,1,Packing,114,123,0,7,8.7,1,716.96,1025.85,-9,0.0,13.10344827586207,308.8899999999999
TXN-00120,20250611,1,2,Packing,109,130,1,15,7.3,0,638.12,945.94,-21,0.009174311926605505,14.931506849315069,307.82000000000005
TXN-00121,20260124,4,1,Quality,154,150,1,9,10.9,1,1095.47,1547.37,4,0.006493506493506494,14.128440366972477,451.89999999999986
TXN-00122,20250715,1,4,Assembly,71,76,1,23,6.92,1,516.11,890.44,-5,0.014084507042253521,10.260115606936417,374.33000000000004
TXN-00123,20251128,1,4,Quality,157,145,2,34,14.26,1,1240.05,1635.51,12,0.012738853503184714,11.009817671809257,395.46000000000004
TXN-00124,20250727,1,4,Dispatch,131,160,0,6,10.04,0,882.52,1652.78,-29,0.0,13.04780876494024,770.26
TXN-00125,20250404,3,2,Dispatch,159,174,1,18,12.31,1,1057.14,1418.37,-15,0.006289308176100629,12.916328188464663,361.2299999999998
TXN-00126,20250711,2,4,Quality,84,79,6,1,7.35,1,619.88,993.48,5,0.07142857142857142,11.428571428571429,373.6
TXN-00127,20251129,3,4,Packing,139,143,2,10,10.44,1,892.54,1581.26,-4,0.014388489208633094,13.314176245210728,688.72
TXN-00128,20250725,1,1,Quality,73,73,2,2,8.56,1,452.36,622.12,0,0.0273972602739726,8.528037383177569,169.76
TXN-00129,20250114,3,4,Packing,80,74,1,1,7.11,1,591.61,789.53,6,0.0125,11.251758087201125,197.91999999999996
TXN-00130,20250925,1,4,Assembly,152,166,1,33,9.5,1,818.63,1908.41,-14,0.006578947368421052,16.0,1089.7800000000002
TXN-00131,20251012,3,4,Dispatch,85,110,0,10,7.39,0,514.28,899.0,-25,0.0,11.502029769959405,384.72
TXN-00132,20251121,5,2,Dispatch,103,113,4,9,7.72,1,676.78,896.99,-10,0.038834951456310676,13.3419689119171,220.21000000000004
TXN-00133,20250120,2,4,Packing,191,171,7,4,13.09,1,968.68,2011.78,20,0.03664921465968586,14.591291061879298,1043.1
TXN-00134,20260313,3,3,Packing,118,110,2,27,10.88,1,856.12,1128.29,8,0.01694915254237288,10.845588235294118,272.16999999999996
TXN-00135,20260508,1,4,Dispatch,105,116,1,4,6.63,1,783.9,1097.01,-11,0.009523809523809525,15.83710407239819,313.11
TXN-00136,20251105,3,3,Dispatch,70,71,0,10,3.12,1,467.6,671.27,-1,0.0,22.435897435897434,203.66999999999996
TXN-00137,20260120,3,1,Dispatch,118,116,3,5,9.83,1,622.31,1347.97,2,0.025423728813559324,12.004069175991862,725.6600000000001
TXN-00138,20251116,4,4,Assembly,75,82,2,15,6.31,1,391.81,716.24,-7,0.02666666666666667,11.885895404120445,324.43
TXN-00139,20250412,2,4,Assembly,187,165,4,25,15.58,1,1174.91,1765.75,22,0.0213903743315508,12.002567394094994,590.8399999999999
TXN-00141,20250907,1,3,Packing,151,178,2,17,12.09,0,1101.52,1903.74,-27,0.013245033112582781,12.48966087675765,802.22
TXN-00142,20260517,1,1,Dispatch,79,70,2,13,6.56,1,437.99,727.55,9,0.02531645569620253,12.042682926829269,289.55999999999995
TXN-00143,20250327,3,3,Quality,130,157,2,3,9.87,0,645.98,1375.85,-27,0.015384615384615385,13.171225937183385,729.8699999999999
TXN-00144,20250623,4,2,Quality,95,116,1,0,6.64,0,694.09,1139.14,-21,0.010526315789473684,14.307228915662652,445.05000000000007
TXN-00145,20260423,3,2,Dispatch,166,168,1,3,13.51,1,1234.25,1943.23,-2,0.006024096385542169,12.28719467061436,708.98
TXN-00146,20251227,3,2,Assembly,103,103,1,26,8.21,1,718.16,1131.43,0,0.009708737864077669,12.545676004872107,413.2700000000001
TXN-00147,20260512,3,3,Assembly,87,78,2,19,7.9,1,469.85,1037.07,9,0.022988505747126436,11.012658227848101,567.2199999999999
TXN-00148,20250105,4,1,Dispatch,107,101,4,29,8.5,1,705.78,1110.58,6,0.037383177570093455,12.588235294117647,404.79999999999995
TXN-00149,20250515,4,4,Dispatch,150,147,2,3,12.62,1,921.86,1422.63,3,0.013333333333333334,11.885895404120445,500.7700000000001
TXN-00150,20251123,4,2,Packing,122,127,1,1,8.04,1,652.29,1294.78,-5,0.00819672131147541,15.174129353233832,642.49
TXN-00151,20260306,2,3,Packing,163,137,8,24,12.28,1,1140.72,1401.83,26,0.049079754601226995,13.273615635179153,261.1099999999999
TXN-00152,20250716,4,3,Dispatch,156,153,3,10,11.62,1,1123.38,1754.96,3,0.019230769230769232,13.425129087779691,631.5799999999999
TXN-00153,20250318,1,3,Dispatch,109,107,2,2,8.4,1,618.24,1168.99,2,0.01834862385321101,12.976190476190476,550.75
TXN-00154,20260308,3,4,Quality,170,148,3,15,12.9,1,1251.69,1997.28,22,0.01764705882352941,13.178294573643411,745.5899999999999
TXN-00155,20250702,2,2,Quality,77,76,2,4,6.24,1,572.94,806.07,1,0.025974025974025976,12.33974358974359,233.13
TXN-00156,20251029,4,1,Packing,76,101,0,10,7.68,0,545.23,900.95,-25,0.0,9.895833333333334,355.72
TXN-00157,20250529,3,1,Dispatch,81,75,5,26,8.48,1,526.24,767.75,6,0.06172839506172839,9.55188679245283,241.51
TXN-00158,20250910,2,1,Dispatch,103,129,4,11,8.15,0,626.94,963.23,-26,0.038834951456310676,12.63803680981595,336.28999999999996
TXN-00159,20250129,3,1,Assembly,70,73,0,35,6.0,0,553.4,664.15,-3,0.0,11.666666666666666,110.75
TXN-00160,20260102,3,1,Quality,137,128,5,22,11.92,1,908.0,1572.92,9,0.0364963503649635,11.493288590604028,664.9200000000001
TXN-00161,20250413,2,3,Dispatch,118,104,7,8,9.19,1,609.17,1465.51,14,0.059322033898305086,12.840043525571273,856.34
TXN-00162,20260429,1,3,Assembly,148,175,3,25,13.51,0,919.57,1546.93,-27,0.02027027027027027,10.954848260547742,627.36
TXN-00163,20250515,2,2,Packing,68,83,0,11,4.62,0,446.58,639.61,-15,0.0,14.718614718614718,193.03000000000003
TXN-00164,20250118,1,1,Packing,150,157,2,29,11.87,1,883.06,1522.21,-7,0.013333333333333334,12.636899747262007,639.1500000000001
TXN-00165,20250813,2,4,Assembly,76,95,2,14,7.62,0,496.83,958.97,-19,0.02631578947368421,9.973753280839896,462.14000000000004
TXN-00166,20250528,1,4,Quality,85,84,3,1,8.16,1,472.81,878.99,1,0.03529411764705882,10.416666666666666,406.18
TXN-00167,20260204,2,1,Quality,140,143,5,9,11.59,1,845.88,1552.4,-3,0.03571428571428571,12.079378774805868,706.5200000000001
TXN-00168,20250406,4,3,Quality,104,129,1,3,8.22,0,545.8,999.6,-25,0.009615384615384616,12.65206812652068,453.80000000000007
TXN-00169,20260205,4,4,Assembly,174,145,3,13,13.32,1,1017.17,1724.13,29,0.017241379310344827,13.063063063063062,706.9600000000002
TXN-00170,20250206,2,4,Quality,119,128,0,6,10.78,1,698.81,1114.96,-9,0.0,11.03896103896104,416.1500000000001
TXN-00171,20251208,3,3,Assembly,92,100,0,14,7.63,1,492.09,803.58,-8,0.0,12.057667103538664,311.49000000000007
TXN-00172,20250808,2,1,Assembly,82,130,7,18,6.86,0,517.49,722.21,-48,0.08536585365853659,11.9533527696793,204.72000000000003
TXN-00173,20251128,1,3,Dispatch,136,154,0,13,10.79,0,817.83,1405.42,-18,0.0,12.604263206672845,587.59
TXN-00174,20251227,1,3,Dispatch,131,118,4,19,11.01,1,733.89,1224.77,13,0.030534351145038167,11.89827429609446,490.88
TXN-00175,20260306,4,3,Dispatch,99,87,3,17,7.2,1,734.78,1037.86,12,0.030303030303030304,13.75,303.0799999999999
TXN-00176,20250415,4,1,Dispatch,144,138,4,11,10.55,1,877.51,1591.59,6,0.027777777777777776,13.649289099526065,714.0799999999999
TXN-00177,20250810,4,1,Assembly,131,154,1,21,8.49,0,794.67,1140.02,-23,0.007633587786259542,15.429917550058892,345.35
TXN-00178,20251016,3,2,Quality,99,113,2,20,7.53,0,773.49,1074.52,-14,0.020202020202020204,13.147410358565736,301.03
TXN-00179,20260204,1,1,Quality,101,80,2,14,6.63,1,521.14,1081.7,21,0.019801980198019802,15.233785822021117,560.5600000000001
TXN-00181,20260303,2,1,Quality,140,117,1,14,10.22,1,799.67,1766.69,23,0.007142857142857143,13.698630136986301,967.0200000000001
TXN-00182,20251014,4,4,Packing,79,105,2,27,3.96,0,481.27,746.2,-26,0.02531645569620253,19.949494949494948,264.93000000000006
TXN-00183,20251219,4,2,Dispatch,107,107,2,19,8.88,1,641.32,1082.36,0,0.018691588785046728,12.049549549549548,441.03999999999985
TXN-00184,20250514,1,1,Packing,155,135,3,15,10.75,1,974.08,1645.25,20,0.01935483870967742,14.418604651162791,671.17
TXN-00185,20250415,1,4,Assembly,145,131,4,49,11.01,0,1109.85,1585.02,14,0.027586206896551724,13.169845594913715,475.1700000000001
TXN-00186,20250711,3,1,Quality,128,115,2,15,8.59,1,643.34,1406.71,13,0.015625,14.90104772991851,763.37
TXN-00187,20250101,1,2,Packing,164,175,4,20,13.53,1,971.78,1553.3,-11,0.024390243902439025,12.121212121212121,581.52
TXN-00188,20250222,2,2,Assembly,161,165,5,29,12.99,1,1013.5,1794.33,-4,0.031055900621118012,12.3941493456505,780.8299999999999
TXN-00190,20250826,2,4,Assembly,71,93,2,12,6.26,0,547.56,873.43,-22,0.028169014084507043,11.341853035143771,325.87
TXN-00191,20260331,3,2,Dispatch,50,71,1,12,5.55,0,401.09,478.25,-21,0.02,9.00900900900901,77.16000000000003
TXN-00192,20250621,3,4,Quality,144,167,3,9,11.65,0,814.09,1549.66,-23,0.020833333333333332,12.360515021459227,735.57
TXN-00193,20250420,1,3,Dispatch,126,111,1,7,8.68,1,706.29,1601.9,15,0.007936507936507936,14.516129032258066,895.6100000000001
TXN-00194,20250603,2,1,Dispatch,119,136,8,58,8.68,0,822.69,1351.94,-17,0.06722689075630252,13.70967741935484,529.25
TXN-00195,20250614,3,4,Packing,95,79,0,12,8.31,1,550.56,1198.33,16,0.0,11.432009626955475,647.77
TXN-00196,20260327,4,1,Dispatch,173,179,4,6,13.24,1,888.57,1531.01,-6,0.023121387283236993,13.066465256797583,642.4399999999999
TXN-00197,20250519,2,2,Quality,147,160,6,19,11.43,1,771.11,1389.53,-13,0.04081632653061224,12.860892388451443,618.42
TXN-00198,20251006,4,1,Assembly,114,120,1,17,6.36,1,855.86,1176.82,-6,0.008771929824561403,17.92452830188679,320.9599999999999
TXN-00199,20260217,4,2,Quality,99,83,0,6,7.8,1,581.6,1016.32,16,0.0,12.692307692307693,434.72
TXN-00200,20260416,3,4,Packing,81,90,5,6,6.15,1,418.85,1022.84,-9,0.06172839506172839,13.170731707317072,603.99
TXN-00201,20251009,4,2,Dispatch,122,139,1,12,9.07,0,881.58,1325.88,-17,0.00819672131147541,13.450937155457552,444.30000000000007
TXN-00202,20250509,4,3,Packing,175,156,3,8,13.5,1,902.9,2107.57,19,0.017142857142857144,12.962962962962964,1204.67
TXN-00203,20250122,4,3,Packing,123,132,1,15,9.47,1,622.95,1318.22,-9,0.008130081300813009,12.988384371700105,695.27
TXN-00204,20260125,1,3,Packing,117,115,5,13,9.12,1,757.19,1334.24,2,0.042735042735042736,12.828947368421053,577.05
TXN-00205,20250722,3,1,Packing,59,75,1,10,4.17,0,354.49,724.94,-16,0.01694915254237288,14.148681055155876,370.45000000000005
TXN-00206,20260326,3,3,Quality,109,97,2,6,8.93,1,698.67,1090.01,12,0.01834862385321101,12.206047032474805,391.34000000000003
TXN-00207,20250921,3,2,Assembly,114,112,0,19,8.43,1,707.15,1216.87,2,0.0,13.523131672597865,509.7199999999999
TXN-00209,20250916,1,4,Assembly,99,101,1,18,5.71,1,765.62,1145.61,-2,0.010101010101010102,17.33800350262697,379.9899999999999
TXN-00210,20250804,2,3,Quality,95,144,1,17,5.23,0,699.99,1077.95,-49,0.010526315789473684,18.164435946462714,377.96000000000004
TXN-00211,20250814,3,2,Dispatch,60,74,0,68,4.01,0,536.08,576.93,-14,0.0,14.962593516209477,40.84999999999991
TXN-00212,20250120,1,4,Packing,159,165,1,11,12.35,1,1186.62,2003.84,-6,0.006289308176100629,12.874493927125506,817.22
TXN-00214,20260223,4,3,Assembly,197,154,4,24,16.68,1,1245.87,1892.25,43,0.02030456852791878,11.810551558752998,646.3800000000001
TXN-00215,20251007,2,4,Packing,157,150,1,8,12.69,1,1116.3,1559.64,7,0.006369426751592357,12.371946414499606,443.34000000000015
TXN-00216,20250705,3,2,Quality,119,120,1,20,11.3,1,768.01,1236.49,-1,0.008403361344537815,10.530973451327434,468.48
TXN-00217,20250715,4,3,Dispatch,161,169,5,30,13.73,1,1192.56,1426.89,-8,0.031055900621118012,11.726147123088127,234.33000000000015
TXN-00218,20260310,4,3,Quality,134,136,1,16,10.87,1,851.6,1270.19,-2,0.007462686567164179,12.327506899724012,418.59000000000003
TXN-00219,20260302,4,3,Quality,107,101,3,15,7.74,1,723.3,1283.76,6,0.028037383177570093,13.824289405684754,560.46
TXN-00220,20251216,4,3,Quality,117,112,3,19,10.37,1,764.67,1264.54,5,0.02564102564102564,11.282545805207329,499.87
TXN-00221,20250206,1,1,Assembly,139,127,4,24,9.99,1,974.2,1224.99,12,0.02877697841726619,13.913913913913914,250.78999999999996
TXN-00222,20251204,2,1,Packing,60,70,2,12,3.46,0,399.92,546.12,-10,0.03333333333333333,17.341040462427745,146.2
TXN-00223,20260310,2,1,Assembly,193,154,6,23,15.14,1,1457.01,1685.69,39,0.031088082901554404,12.74768824306473,228.68000000000006
TXN-00224,20260127,2,2,Packing,103,127,4,8,6.76,0,568.5,1015.53,-24,0.038834951456310676,15.236686390532546,447.03
TXN-00225,20251006,3,4,Packing,90,89,1,16,5.2,1,586.77,989.5,1,0.011111111111111112,17.307692307692307,402.73
TXN-00226,20260116,2,4,Packing,163,148,7,19,11.65,1,1034.74,1394.75,15,0.04294478527607362,13.991416309012875,360.01
TXN-00227,20250321,2,2,Dispatch,161,163,2,18,11.45,1,1013.04,1825.09,-2,0.012422360248447204,14.06113537117904,812.05
TXN-00228,20250322,1,4,Quality,148,149,3,16,11.85,1,1027.62,1602.64,-1,0.02027027027027027,12.48945147679325,575.0200000000002
TXN-00229,20250716,2,4,Dispatch,124,139,3,6,9.92,0,834.33,1529.05,-15,0.024193548387096774,12.5,694.7199999999999
TXN-00230,20250626,4,2,Quality,179,167,2,7,14.29,1,1190.5,1698.32,12,0.0111731843575419,12.526242127361792,507.81999999999994
TXN-00231,20260501,5,1,Dispatch,159,165,2,3,11.72,1,902.36,1529.99,-6,0.012578616352201259,13.56655290102389,627.63
TXN-00232,20250629,2,1,Dispatch,71,73,3,20,4.89,1,518.92,615.55,-2,0.04225352112676056,14.519427402862986,96.63
TXN-00234,20260110,4,4,Assembly,132,124,2,35,11.03,0,1021.5,1675.16,8,0.015151515151515152,11.967361740707164,653.6600000000001
TXN-00235,20251029,3,1,Assembly,149,147,1,15,12.89,1,1104.45,1563.37,2,0.006711409395973154,11.55934833204034,458.91999999999985
TXN-00236,20251202,4,4,Dispatch,89,85,2,18,6.2,1,505.59,1135.74,4,0.02247191011235955,14.354838709677418,630.1500000000001
TXN-00237,20260513,3,3,Dispatch,99,99,0,34,8.2,1,803.5,965.01,0,0.0,12.073170731707318,161.51
TXN-00238,20250316,4,2,Assembly,95,91,1,13,7.09,1,736.31,810.8,4,0.010526315789473684,13.399153737658674,74.49000000000001
TXN-00239,20260202,4,3,Packing,197,151,2,27,14.68,1,1072.11,2031.38,46,0.01015228426395939,13.419618528610355,959.2700000000002
TXN-00240,20251011,2,4,Assembly,47,80,3,27,5.87,0,363.33,561.19,-33,0.06382978723404255,8.006814310051107,197.86000000000007
TXN-00241,20250119,4,3,Quality,128,122,3,16,9.93,1,752.51,1557.9,6,0.0234375,12.890231621349447,805.3900000000001
TXN-00242,20250905,1,1,Packing,141,163,3,23,10.42,0,964.67,1514.18,-22,0.02127659574468085,13.531669865642995,549.5100000000001
TXN-00243,20250214,1,1,Quality,168,154,2,3,12.73,1,863.6,1439.81,14,0.011904761904761904,13.197172034564021,576.2099999999999
TXN-00244,20251025,3,4,Packing,98,134,2,3,8.19,0,633.27,877.03,-36,0.02040816326530612,11.965811965811966,243.76
TXN-00245,20250629,3,2,Assembly,108,158,1,22,6.89,0,726.32,1255.65,-50,0.009259259259259259,15.67489114658926,529.33
TXN-00246,20260227,3,4,Assembly,110,90,1,28,8.41,1,778.85,1291.72,20,0.00909090909090909,13.079667063020214,512.87
TXN-00247,20260428,2,1,Packing,150,138,4,5,12.76,1,1127.28,1574.2,12,0.02666666666666667,11.755485893416928,446.9200000000001
TXN-00248,20250918,1,4,Quality,127,159,1,9,9.85,0,712.85,1105.99,-32,0.007874015748031496,12.893401015228427,393.14
TXN-00249,20260506,4,2,Assembly,167,148,1,38,11.46,0,1066.43,1785.84,19,0.005988023952095809,14.57242582897033,719.4099999999999
TXN-00250,20250519,4,1,Assembly,118,112,0,33,8.81,1,842.04,1418.48,6,0.0,13.393870601589102,576.44
TXN-00251,20260128,1,3,Packing,56,76,4,1,3.92,0,379.68,584.07,-20,0.07142857142857142,14.285714285714286,204.39000000000004
TXN-00252,20250628,2,3,Packing,140,133,6,26,11.43,1,937.61,1613.28,7,0.04285714285714286,12.248468941382328,675.67
TXN-00253,20260305,3,3,Quality,110,90,2,33,8.64,1,632.47,1218.36,20,0.01818181818181818,12.731481481481481,585.8899999999999
TXN-00254,20250822,3,1,Assembly,121,145,0,27,8.39,0,911.03,1123.26,-24,0.0,14.421930870083433,212.23000000000002
TXN-00255,20250627,4,4,Quality,179,167,3,8,13.01,1,963.84,1886.92,12,0.01675977653631285,13.758647194465796,923.08
TXN-00256,20250920,4,4,Dispatch,99,128,1,1,9.28,0,600.23,934.39,-29,0.010101010101010102,10.668103448275863,334.15999999999997
TXN-00257,20251022,1,1,Quality,119,116,3,3,9.69,1,592.94,1056.44,3,0.025210084033613446,12.280701754385966,463.5
TXN-00259,20250101,2,3,Quality,191,172,5,15,13.34,1,1354.53,2325.36,19,0.02617801047120419,14.31784107946027,970.8300000000002
TXN-00260,20250809,2,3,Assembly,166,173,1,27,13.17,1,1087.52,2048.69,-7,0.006024096385542169,12.604403948367501,961.1700000000001
TXN-00261,20250709,4,2,Dispatch,92,98,1,8,6.96,1,514.14,940.6,-6,0.010869565217391304,13.218390804597702,426.46000000000004
TXN-00262,20260525,5,2,Packing,206,159,3,16,15.46,1,1251.74,2555.63,47,0.014563106796116505,13.32470892626132,1303.89
TXN-00263,20260409,4,4,Dispatch,192,175,6,19,14.38,1,1215.77,1797.24,17,0.03125,13.351877607788595,581.47
TXN-00264,20260322,3,2,Quality,96,71,0,10,7.54,1,484.2,998.74,25,0.0,12.73209549071618,514.54
TXN-00265,20250522,3,4,Dispatch,184,151,2,16,13.55,1,1294.69,2217.32,33,0.010869565217391304,13.579335793357933,922.6300000000001
TXN-00266,20260213,4,1,Dispatch,75,79,3,9,4.57,1,529.14,945.12,-4,0.04,16.411378555798684,415.98
TXN-00267,20260311,2,2,Dispatch,94,116,2,29,7.16,0,603.09,829.37,-22,0.02127659574468085,13.128491620111731,226.27999999999997
TXN-00268,20250522,2,3,Assembly,141,154,9,25,11.43,1,791.07,1386.5,-13,0.06382978723404255,12.335958005249344,595.43
TXN-00269,20250914,4,1,Assembly,104,123,3,31,8.28,0,816.3,1267.46,-19,0.028846153846153848,12.560386473429952,451.1600000000001
TXN-00270,20250831,4,3,Packing,169,165,2,2,10.83,1,854.53,1887.8,4,0.011834319526627219,15.604801477377654,1033.27
TXN-00271,20250831,1,1,Assembly,78,110,3,19,6.69,0,457.82,970.81,-32,0.038461538461538464,11.659192825112108,512.99
TXN-00272,20251006,4,3,Quality,143,141,3,10,10.87,1,733.89,1296.54,2,0.02097902097902098,13.155473781048759,562.65
TXN-00273,20250401,4,3,Quality,74,70,2,10,5.58,1,565.76,928.06,4,0.02702702702702703,13.261648745519713,362.29999999999995
TXN-00274,20260402,1,1,Quality,116,105,2,8,9.53,1,796.17,1349.01,11,0.017241379310344827,12.17208814270724,552.84
TXN-00275,20251224,4,3,Assembly,137,153,8,24,11.06,0,1011.19,1724.33,-16,0.058394160583941604,12.386980108499095,713.1399999999999
TXN-00276,20250225,4,1,Dispatch,179,172,4,12,16.43,1,978.33,1977.92,7,0.0223463687150838,10.894704808277542,999.59
TXN-00277,20250506,4,2,Assembly,117,118,1,13,8.65,1,875.7,1417.55,-1,0.008547008547008548,13.526011560693641,541.8499999999999
TXN-00278,20250606,1,2,Assembly,119,128,1,18,9.78,1,757.39,1131.53,-9,0.008403361344537815,12.167689161554193,374.14
TXN-00279,20260223,3,3,Dispatch,209,171,2,8,15.7,1,1252.62,2514.9,38,0.009569377990430622,13.312101910828027,1262.2800000000002
TXN-00280,20260404,4,4,Quality,140,150,4,3,10.46,1,854.6,1340.45,-10,0.02857142857142857,13.384321223709367,485.85
TXN-00281,20260204,4,4,Packing,169,173,5,8,12.45,1,899.48,1610.36,-4,0.029585798816568046,13.57429718875502,710.8799999999999
TXN-00282,20260501,4,3,Quality,179,163,1,22,13.81,1,1133.17,1853.73,16,0.00558659217877095,12.961622013034033,720.56
TXN-00283,20260420,1,2,Packing,110,94,2,33,6.26,1,842.58,1221.24,16,0.01818181818181818,17.57188498402556,378.65999999999997
TXN-00284,20260112,2,2,Assembly,147,164,4,28,11.13,0,1141.01,1412.6,-17,0.027210884353741496,13.20754716981132,271.5899999999999
TXN-00285,20250729,3,4,Assembly,173,150,3,21,13.41,1,1351.94,1472.54,23,0.017341040462427744,12.900820283370619,120.59999999999991
TXN-00286,20251111,2,2,Quality,191,173,7,14,12.73,1,1378.97,1964.89,18,0.03664921465968586,15.003927729772192,585.9200000000001
TXN-00287,20260313,4,3,Dispatch,149,171,8,7,9.31,0,938.17,1281.74,-22,0.053691275167785234,16.004296455424274,343.57000000000005
TXN-00288,20260519,1,3,Packing,93,86,0,14,6.13,1,611.75,999.07,7,0.0,15.171288743882545,387.32000000000005
TXN-00289,20250117,1,4,Quality,76,77,0,2,5.63,1,476.13,755.16,-1,0.0,13.49911190053286,279.03
TXN-00290,20250319,1,2,Assembly,166,156,2,27,11.69,1,845.05,1582.15,10,0.012048192771084338,14.200171086398631,737.1000000000001
TXN-00291,20260212,5,4,Packing,217,174,4,8,15.68,1,1602.77,2658.89,43,0.018433179723502304,13.839285714285715,1056.12
TXN-00292,20250505,4,2,Quality,108,114,5,7,7.1,1,580.84,1358.13,-6,0.046296296296296294,15.211267605633804,777.2900000000001
TXN-00293,20250918,3,1,Dispatch,110,111,5,7,8.34,1,658.69,1179.0,-1,0.045454545454545456,13.189448441247002,520.31
TXN-00294,20250723,4,4,Assembly,162,158,6,47,13.45,0,1031.97,1934.52,4,0.037037037037037035,12.04460966542751,902.55
TXN-00295,20260423,1,1,Assembly,135,123,3,24,12.36,1,708.45,1448.06,12,0.022222222222222223,10.922330097087379,739.6099999999999
TXN-00296,20250421,3,3,Dispatch,152,137,1,3,12.14,1,760.5,1864.67,15,0.006578947368421052,12.520593080724876,1104.17
TXN-00297,20251005,2,2,Dispatch,111,129,3,11,6.74,0,556.11,1076.37,-18,0.02702702702702703,16.468842729970326,520.2599999999999
TXN-00298,20250810,3,4,Dispatch,155,165,5,46,12.96,0,1255.48,1684.42,-10,0.03225806451612903,11.959876543209877,428.94000000000005
TXN-00299,20250815,3,2,Packing,134,145,2,40,11.02,0,960.82,1234.4,-11,0.014925373134328358,12.159709618874773,273.58000000000004
TXN-00300,20250208,1,2,Dispatch,95,95,2,9,7.88,1,539.59,1013.34,0,0.021052631578947368,12.055837563451776,473.75
TXN-00301,20260129,3,3,Packing,129,133,2,8,10.18,1,654.7,1407.21,-4,0.015503875968992248,12.671905697445974,752.51
TXN-00302,20250820,2,4,Packing,135,125,5,6,10.21,1,714.86,1512.46,10,0.037037037037037035,13.222331047992164,797.6
TXN-00304,20250920,1,1,Quality,113,138,1,25,9.29,0,917.64,1073.42,-25,0.008849557522123894,12.163616792249732,155.7800000000001
TXN-00305,20250529,4,3,Dispatch,168,150,6,15,14.0,1,903.75,2079.53,18,0.03571428571428571,12.0,1175.7800000000002
TXN-00306,20250525,4,1,Quality,84,76,1,35,5.86,0,508.38,935.29,8,0.011904761904761904,14.334470989761092,426.90999999999997
TXN-00307,20250602,4,3,Dispatch,92,96,3,2,7.26,1,588.36,1135.77,-4,0.03260869565217391,12.672176308539946,547.41
TXN-00308,20250709,2,2,Dispatch,168,161,2,24,10.32,1,880.61,1578.34,7,0.011904761904761904,16.27906976744186,697.7299999999999
TXN-00309,20260517,3,3,Assembly,99,114,0,31,6.54,0,652.79,841.6,-15,0.0,15.137614678899082,188.81000000000006
TXN-00310,20250821,3,2,Assembly,80,96,3,21,6.44,0,525.41,766.36,-16,0.0375,12.422360248447204,240.95000000000005
TXN-00311,20250819,4,4,Assembly,150,158,3,36,10.97,0,1166.75,1331.98,-8,0.02,13.673655423883318,165.23000000000002
TXN-00312,20260110,2,3,Packing,131,136,6,33,8.63,1,734.02,1247.5,-5,0.04580152671755725,15.179606025492467,513.48
TXN-00313,20250525,2,2,Dispatch,154,150,4,13,13.35,1,964.84,1622.76,4,0.025974025974025976,11.535580524344569,657.92
TXN-00314,20250822,2,2,Dispatch,110,113,2,15,9.27,1,602.87,1058.12,-3,0.01818181818181818,11.86623516720604,455.2499999999999
TXN-00315,20260205,2,4,Quality,170,178,4,5,14.49,1,860.89,1600.35,-8,0.023529411764705882,11.732229123533472,739.4599999999999
TXN-00316,20250130,1,2,Dispatch,106,99,3,8,7.75,1,692.75,1311.39,7,0.02830188679245283,13.67741935483871,618.6400000000001
TXN-00317,20250304,1,2,Quality,157,158,1,11,13.39,1,841.33,1862.08,-1,0.006369426751592357,11.725168035847647,1020.7499999999999
TXN-00318,20250306,4,3,Dispatch,117,108,2,21,10.41,1,778.2,1449.93,9,0.017094017094017096,11.239193083573486,671.73
TXN-00319,20260106,3,4,Assembly,136,147,2,16,11.61,1,970.36,1586.33,-11,0.014705882352941176,11.714039621016365,615.9699999999999
TXN-00320,20260326,2,3,Quality,77,77,1,24,6.38,1,440.2,816.56,0,0.012987012987012988,12.068965517241379,376.35999999999996
TXN-00321,20250915,3,2,Dispatch,184,175,1,35,15.67,0,1127.84,2297.73,9,0.005434782608695652,11.742182514358648,1169.89
TXN-00323,20250514,3,2,Packing,147,128,6,24,11.94,1,877.96,1313.98,19,0.04081632653061224,12.311557788944723,436.02
TXN-00324,20250828,4,3,Packing,88,101,1,3,7.98,0,654.86,867.44,-13,0.011363636363636364,11.027568922305765,212.58000000000004
TXN-00325,20250622,2,2,Assembly,100,103,3,16,7.76,1,574.24,1051.34,-3,0.03,12.88659793814433,477.0999999999999
TXN-00326,20260315,3,2,Assembly,153,159,3,17,12.34,1,1122.49,1460.59,-6,0.0196078431372549,12.39870340356564,338.0999999999999
TXN-00327,20260328,1,1,Dispatch,79,73,3,14,6.61,1,439.96,872.2,6,0.0379746835443038,11.951588502269288,432.24000000000007
TXN-00328,20251021,2,2,Packing,81,88,5,43,7.09,0,671.8,801.46,-7,0.06172839506172839,11.42454160789845,129.66000000000008
TXN-00329,20260522,2,2,Packing,110,87,2,2,8.8,1,627.44,1245.64,23,0.01818181818181818,12.499999999999998,618.2
TXN-00330,20260214,3,3,Assembly,122,159,1,67,8.82,0,769.97,1210.36,-37,0.00819672131147541,13.83219954648526,440.3899999999999
TXN-00331,20251215,2,2,Quality,96,95,3,3,6.55,1,546.73,1062.95,1,0.03125,14.65648854961832,516.22
TXN-00332,20260328,2,3,Assembly,103,100,3,21,7.99,1,775.53,961.88,3,0.02912621359223301,12.891113892365457,186.35000000000002
TXN-00333,20250917,4,3,Packing,138,145,3,9,11.84,1,870.17,1179.84,-7,0.021739130434782608,11.655405405405405,309.66999999999996
TXN-00334,20250908,2,1,Quality,113,98,5,5,8.32,1,606.25,1006.33,15,0.04424778761061947,13.581730769230768,400.08000000000004
TXN-00335,20250530,4,3,Dispatch,162,136,4,15,13.99,1,1122.5,1938.04,26,0.024691358024691357,11.579699785561115,815.54
TXN-00336,20260317,2,2,Assembly,122,107,0,16,9.88,1,885.82,1443.79,15,0.0,12.348178137651821,557.9699999999999
TXN-00337,20260421,4,4,Quality,86,73,2,8,6.13,1,659.9,998.0,13,0.023255813953488372,14.029363784665579,338.1
TXN-00338,20250922,4,3,Quality,145,132,3,15,9.85,1,1040.77,1276.39,13,0.020689655172413793,14.720812182741117,235.62000000000012
TXN-00339,20251010,3,4,Quality,95,125,2,12,5.82,0,595.03,1197.35,-30,0.021052631578947368,16.323024054982817,602.3199999999999
TXN-00340,20250110,1,1,Assembly,113,119,4,30,8.11,1,919.36,1435.49,-6,0.035398230088495575,13.933415536374847,516.13
TXN-00341,20251216,4,3,Quality,116,122,1,19,8.23,1,620.95,1468.3,-6,0.008620689655172414,14.094775212636694,847.3499999999999
TXN-00342,20250706,1,1,Quality,73,85,3,2,5.9,0,530.71,630.59,-12,0.0410958904109589,12.372881355932202,99.88
TXN-00343,20260517,3,1,Assembly,170,135,3,21,12.63,1,864.17,2130.33,35,0.01764705882352941,13.460015835312747,1266.1599999999999
TXN-00344,20260118,3,1,Packing,112,107,2,9,8.02,1,831.44,1043.36,5,0.017857142857142856,13.965087281795512,211.91999999999985
TXN-00345,20260103,2,3,Packing,162,156,4,19,13.97,1,1080.62,1628.76,6,0.024691358024691357,11.596277738010022,548.1400000000001
TXN-00346,20260326,3,1,Dispatch,90,70,2,1,6.57,1,661.32,1143.24,20,0.022222222222222223,13.698630136986301,481.91999999999996
TXN-00347,20260112,4,4,Quality,99,89,1,1,6.35,1,743.08,1070.69,10,0.010101010101010102,15.590551181102363,327.61
TXN-00349,20250321,1,1,Assembly,187,175,3,19,15.78,1,949.7,1852.15,12,0.016042780748663103,11.85044359949303,902.45
TXN-00350,20250415,4,1,Quality,204,174,3,17,16.8,1,1037.99,2170.3,30,0.014705882352941176,12.142857142857142,1132.3100000000002
TXN-00351,20250718,3,1,Assembly,225,168,3,16,17.08,1,1188.14,2231.6,57,0.013333333333333334,13.173302107728338,1043.4599999999998
TXN-00352,20260510,3,2,Quality,140,142,1,1,11.21,1,830.34,1295.13,-2,0.007142857142857143,12.488849241748438,464.7900000000001
TXN-00353,20260217,2,3,Assembly,98,81,4,16,5.51,1,579.06,1048.98,17,0.04081632653061224,17.78584392014519,469.9200000000001
TXN-00354,20250916,2,1,Quality,144,145,6,16,10.35,1,800.72,1572.53,-1,0.041666666666666664,13.91304347826087,771.81
TXN-00355,20250606,4,3,Dispatch,146,154,3,19,11.56,1,1042.67,1701.3,-8,0.02054794520547945,12.629757785467127,658.6299999999999
TXN-00356,20250325,3,4,Quality,103,94,2,13,7.66,1,705.42,1281.26,9,0.019417475728155338,13.446475195822455,575.84
TXN-00357,20250605,4,1,Assembly,130,124,2,12,9.7,1,858.14,1530.81,6,0.015384615384615385,13.402061855670103,672.67
TXN-00358,20250921,4,3,Quality,123,137,1,16,10.4,0,753.17,1268.52,-14,0.008130081300813009,11.826923076923077,515.35
TXN-00359,20260225,3,2,Assembly,149,139,1,57,11.63,0,934.15,1889.82,10,0.006711409395973154,12.811693895098882,955.67
TXN-00360,20250214,2,2,Packing,127,137,3,12,8.97,1,897.31,1104.35,-10,0.023622047244094488,14.158305462653288,207.03999999999996
TXN-00361,20250810,2,4,Dispatch,154,130,3,6,10.54,1,803.7,1364.18,24,0.01948051948051948,14.611005692599623,560.48
TXN-00362,20250614,2,2,Packing,120,105,5,7,8.94,1,802.89,1295.39,15,0.041666666666666664,13.422818791946309,492.5000000000001
TXN-00363,20250719,4,3,Dispatch,69,71,3,12,5.23,1,475.47,666.27,-2,0.043478260869565216,13.193116634799233,190.79999999999995
TXN-00364,20260412,2,4,Assembly,231,165,7,38,17.53,0,1312.19,2417.52,66,0.030303030303030304,13.177410154021675,1105.33
TXN-00365,20250715,4,3,Packing,91,142,3,12,6.69,0,615.99,1092.84,-51,0.03296703296703297,13.602391629297458,476.8499999999999
TXN-00366,20260211,4,4,Packing,154,135,5,13,14.42,1,1100.19,1524.45,19,0.032467532467532464,10.679611650485437,424.26
TXN-00367,20250115,2,3,Assembly,128,133,4,25,10.71,1,711.67,1302.54,-5,0.03125,11.951447245564891,590.87
TXN-00368,20250520,2,1,Quality,122,124,3,15,11.55,1,651.93,1380.44,-2,0.02459016393442623,10.562770562770561,728.5100000000001
TXN-00369,20250706,4,2,Assembly,123,121,1,21,9.63,1,644.22,1276.64,2,0.008130081300813009,12.77258566978193,632.4200000000001
TXN-00370,20250127,3,2,Assembly,132,142,4,19,11.03,1,751.54,1680.84,-10,0.030303030303030304,11.967361740707164,929.3
TXN-00371,20250524,4,3,Dispatch,143,124,3,12,10.77,1,928.46,1645.6,19,0.02097902097902098,13.277623026926648,717.1399999999999
TXN-00372,20250328,1,3,Packing,184,169,3,10,13.23,1,1023.45,2342.77,15,0.016304347826086956,13.907785336356765,1319.32
TXN-00373,20251003,4,1,Dispatch,118,155,4,9,8.3,0,730.61,1405.71,-37,0.03389830508474576,14.216867469879517,675.1
TXN-00374,20251202,3,4,Packing,173,167,1,2,12.35,1,910.46,2050.91,6,0.005780346820809248,14.008097165991904,1140.4499999999998
TXN-00375,20250105,2,4,Dispatch,153,150,4,15,11.76,1,846.38,1485.52,3,0.026143790849673203,13.010204081632653,639.14
TXN-00376,20251117,3,2,Assembly,131,130,2,47,9.62,0,954.33,1669.3,1,0.015267175572519083,13.617463617463619,714.9699999999999
TXN-00377,20250710,1,3,Quality,103,108,3,14,6.82,1,756.81,888.9,-5,0.02912621359223301,15.102639296187682,132.09000000000003
TXN-00378,20251009,4,3,Dispatch,100,113,0,8,7.69,0,757.65,953.32,-13,0.0,13.003901170351105,195.67000000000007
TXN-00379,20251105,4,3,Packing,102,109,2,31,6.45,1,835.24,1303.85,-7,0.0196078431372549,15.813953488372093,468.6099999999999
TXN-00380,20251104,1,4,Dispatch,157,167,6,36,12.63,0,972.99,1364.34,-10,0.03821656050955414,12.430720506730006,391.3499999999999
TXN-00381,20250813,1,2,Quality,125,148,3,18,8.19,0,664.59,1231.9,-23,0.024,15.262515262515263,567.3100000000001
TXN-00382,20260104,2,2,Packing,130,116,3,4,9.29,1,832.09,1170.42,14,0.023076923076923078,13.993541442411196,338.33000000000004
TXN-00383,20250213,1,2,Dispatch,155,149,2,6,12.76,1,1100.65,1792.72,6,0.012903225806451613,12.147335423197493,692.0699999999999
TXN-00384,20251112,5,2,Assembly,113,117,3,33,9.38,1,623.11,1167.05,-4,0.02654867256637168,12.04690831556503,543.9399999999999
TXN-00385,20250413,2,4,Packing,143,119,4,4,12.77,1,848.38,1557.59,24,0.027972027972027972,11.198120595144871,709.2099999999999
TXN-00386,20250227,1,3,Dispatch,123,110,5,3,7.7,1,606.33,1378.04,13,0.04065040650406504,15.974025974025974,771.7099999999999
TXN-00387,20250215,1,1,Packing,92,99,1,11,7.56,1,475.91,910.73,-7,0.010869565217391304,12.16931216931217,434.82
TXN-00388,20250529,1,4,Quality,116,178,3,21,9.74,0,638.63,1243.49,-62,0.02586206896551724,11.90965092402464,604.86
TXN-00389,20250603,4,1,Quality,166,145,2,9,11.7,1,1068.67,1683.35,21,0.012048192771084338,14.18803418803419,614.6799999999998
TXN-00390,20260416,3,1,Quality,165,171,4,14,13.22,1,1048.7,1451.85,-6,0.024242424242424242,12.48108925869894,403.14999999999986
TXN-00391,20250120,3,2,Packing,162,146,2,27,12.23,1,1178.9,1384.49,16,0.012345679012345678,13.246116107931316,205.58999999999992
TXN-00392,20250731,1,2,Quality,160,167,3,6,12.74,1,796.16,1432.14,-7,0.01875,12.558869701726845,635.9800000000001
TXN-00393,20250216,4,2,Quality,130,108,3,14,7.88,1,741.6,1174.47,22,0.023076923076923078,16.497461928934012,432.87
TXN-00394,20251021,1,1,Dispatch,113,124,2,11,7.78,1,575.85,978.73,-11,0.017699115044247787,14.524421593830334,402.88
TXN-00395,20250706,5,1,Packing,134,143,3,9,8.94,1,928.84,1358.73,-9,0.022388059701492536,14.988814317673379,429.89
TXN-00396,20260520,3,3,Packing,119,92,1,25,7.97,1,646.69,1320.86,27,0.008403361344537815,14.93099121706399,674.1699999999998
TXN-00397,20250714,4,1,Packing,132,136,6,29,10.46,1,969.32,1310.15,-4,0.045454545454545456,12.619502868068833,340.83000000000004
TXN-00398,20260101,2,2,Assembly,121,123,3,34,8.56,1,971.33,1289.02,-2,0.024793388429752067,14.135514018691588,317.68999999999994
TXN-00399,20260524,1,2,Packing,159,150,4,6,11.69,1,804.09,1926.06,9,0.025157232704402517,13.601368691189052,1121.9699999999998
TXN-00400,20250329,4,3,Packing,162,142,5,6,13.39,1,937.08,1728.81,20,0.030864197530864196,12.098581030619865,791.7299999999999
TXN-00401,20250213,4,1,Dispatch,93,97,2,18,7.03,1,535.55,1130.48,-4,0.021505376344086023,13.229018492176387,594.9300000000001
TXN-00402,20260217,4,3,Quality,163,171,1,17,12.43,1,1141.32,1629.08,-8,0.006134969325153374,13.113435237329043,487.76
TXN-00403,20250402,3,2,Assembly,158,137,1,41,11.47,0,1112.88,1603.33,21,0.006329113924050633,13.775065387968613,490.4499999999998
TXN-00405,20250628,2,3,Dispatch,80,84,1,5,5.48,1,557.86,948.77,-4,0.0125,14.5985401459854,390.90999999999997
TXN-00406,20251201,3,4,Packing,97,80,2,6,7.11,1,670.73,853.11,17,0.020618556701030927,13.642756680731363,182.38
TXN-00407,20250509,4,4,Packing,116,113,2,2,9.66,1,587.27,1397.82,3,0.017241379310344827,12.008281573498964,810.55
TXN-00408,20251017,1,2,Packing,141,138,3,9,10.83,1,1090.52,1247.7,3,0.02127659574468085,13.01939058171745,157.18000000000006
TXN-00409,20250204,4,2,Quality,81,72,2,5,5.37,1,424.04,730.94,9,0.024691358024691357,15.083798882681563,306.90000000000003
TXN-00410,20250605,1,2,Packing,151,136,2,13,9.41,1,789.48,1679.28,15,0.013245033112582781,16.046758767268862,889.8
TXN-00411,20251116,1,3,Packing,80,84,0,12,7.46,1,504.04,753.51,-4,0.0,10.723860589812332,249.46999999999997
TXN-00412,20260409,4,3,Quality,151,154,5,12,11.26,1,1150.12,1577.23,-3,0.033112582781456956,13.410301953818829,427.1100000000001
TXN-00413,20250809,4,2,Assembly,150,134,3,20,11.26,1,908.7,1312.64,16,0.02,13.321492007104796,403.94000000000005
TXN-00414,20250206,2,2,Dispatch,86,80,3,20,5.92,1,554.61,845.74,6,0.03488372093023256,14.527027027027028,291.13
TXN-00415,20250319,2,2,Assembly,178,128,4,19,12.88,1,1091.56,2200.86,50,0.02247191011235955,13.819875776397515,1109.3000000000002
TXN-00416,20251231,3,2,Assembly,139,152,1,15,9.99,1,806.83,1362.7,-13,0.007194244604316547,13.913913913913914,555.87
TXN-00417,20250814,2,2,Packing,193,165,5,10,14.37,1,1148.57,1792.09,28,0.025906735751295335,13.430758524704245,643.52
TXN-00418,20250620,2,1,Assembly,130,119,1,37,9.58,0,778.71,1124.41,11,0.007692307692307693,13.569937369519833,345.70000000000005
TXN-00419,20250320,4,2,Quality,165,157,2,5,11.15,1,1216.39,1739.22,8,0.012121212121212121,14.798206278026905,522.8299999999999
TXN-00420,20260321,1,1,Dispatch,129,138,2,26,10.08,1,815.69,1351.45,-9,0.015503875968992248,12.797619047619047,535.76
TXN-00421,20250531,1,1,Dispatch,175,178,2,26,13.16,1,1080.8,2181.53,-3,0.011428571428571429,13.297872340425531,1100.7300000000002
TXN-00422,20260302,2,1,Assembly,89,94,5,29,6.09,1,531.6,1022.0,-5,0.056179775280898875,14.614121510673234,490.4
TXN-00423,20250521,1,2,Packing,106,124,2,1,7.33,0,582.9,1324.46,-18,0.018867924528301886,14.461118690313779,741.5600000000001
TXN-00424,20260523,1,4,Assembly,160,154,2,30,11.38,1,816.92,2000.73,6,0.0125,14.0597539543058,1183.81
TXN-00425,20260315,1,3,Quality,173,150,6,13,13.13,1,886.38,1795.62,23,0.03468208092485549,13.175932977913176,909.2399999999999
TXN-00426,20260312,3,2,Dispatch,128,103,1,1,9.1,1,896.35,1511.17,25,0.0078125,14.065934065934066,614.82
TXN-00427,20250602,4,3,Dispatch,52,71,0,18,5.24,0,279.85,449.58,-19,0.0,9.923664122137405,169.72999999999996
TXN-00428,20250608,4,1,Assembly,76,96,0,14,5.12,0,462.87,772.19,-20,0.0,14.84375,309.32000000000005
TXN-00429,20250401,3,1,Quality,101,100,1,16,7.13,1,611.41,901.45,1,0.009900990099009901,14.165497896213184,290.0400000000001
TXN-00430,20250701,2,4,Packing,87,99,3,8,7.55,0,571.53,1082.52,-12,0.034482758620689655,11.523178807947021,510.99
TXN-00431,20250617,1,2,Assembly,102,116,3,10,6.8,0,654.51,1074.1,-14,0.029411764705882353,15.0,419.5899999999999
TXN-00432,20250811,2,4,Dispatch,150,145,3,5,10.58,1,849.56,1383.1,5,0.02,14.177693761814744,533.54
TXN-00433,20251006,4,3,Quality,103,118,4,22,7.6,0,643.23,973.58,-15,0.038834951456310676,13.55263157894737,330.35
TXN-00434,20260428,1,2,Assembly,80,75,1,18,6.53,1,526.65,925.57,5,0.0125,12.25114854517611,398.9200000000001
TXN-00435,20251004,4,4,Quality,102,140,2,7,8.08,0,712.03,1264.48,-38,0.0196078431372549,12.623762376237623,552.45
TXN-00436,20260120,1,2,Packing,95,97,0,16,8.21,1,729.03,1180.21,-2,0.0,11.571254567600485,451.18000000000006
TXN-00437,20250820,4,2,Packing,127,115,2,20,10.16,1,838.67,1290.1,12,0.015748031496062992,12.5,451.42999999999995
TXN-00438,20250215,3,1,Dispatch,114,110,3,13,9.35,1,727.91,1248.27,4,0.02631578947368421,12.192513368983958,520.36
TXN-00439,20250223,2,3,Packing,88,86,2,26,7.13,1,489.27,872.5,2,0.022727272727272728,12.342215988779804,383.23
TXN-00440,20250226,3,4,Dispatch,127,117,3,16,9.04,1,911.9,1539.11,10,0.023622047244094488,14.048672566371684,627.2099999999999
TXN-00441,20250802,1,2,Dispatch,103,124,2,3,8.16,0,552.47,892.91,-21,0.019417475728155338,12.622549019607844,340.43999999999994
TXN-00442,20251217,4,2,Quality,168,170,1,3,12.79,1,910.37,1915.62,-2,0.005952380952380952,13.135261923377639,1005.2499999999999
TXN-00443,20251219,4,3,Packing,113,93,2,11,7.51,1,707.12,1405.13,20,0.017699115044247787,15.046604527296937,698.0100000000001
TXN-00444,20250607,3,1,Quality,139,144,0,4,10.8,1,850.56,1236.8,-5,0.0,12.87037037037037,386.24
TXN-00445,20260111,3,4,Dispatch,104,121,3,51,6.91,0,611.57,889.0,-17,0.028846153846153848,15.050651230101302,277.42999999999995
TXN-00446,20251227,3,4,Assembly,88,76,4,19,8.52,1,585.37,985.7,12,0.045454545454545456,10.328638497652582,400.33000000000004
TXN-00447,20250106,3,1,Quality,180,155,3,10,14.71,1,1109.39,2278.13,25,0.016666666666666666,12.236573759347381,1168.74
TXN-00448,20250619,4,2,Dispatch,113,101,1,29,7.93,1,661.21,1313.23,12,0.008849557522123894,14.249684741488021,652.02
TXN-00449,20260414,4,1,Quality,152,120,2,39,10.66,0,999.19,1777.56,32,0.013157894736842105,14.25891181988743,778.3699999999999
TXN-00450,20250319,1,2,Packing,168,130,3,17,11.42,1,1310.86,2132.24,38,0.017857142857142856,14.711033274956216,821.3799999999999
TXN-00451,20250818,4,3,Dispatch,79,71,0,5,4.6,1,416.29,923.4,8,0.0,17.17391304347826,507.10999999999996
TXN-00452,20250701,4,4,Packing,87,98,2,12,6.22,0,500.0,840.61,-11,0.022988505747126436,13.987138263665596,340.61
TXN-00453,20260111,1,2,Assembly,222,170,4,31,16.86,1,1529.89,2400.67,52,0.018018018018018018,13.167259786476869,870.78
TXN-00454,20250627,3,4,Dispatch,112,138,2,6,9.21,0,593.8,1065.33,-26,0.017857142857142856,12.160694896851247,471.53
TXN-00455,20250217,4,4,Packing,174,165,3,9,13.42,1,1113.01,1714.53,9,0.017241379310344827,12.965722801788376,601.52
TXN-00456,20250511,1,2,Assembly,148,177,2,27,11.22,0,1170.89,1518.4,-29,0.013513513513513514,13.19073083778966,347.51
TXN-00457,20260517,4,2,Dispatch,179,152,1,14,13.73,1,1049.8,1957.39,27,0.00558659217877095,13.03714493809177,907.5900000000001
TXN-00458,20250325,1,1,Quality,186,147,7,7,13.81,1,1356.14,2270.82,39,0.03763440860215054,13.468501086169441,914.6800000000001
TXN-00459,20260222,3,3,Assembly,147,127,3,15,10.6,1,843.3,1463.37,20,0.02040816326530612,13.867924528301888,620.0699999999999
TXN-00460,20250829,2,1,Packing,69,78,2,7,4.48,0,471.35,671.44,-9,0.028985507246376812,15.401785714285714,200.09000000000003
TXN-00461,20250603,1,3,Quality,111,121,1,4,7.78,1,649.37,1036.15,-10,0.009009009009009009,14.267352185089974,386.7800000000001
TXN-00462,20260128,2,3,Packing,150,146,2,21,11.52,1,1011.12,1410.3,4,0.013333333333333334,13.020833333333334,399.17999999999995
TXN-00463,20250209,3,3,Packing,108,119,1,8,6.56,1,549.75,928.66,-11,0.009259259259259259,16.463414634146343,378.90999999999997
TXN-00464,20260314,1,1,Packing,170,132,5,17,13.05,1,1158.98,2020.04,38,0.029411764705882353,13.026819923371647,861.06
TXN-00465,20260517,4,4,Dispatch,130,156,4,5,10.91,0,894.58,1352.81,-26,0.03076923076923077,11.915673693858844,458.2299999999999
TXN-00466,20251006,4,2,Dispatch,80,119,2,33,5.77,0,591.75,1021.03,-39,0.025,13.864818024263432,429.28
TXN-00467,20260106,2,2,Assembly,66,72,3,19,6.08,1,527.74,795.65,-6,0.045454545454545456,10.855263157894736,267.90999999999997
TXN-00468,20250522,2,4,Dispatch,68,99,3,27,4.79,0,535.72,781.0,-31,0.04411764705882353,14.19624217118998,245.27999999999997
TXN-00469,20260220,3,3,Assembly,93,107,0,18,6.73,0,522.71,918.27,-14,0.0,13.818722139673104,395.55999999999995
TXN-00470,20251022,4,2,Packing,124,151,3,17,7.73,0,975.41,1151.24,-27,0.024193548387096774,16.041397153945667,175.83000000000004
TXN-00471,20250103,4,1,Assembly,164,153,3,29,9.84,1,1246.63,1601.18,11,0.018292682926829267,16.666666666666668,354.54999999999995
TXN-00472,20250531,3,3,Packing,122,95,0,28,8.93,1,900.63,1554.56,27,0.0,13.661814109742442,653.93
TXN-00473,20250905,4,3,Packing,167,179,5,11,12.4,1,1030.44,2127.17,-12,0.029940119760479042,13.46774193548387,1096.73
TXN-00474,20251124,3,3,Packing,87,78,2,27,7.38,1,511.67,941.57,9,0.022988505747126436,11.788617886178862,429.90000000000003
TXN-00476,20260225,1,2,Assembly,126,123,5,17,9.15,1,956.43,1178.2,3,0.03968253968253968,13.770491803278688,221.7700000000001
TXN-00477,20250124,3,1,Assembly,146,161,1,32,10.57,1,1048.96,1304.67,-15,0.00684931506849315,13.81267738883633,255.71000000000004
TXN-00478,20250118,3,1,Assembly,76,85,1,16,3.64,0,612.37,773.0,-9,0.013157894736842105,20.87912087912088,160.63
TXN-00480,20251130,1,3,Assembly,118,121,3,19,9.27,1,871.43,1107.31,-3,0.025423728813559324,12.72923408845739,235.88
TXN-00481,20250824,2,4,Quality,121,171,3,4,8.27,0,666.11,1091.61,-50,0.024793388429752067,14.631197097944378,425.4999999999999
TXN-00482,20250917,2,2,Dispatch,114,153,2,18,6.84,0,856.32,1116.32,-39,0.017543859649122806,16.666666666666668,259.9999999999999
TXN-00483,20260526,1,3,Dispatch,169,142,5,29,12.91,1,1269.23,1472.4,27,0.029585798816568046,13.090627420604182,203.17000000000007
TXN-00484,20250623,4,1,Assembly,122,117,4,43,8.89,0,734.83,1394.53,5,0.03278688524590164,13.72328458942632,659.6999999999999
TXN-00485,20251118,1,3,Dispatch,179,179,2,14,14.86,1,1372.75,1535.71,0,0.0111731843575419,12.045760430686407,162.96000000000004
TXN-00486,20250513,5,4,Assembly,82,71,3,35,6.69,0,669.99,894.39,11,0.036585365853658534,12.25710014947683,224.39999999999998
TXN-00487,20260511,3,4,Dispatch,181,164,3,13,12.53,1,1048.38,2217.39,17,0.016574585635359115,14.445331205107742,1169.0099999999998
TXN-00488,20250117,4,2,Dispatch,140,143,6,6,10.89,1,939.03,1499.49,-3,0.04285714285714286,12.855831037649219,560.46
TXN-00489,20260208,3,4,Dispatch,107,101,0,16,7.76,1,799.26,1189.23,6,0.0,13.788659793814434,389.97
TXN-00490,20260426,1,3,Dispatch,102,89,2,3,10.68,1,498.49,1207.34,13,0.0196078431372549,9.55056179775281,708.8499999999999
TXN-00491,20250108,4,2,Assembly,112,124,0,22,7.94,1,788.58,1196.32,-12,0.0,14.105793450881611,407.7399999999999
TXN-00492,20250211,2,2,Quality,140,154,5,14,10.16,1,1047.36,1511.35,-14,0.03571428571428571,13.779527559055119,463.99
TXN-00493,20250101,1,2,Quality,106,92,0,4,8.24,1,792.32,943.22,14,0.0,12.864077669902912,150.89999999999998
TXN-00494,20250511,2,3,Packing,178,148,3,31,14.86,1,904.04,2026.98,30,0.016853932584269662,11.978465679676985,1122.94
TXN-00495,20250505,3,2,Packing,163,172,0,8,11.27,1,860.61,1911.59,-9,0.0,14.463176574977817,1050.98
TXN-00496,20250418,2,3,Dispatch,99,93,0,20,6.5,1,622.05,1028.64,6,0.0,15.23076923076923,406.59000000000015
TXN-00497,20250601,2,1,Packing,91,105,2,13,7.62,0,544.51,787.92,-14,0.02197802197802198,11.94225721784777,243.40999999999997
TXN-00498,20250627,1,2,Packing,87,82,1,6,5.49,1,588.54,1012.25,5,0.011494252873563218,15.846994535519125,423.71000000000004
TXN-00499,20250724,2,4,Assembly,111,130,4,22,7.29,0,728.27,1277.0,-19,0.036036036036036036,15.22633744855967,548.73
TXN-00500,20260512,4,2,Packing,179,149,2,2,12.02,1,1348.96,1832.18,30,0.0111731843575419,14.891846921797006,483.22
TXN-00501,20260309,2,1,Packing,93,79,2,15,7.3,1,503.43,891.1,14,0.021505376344086023,12.73972602739726,387.67
TXN-00502,20251215,3,3,Dispatch,102,123,0,38,7.56,0,799.78,1047.58,-21,0.0,13.492063492063492,247.79999999999995
TXN-00503,20251018,3,4,Packing,129,143,1,40,10.01,0,726.11,1146.11,-14,0.007751937984496124,12.887112887112888,419.9999999999999
TXN-00504,20250301,2,3,Dispatch,201,164,2,8,16.92,1,1457.6,2066.12,37,0.009950248756218905,11.879432624113473,608.52
TXN-00505,20250911,4,2,Packing,109,105,2,6,9.8,1,644.55,929.18,4,0.01834862385321101,11.122448979591836,284.63
TXN-00506,20250520,2,1,Packing,82,98,1,13,6.22,0,496.81,1005.45,-16,0.012195121951219513,13.183279742765274,508.64000000000004
TXN-00507,20260129,4,2,Quality,81,82,1,14,6.64,1,582.94,751.29,-1,0.012345679012345678,12.198795180722891,168.3499999999999
TXN-00508,20251101,2,4,Quality,115,135,3,10,9.67,0,793.65,1305.05,-20,0.02608695652173913,11.892450879007239,511.4
TXN-00509,20251108,4,1,Assembly,150,153,2,19,12.63,1,1146.0,1561.41,-3,0.013333333333333334,11.87648456057007,415.4100000000001
TXN-00510,20250112,1,4,Packing,122,142,0,31,9.83,0,637.38,1330.35,-20,0.0,12.410986775178026,692.9699999999999
TXN-00511,20250108,2,3,Assembly,154,160,2,17,11.77,1,1033.91,1551.57,-6,0.012987012987012988,13.08411214953271,517.6599999999999
TXN-00512,20251104,2,1,Assembly,165,163,3,26,11.91,1,1028.26,2071.58,2,0.01818181818181818,13.853904282115868,1043.32
TXN-00513,20250917,4,2,Assembly,145,166,1,18,9.83,0,873.64,1373.04,-21,0.006896551724137931,14.750762970498474,499.4
TXN-00514,20250525,4,2,Assembly,167,161,4,23,13.8,1,1015.74,1680.11,6,0.023952095808383235,12.101449275362318,664.3699999999999
TXN-00515,20260516,2,3,Assembly,147,154,3,17,13.22,1,1131.9,1519.02,-7,0.02040816326530612,11.119515885022693,387.1199999999999
TXN-00516,20250519,1,2,Assembly,150,140,2,19,11.27,1,1047.36,1536.96,10,0.013333333333333334,13.309671694764862,489.60000000000014
TXN-00517,20250703,3,3,Quality,89,107,1,14,6.88,0,697.7,1114.12,-18,0.011235955056179775,12.936046511627907,416.41999999999985
TXN-00518,20250627,4,1,Assembly,107,117,4,34,6.83,1,815.11,1246.5,-10,0.037383177570093455,15.666178623718887,431.39
TXN-00519,20260206,4,4,Dispatch,164,146,3,4,13.37,1,1033.46,1886.23,18,0.018292682926829267,12.266267763649964,852.77
TXN-00520,20250801,4,1,Packing,75,99,0,10,4.65,0,558.45,942.41,-24,0.0,16.129032258064516,383.9599999999999
TXN-00521,20250401,1,1,Assembly,135,122,3,28,10.52,1,915.37,1519.48,13,0.022222222222222223,12.832699619771864,604.11
TXN-00522,20250205,1,4,Assembly,163,158,3,25,11.87,1,1186.98,1570.67,5,0.018404907975460124,13.732097725358047,383.69000000000005
TXN-00523,20250809,1,2,Quality,140,124,1,18,13.05,1,854.47,1726.87,16,0.007142857142857143,10.727969348659004,872.3999999999999
TXN-00524,20250301,4,1,Quality,63,74,1,2,5.18,0,375.29,685.26,-11,0.015873015873015872,12.162162162162163,309.96999999999997
TXN-00525,20250625,1,3,Packing,87,70,1,16,5.62,1,641.17,979.64,17,0.011494252873563218,15.480427046263346,338.47
TXN-00526,20260530,3,3,Assembly,111,109,1,18,9.21,1,700.39,1015.31,2,0.009009009009009009,12.052117263843646,314.91999999999996
TXN-00527,20250529,4,1,Quality,195,166,6,15,15.09,1,1019.59,2002.59,29,0.03076923076923077,12.922465208747514,982.9999999999999
TXN-00528,20250401,3,2,Assembly,86,76,0,13,6.72,1,516.29,1090.19,10,0.0,12.797619047619047,573.9000000000001
TXN-00529,20250918,4,2,Dispatch,160,155,2,3,14.56,1,1035.86,1944.15,5,0.0125,10.989010989010989,908.2900000000002
TXN-00530,20250412,3,1,Assembly,81,72,0,34,4.89,1,575.13,741.96,9,0.0,16.564417177914113,166.83000000000004
TXN-00531,20250609,2,2,Dispatch,129,125,1,8,8.98,1,906.94,1099.05,4,0.007751937984496124,14.365256124721602,192.1099999999999
TXN-00532,20251202,4,2,Quality,116,130,4,60,8.76,0,739.13,1461.29,-14,0.034482758620689655,13.242009132420092,722.16
TXN-00533,20250225,1,3,Assembly,97,88,2,25,5.43,1,610.13,1185.37,9,0.020618556701030927,17.863720073664826,575.2399999999999
TXN-00534,20250524,4,3,Packing,219,176,5,3,18.36,1,1599.04,2008.01,43,0.0228310502283105,11.928104575163399,408.97
TXN-00535,20250714,4,3,Dispatch,178,170,6,20,13.7,1,1208.3,1691.98,8,0.033707865168539325,12.992700729927009,483.68000000000006
TXN-00536,20250807,2,1,Dispatch,79,85,4,1,5.56,1,452.4,905.77,-6,0.05063291139240506,14.208633093525181,453.37
TXN-00537,20260220,1,4,Assembly,97,93,2,12,8.25,1,738.96,1102.02,4,0.020618556701030927,11.757575757575758,363.05999999999995
TXN-00538,20250709,2,3,Assembly,47,73,3,36,3.63,0,403.57,578.13,-26,0.06382978723404255,12.947658402203857,174.56
TXN-00539,20250619,2,4,Quality,98,112,3,35,6.64,0,699.2,1182.96,-14,0.030612244897959183,14.759036144578314,483.76
TXN-00540,20250920,3,4,Assembly,112,151,3,20,7.22,0,860.37,1293.59,-39,0.026785714285714284,15.51246537396122,433.2199999999999
TXN-00541,20251107,4,1,Dispatch,152,152,2,5,11.05,1,1134.59,1922.36,0,0.013157894736842105,13.755656108597284,787.77
TXN-00542,20250708,3,4,Packing,79,91,3,20,6.51,0,437.15,762.38,-12,0.0379746835443038,12.135176651305684,325.23
TXN-00543,20250106,4,4,Quality,188,143,1,16,14.39,1,1347.57,1909.4,45,0.005319148936170213,13.064628214037526,561.8300000000002
TXN-00544,20251116,3,1,Assembly,65,91,1,21,5.83,0,462.76,660.95,-26,0.015384615384615385,11.149228130360205,198.19000000000005
TXN-00545,20250215,2,3,Quality,189,169,9,2,15.96,1,997.38,1842.3,20,0.047619047619047616,11.842105263157894,844.92
TXN-00547,20251106,4,1,Quality,148,139,2,8,10.2,1,866.22,1556.63,9,0.013513513513513514,14.50980392156863,690.4100000000001
TXN-00548,20250324,2,1,Packing,96,81,3,21,6.81,1,748.33,1118.19,15,0.03125,14.096916299559473,369.86
TXN-00549,20250918,4,3,Assembly,102,146,4,26,4.8,0,568.9,964.77,-44,0.0392156862745098,21.25,395.87
TXN-00550,20250413,3,2,Dispatch,185,162,5,16,13.1,1,936.64,2216.58,23,0.02702702702702703,14.122137404580153,1279.94
TXN-00551,20250402,1,1,Packing,93,79,1,1,7.47,1,503.83,1063.75,14,0.010752688172043012,12.449799196787149,559.9200000000001
TXN-00552,20260520,4,3,Packing,191,172,4,3,13.55,1,954.73,1691.84,19,0.020942408376963352,14.095940959409594,737.1099999999999
TXN-00553,20260125,4,1,Assembly,165,150,7,16,13.24,1,983.21,1667.46,15,0.04242424242424243,12.462235649546827,684.25
TXN-00554,20251212,4,2,Packing,168,179,6,5,12.23,1,1094.47,1458.51,-11,0.03571428571428571,13.73671300081766,364.03999999999996
TXN-00555,20251126,3,4,Packing,101,114,0,2,9.76,0,755.33,1032.84,-13,0.0,10.348360655737705,277.5099999999999
TXN-00556,20250601,1,1,Quality,139,114,8,0,9.94,1,1040.22,1458.85,25,0.05755395683453238,13.98390342052314,418.6299999999999
TXN-00557,20250329,1,4,Packing,178,171,3,4,13.07,1,1157.95,1521.76,7,0.016853932584269662,13.618974751338945,363.80999999999995
TXN-00558,20250624,3,2,Quality,120,101,3,11,7.97,1,884.84,1045.05,19,0.025,15.0564617314931,160.20999999999992
TXN-00559,20260503,4,3,Quality,165,151,1,13,14.14,1,1046.7,1692.65,14,0.006060606060606061,11.669024045261668,645.95
TXN-00560,20250518,3,3,Dispatch,117,129,0,4,8.63,1,749.43,1404.81,-12,0.0,13.557358053302432,655.38
TXN-00561,20250127,4,2,Dispatch,83,75,1,5,7.5,1,605.41,1043.45,8,0.012048192771084338,11.066666666666666,438.0400000000001
TXN-00562,20260221,4,4,Dispatch,133,105,1,5,10.0,1,736.82,1548.91,28,0.007518796992481203,13.3,812.09
TXN-00563,20250703,1,4,Packing,92,114,1,22,7.07,0,674.04,1163.82,-22,0.010869565217391304,13.012729844413013,489.78
TXN-00564,20250608,3,1,Assembly,79,74,2,28,6.66,1,643.87,925.12,5,0.02531645569620253,11.861861861861861,281.25
TXN-00565,20250305,2,4,Quality,159,108,5,4,13.56,1,1035.52,1423.41,51,0.031446540880503145,11.725663716814159,387.8900000000001
TXN-00566,20250605,4,3,Packing,138,158,3,3,8.49,0,907.07,1235.48,-20,0.021739130434782608,16.25441696113074,328.40999999999997
TXN-00567,20251224,2,2,Assembly,121,125,4,13,7.42,1,651.47,1127.31,-4,0.03305785123966942,16.307277628032345,475.8399999999999
TXN-00568,20250621,2,1,Dispatch,124,172,5,7,8.18,0,665.93,1141.21,-48,0.04032258064516129,15.158924205378973,475.2800000000001
TXN-00569,20251028,2,4,Packing,110,144,3,8,8.52,0,694.88,1308.14,-34,0.02727272727272727,12.910798122065728,613.2600000000001
TXN-00570,20260130,4,2,Assembly,180,146,5,16,15.15,1,1197.63,2133.11,34,0.027777777777777776,11.881188118811881,935.48
TXN-00571,20260104,4,4,Dispatch,232,175,8,20,17.15,1,1607.03,2468.28,57,0.034482758620689655,13.527696793002917,861.2500000000002
TXN-00572,20250609,2,4,Packing,134,132,3,7,8.38,1,657.11,1229.77,2,0.022388059701492536,15.990453460620524,572.66
TXN-00573,20250124,2,1,Packing,158,169,3,1,11.25,1,953.65,1491.71,-11,0.0189873417721519,14.044444444444444,538.0600000000001
TXN-00574,20250110,4,3,Packing,162,159,0,16,11.29,1,1187.24,1384.94,3,0.0,14.348981399468558,197.70000000000005
TXN-00575,20250307,1,3,Packing,81,83,3,3,8.43,1,438.19,930.08,-2,0.037037037037037035,9.608540925266905,491.89000000000004
TXN-00576,20250618,3,4,Assembly,171,162,4,22,12.97,1,1177.68,1605.8,9,0.023391812865497075,13.18427139552814,428.1199999999999
TXN-00577,20250219,4,2,Assembly,196,167,3,33,16.07,1,1088.05,1991.05,29,0.015306122448979591,12.196639701306783,903.0
TXN-00578,20260414,4,4,Packing,82,85,2,48,5.31,0,506.27,977.3,-3,0.024390243902439025,15.442561205273071,471.03
TXN-00579,20260205,2,3,Dispatch,172,159,5,14,13.01,1,1093.59,2083.64,13,0.029069767441860465,13.220599538816295,990.05
TXN-00580,20250712,3,1,Assembly,67,102,1,34,5.05,0,509.57,614.42,-35,0.014925373134328358,13.267326732673268,104.84999999999997
TXN-00581,20250520,1,1,Packing,151,164,2,1,13.05,1,997.22,1291.9,-13,0.013245033112582781,11.57088122605364,294.68000000000006
TXN-00582,20250102,4,2,Packing,164,157,3,5,11.05,1,842.7,1541.38,7,0.018292682926829267,14.841628959276017,698.6800000000001
TXN-00583,20250825,3,1,Assembly,57,70,2,19,2.13,0,435.39,701.81,-13,0.03508771929824561,26.760563380281692,266.41999999999996
TXN-00584,20250301,3,2,Assembly,82,70,3,18,6.08,1,418.92,1036.57,12,0.036585365853658534,13.486842105263158,617.6499999999999
TXN-00585,20251007,1,2,Assembly,120,124,2,21,9.66,1,682.97,1363.72,-4,0.016666666666666666,12.422360248447205,680.75
TXN-00586,20250215,3,1,Quality,77,79,2,4,6.58,1,562.88,806.4,-2,0.025974025974025976,11.702127659574469,243.51999999999998
TXN-00587,20250105,4,1,Assembly,155,170,7,17,13.97,1,949.79,1706.31,-15,0.04516129032258064,11.095204008589835,756.52
TXN-00588,20260427,3,1,Quality,222,179,3,13,18.12,1,1187.24,2828.48,43,0.013513513513513514,12.251655629139073,1641.24
TXN-00589,20260307,2,4,Assembly,194,173,5,44,14.27,0,1492.19,1872.18,21,0.02577319587628866,13.594954449894885,379.99
TXN-00590,20250112,1,4,Assembly,195,173,1,36,14.3,0,1310.56,1794.49,22,0.005128205128205128,13.636363636363635,483.93000000000006
TXN-00591,20251031,3,4,Dispatch,117,106,4,23,9.06,1,866.27,1146.77,11,0.03418803418803419,12.91390728476821,280.5
TXN-00592,20260502,2,4,Assembly,162,151,6,31,12.88,1,1146.97,2031.81,11,0.037037037037037035,12.577639751552795,884.8399999999999
TXN-00593,20260321,1,2,Packing,161,139,2,24,13.41,1,1263.65,1683.78,22,0.012422360248447204,12.005965697240866,420.1299999999999
TXN-00594,20250820,2,2,Packing,116,120,1,11,8.91,1,706.84,1210.35,-4,0.008620689655172414,13.019079685746352,503.5099999999999
TXN-00595,20250420,2,1,Quality,83,71,4,7,5.36,1,540.66,812.25,12,0.04819277108433735,15.485074626865671,271.59000000000003
TXN-00596,20250910,2,2,Quality,57,82,3,9,4.35,0,433.35,688.15,-25,0.05263157894736842,13.10344827586207,254.79999999999995
TXN-00597,20260213,3,2,Quality,161,137,4,13,12.51,1,1140.13,1679.74,24,0.024844720496894408,12.869704236610712,539.6099999999999
TXN-00598,20260102,1,3,Assembly,137,121,4,23,9.64,1,1004.1,1223.15,16,0.029197080291970802,14.21161825726141,219.05000000000007
TXN-00599,20250306,1,2,Assembly,85,103,1,23,7.19,0,522.23,841.54,-18,0.011764705882352941,11.821974965229485,319.30999999999995
TXN-00600,20260428,2,4,Dispatch,179,175,5,25,13.35,1,956.71,1803.7,4,0.027932960893854747,13.408239700374532,846.99
TXN-00601,20260516,3,4,Dispatch,95,102,1,11,8.19,1,727.06,849.79,-7,0.010526315789473684,11.599511599511601,122.73000000000002
TXN-00602,20251218,3,2,Quality,92,73,2,9,6.49,1,686.87,884.61,19,0.021739130434782608,14.175654853620955,197.74
TXN-00603,20250115,2,2,Dispatch,125,161,9,12,9.46,0,730.7,1213.66,-36,0.072,13.21353065539112,482.96000000000004
TXN-00604,20250709,3,2,Quality,104,114,2,7,7.25,1,521.87,1099.67,-10,0.019230769230769232,14.344827586206897,577.8000000000001
TXN-00605,20250423,3,3,Assembly,159,164,2,13,12.49,1,1009.47,1593.74,-5,0.012578616352201259,12.730184147317853,584.27
TXN-00606,20251119,2,2,Dispatch,168,172,7,4,11.94,1,840.16,1510.98,-4,0.041666666666666664,14.07035175879397,670.82
TXN-00607,20250228,4,1,Assembly,92,71,3,23,7.47,1,488.33,874.61,21,0.03260869565217391,12.315930388219545,386.28000000000003
TXN-00608,20251212,1,2,Packing,140,139,1,5,10.62,1,684.98,1335.0,1,0.007142857142857143,13.182674199623353,650.02
TXN-00609,20260319,4,3,Quality,166,167,2,8,13.53,1,906.4,1915.78,-1,0.012048192771084338,12.269031781226904,1009.38
TXN-00610,20260326,4,1,Packing,151,127,4,0,12.04,1,859.1,1358.74,24,0.026490066225165563,12.541528239202659,499.64
TXN-00611,20260524,4,3,Quality,169,171,2,8,12.72,1,858.75,2011.22,-2,0.011834319526627219,13.286163522012577,1152.47
TXN-00612,20250905,2,2,Dispatch,155,134,2,8,11.21,1,936.91,1654.09,21,0.012903225806451613,13.82694023193577,717.18
TXN-00613,20260328,3,3,Assembly,179,165,5,38,15.69,0,1023.64,1928.92,14,0.027932960893854747,11.408540471637986,905.2800000000001
TXN-00614,20250504,4,3,Packing,162,179,4,7,14.4,1,1031.58,1843.23,-17,0.024691358024691357,11.25,811.6500000000001
TXN-00615,20251026,5,4,Quality,81,87,2,12,7.24,1,466.94,740.45,-6,0.024691358024691357,11.187845303867404,273.51000000000005
TXN-00616,20250112,1,2,Quality,94,111,2,3,7.08,0,714.69,958.17,-17,0.02127659574468085,13.27683615819209,243.4799999999999
TXN-00617,20250418,4,1,Dispatch,86,80,1,1,5.98,1,454.52,1080.52,6,0.011627906976744186,14.381270903010032,626.0
TXN-00618,20251103,4,4,Packing,120,112,1,3,7.76,1,864.84,1033.86,8,0.008333333333333333,15.463917525773196,169.01999999999987
TXN-00619,20260111,2,3,Packing,157,174,1,20,12.14,1,905.6,1669.5,-17,0.006369426751592357,12.932454695222404,763.9
TXN-00620,20260513,3,4,Assembly,133,119,3,30,8.86,1,846.39,1222.64,14,0.022556390977443608,15.011286681715577,376.2500000000001
TXN-00621,20251110,1,2,Quality,117,125,0,6,8.61,1,591.79,1265.75,-8,0.0,13.588850174216029,673.96
TXN-00622,20250507,5,2,Packing,128,136,3,18,8.5,1,660.4,1627.09,-8,0.0234375,15.058823529411764,966.6899999999999
TXN-00623,20260203,3,3,Quality,127,109,3,13,10.04,1,823.87,1218.14,18,0.023622047244094488,12.649402390438247,394.2700000000001
TXN-00624,20260311,1,4,Quality,85,82,1,30,4.58,1,554.6,959.95,3,0.011764705882352941,18.558951965065503,405.35
TXN-00625,20250906,4,2,Packing,178,177,4,11,12.65,1,992.21,2254.71,1,0.02247191011235955,14.071146245059289,1262.5
TXN-00626,20250810,1,2,Quality,156,125,4,1,13.31,1,996.48,1756.09,31,0.02564102564102564,11.720510894064613,759.6099999999999
TXN-00627,20250630,4,3,Assembly,114,104,3,14,8.14,1,880.91,1337.13,10,0.02631578947368421,14.004914004914005,456.22000000000014
TXN-00628,20260222,1,3,Dispatch,144,153,5,5,9.96,1,827.56,1637.58,-9,0.034722222222222224,14.457831325301203,810.02
TXN-00629,20260308,4,3,Packing,179,155,2,4,16.75,1,1272.57,2051.03,24,0.0111731843575419,10.686567164179104,778.4600000000003
TXN-00630,20250918,3,3,Packing,82,118,1,11,7.2,0,589.84,799.24,-36,0.012195121951219513,11.38888888888889,209.39999999999998
TXN-00631,20250522,4,2,Assembly,175,154,1,19,11.53,1,1022.46,1629.64,21,0.005714285714285714,15.17779705117086,607.1800000000001
TXN-00632,20250926,1,3,Quality,176,176,3,5,13.28,1,1148.01,1859.84,0,0.017045454545454544,13.253012048192772,711.8299999999999
TXN-00633,20250525,1,2,Packing,190,164,3,26,14.83,1,1089.26,2322.31,26,0.015789473684210527,12.811867835468645,1233.05
TXN-00634,20250225,4,1,Packing,69,71,0,11,5.4,1,376.17,834.69,-2,0.0,12.777777777777777,458.52000000000004
TXN-00635,20250820,1,4,Packing,113,103,2,40,7.61,0,888.74,973.01,10,0.017699115044247787,14.848883048620236,84.26999999999998
TXN-00636,20250430,4,3,Assembly,170,148,4,14,12.95,1,870.5,2038.02,22,0.023529411764705882,13.127413127413128,1167.52
TXN-00637,20250623,3,1,Quality,130,119,3,20,10.91,1,930.18,1526.87,11,0.023076923076923078,11.915673693858844,596.6899999999999
TXN-00638,20250918,4,4,Dispatch,56,72,1,3,5.16,0,360.47,666.68,-16,0.017857142857142856,10.852713178294573,306.2099999999999
TXN-00639,20251020,3,2,Packing,96,102,2,16,6.48,1,599.63,1213.03,-6,0.020833333333333332,14.814814814814813,613.4
TXN-00640,20251111,4,4,Dispatch,93,102,0,6,8.48,1,705.11,942.43,-9,0.0,10.966981132075471,237.31999999999994
TXN-00641,20250711,1,3,Dispatch,126,157,3,7,7.98,0,847.07,1505.34,-31,0.023809523809523808,15.789473684210526,658.2699999999999
TXN-00642,20250502,3,2,Quality,199,169,4,15,15.27,1,1059.02,2491.67,30,0.020100502512562814,13.032089063523248,1432.65
TXN-00643,20250808,4,2,Quality,77,80,0,14,7.1,1,444.73,816.91,-3,0.0,10.845070422535212,372.17999999999995
TXN-00644,20260513,2,1,Assembly,110,104,2,34,8.14,1,871.18,1374.49,6,0.01818181818181818,13.513513513513512,503.31000000000006
TXN-00645,20250212,2,2,Assembly,148,135,3,22,11.69,1,1096.83,1432.1,13,0.02027027027027027,12.660393498716852,335.27
TXN-00646,20251004,1,2,Assembly,180,147,5,12,14.03,1,983.39,1635.98,33,0.027777777777777776,12.829650748396293,652.59
TXN-00647,20250428,4,4,Quality,139,146,3,9,8.48,1,751.91,1394.32,-7,0.02158273381294964,16.391509433962263,642.41
TXN-00648,20260128,4,1,Assembly,200,170,4,12,12.99,1,1402.81,2516.71,30,0.02,15.396458814472672,1113.9
TXN-00649,20260124,4,3,Quality,130,127,0,5,8.88,1,660.18,1290.33,3,0.0,14.639639639639638,630.15
TXN-00650,20250901,1,1,Assembly,155,160,3,19,10.76,1,813.54,1761.17,-5,0.01935483870967742,14.405204460966543,947.6300000000001
TXN-00651,20250202,1,4,Quality,185,145,4,17,13.84,1,1089.62,2122.72,40,0.021621621621621623,13.367052023121387,1033.1
TXN-00652,20260124,1,4,Assembly,130,133,5,31,10.31,1,941.37,1558.14,-3,0.038461538461538464,12.609117361784675,616.7700000000001
TXN-00653,20250126,5,3,Assembly,130,133,4,15,11.37,1,807.33,1508.22,-3,0.03076923076923077,11.433597185576078,700.89
TXN-00654,20250620,3,4,Quality,94,96,4,19,5.95,1,692.07,898.36,-2,0.0425531914893617,15.798319327731091,206.28999999999996
TXN-00655,20250317,2,3,Dispatch,192,171,7,10,13.22,1,1221.81,2086.34,21,0.036458333333333336,14.523449319213313,864.5300000000002
TXN-00656,20250112,2,1,Assembly,115,113,4,17,7.83,1,810.92,1234.88,2,0.034782608695652174,14.687100893997446,423.96000000000015
TXN-00657,20250722,1,4,Assembly,100,89,5,13,8.98,1,767.32,1052.36,11,0.05,11.135857461024498,285.03999999999985
TXN-00658,20260227,1,2,Assembly,225,177,4,12,19.35,1,1306.53,2221.34,48,0.017777777777777778,11.627906976744185,914.8100000000002
TXN-00659,20250710,2,3,Assembly,120,145,2,12,9.96,0,763.26,1286.41,-25,0.016666666666666666,12.048192771084336,523.1500000000001
TXN-00660,20250824,2,1,Assembly,124,120,3,22,9.1,1,927.52,1455.67,4,0.024193548387096774,13.626373626373628,528.1500000000001
TXN-00661,20250306,4,3,Dispatch,176,156,4,2,13.77,1,1292.93,1750.42,20,0.022727272727272728,12.781408859840234,457.49
TXN-00663,20250918,2,2,Packing,161,143,4,25,11.21,1,1246.45,1531.29,18,0.024844720496894408,14.362176628010703,284.8399999999999
TXN-00664,20250610,4,2,Quality,115,118,5,22,8.5,1,843.67,1397.46,-3,0.043478260869565216,13.529411764705882,553.7900000000001
TXN-00665,20250922,2,2,Packing,94,124,1,10,6.72,0,638.32,972.64,-30,0.010638297872340425,13.988095238095239,334.31999999999994
TXN-00666,20260114,4,4,Dispatch,134,159,4,47,10.46,0,904.56,1312.54,-25,0.029850746268656716,12.810707456978966,407.98
TXN-00667,20260117,3,2,Assembly,118,108,0,12,9.24,1,891.76,1300.76,10,0.0,12.770562770562771,409.0
TXN-00668,20250701,3,1,Quality,95,106,1,10,7.85,0,552.53,995.7,-11,0.010526315789473684,12.101910828025478,443.1700000000001
TXN-00669,20251103,4,2,Assembly,101,127,1,26,7.14,0,562.32,1278.29,-26,0.009900990099009901,14.145658263305323,715.9699999999999
TXN-00670,20250824,4,3,Assembly,78,83,0,31,6.7,1,597.43,751.38,-5,0.0,11.641791044776118,153.95000000000005
TXN-00671,20260315,1,2,Dispatch,98,90,2,4,5.99,1,700.5,1119.9,8,0.02040816326530612,16.360601001669448,419.4000000000001
TXN-00672,20260307,4,2,Quality,100,89,2,8,7.42,1,677.13,942.35,11,0.02,13.477088948787062,265.22
TXN-00673,20250824,4,4,Packing,154,161,4,9,11.71,1,904.51,1812.87,-7,0.025974025974025976,13.151152860802732,908.3599999999999
TXN-00674,20260201,3,4,Packing,79,79,3,12,4.51,1,460.35,925.24,0,0.0379746835443038,17.516629711751662,464.89
TXN-00675,20260213,3,2,Packing,126,117,4,4,10.34,1,802.02,1324.6,9,0.031746031746031744,12.18568665377176,522.5799999999999
TXN-00676,20260111,2,4,Assembly,141,145,6,45,9.79,0,1082.98,1513.82,-4,0.0425531914893617,14.402451481103167,430.8399999999999
TXN-00677,20251119,1,4,Quality,86,103,0,14,6.53,0,456.04,949.03,-17,0.0,13.169984686064318,492.98999999999995
TXN-00678,20260319,1,2,Quality,193,161,4,11,13.48,1,1007.32,2050.44,32,0.02072538860103627,14.317507418397625,1043.12
TXN-00679,20250113,3,1,Assembly,95,78,4,12,6.43,1,705.59,938.74,17,0.042105263157894736,14.774494556765164,233.14999999999998
TXN-00680,20250301,1,3,Packing,194,161,1,23,16.03,1,1124.76,2438.14,33,0.005154639175257732,12.102308172177167,1313.3799999999999
TXN-00681,20250702,4,3,Dispatch,148,155,4,23,10.34,1,938.23,1652.32,-7,0.02702702702702703,14.313346228239846,714.0899999999999
TXN-00682,20260327,3,1,Dispatch,118,112,3,12,8.2,1,604.85,1069.29,6,0.025423728813559324,14.390243902439027,464.43999999999994
TXN-00683,20250617,4,1,Dispatch,82,78,0,16,4.07,1,546.76,1023.02,4,0.0,20.147420147420146,476.26
TXN-00684,20260226,5,4,Quality,86,99,4,4,4.66,0,608.24,1076.28,-13,0.046511627906976744,18.454935622317596,468.03999999999996
TXN-00685,20250905,3,1,Packing,113,159,4,6,10.05,0,790.29,1171.96,-46,0.035398230088495575,11.243781094527362,381.6700000000001
TXN-00686,20260426,3,3,Assembly,120,115,1,30,6.81,1,876.36,1186.85,5,0.008333333333333333,17.62114537444934,310.4899999999999
TXN-00687,20251114,4,1,Packing,76,97,6,15,4.75,0,489.85,685.38,-21,0.07894736842105263,16.0,195.52999999999997
TXN-00688,20260313,4,4,Dispatch,102,93,3,5,7.18,1,705.53,939.65,9,0.029411764705882353,14.206128133704736,234.12
TXN-00689,20251120,2,3,Assembly,129,118,4,20,9.77,1,897.79,1136.15,11,0.031007751937984496,13.203684749232345,238.36000000000013
TXN-00690,20250815,4,3,Assembly,75,81,0,22,4.24,1,442.21,691.2,-6,0.0,17.68867924528302,248.99000000000007
TXN-00691,20250609,4,1,Quality,102,107,1,47,9.19,0,596.09,1148.16,-5,0.00980392156862745,11.099020674646356,552.07
TXN-00692,20251109,1,2,Quality,97,95,2,17,8.81,1,558.59,930.4,2,0.020618556701030927,11.01021566401816,371.80999999999995
TXN-00693,20251026,4,1,Packing,121,147,1,10,10.92,0,886.7,1049.8,-26,0.008264462809917356,11.08058608058608,163.0999999999999
TXN-00694,20251007,1,1,Dispatch,72,79,1,9,3.85,1,481.18,745.04,-7,0.013888888888888888,18.7012987012987,263.85999999999996
TXN-00695,20251208,1,3,Assembly,77,74,2,12,7.51,1,476.19,797.8,3,0.025974025974025976,10.252996005326231,321.60999999999996
TXN-00696,20250502,2,1,Quality,180,164,2,15,12.64,1,954.82,1650.05,16,0.011111111111111112,14.240506329113924,695.2299999999999
TXN-00697,20251005,2,4,Quality,119,133,6,13,10.26,0,642.53,1491.26,-14,0.05042016806722689,11.598440545808968,848.73
TXN-00698,20250414,4,3,Dispatch,79,74,2,24,8.16,1,629.2,872.48,5,0.02531645569620253,9.681372549019608,243.27999999999997
TXN-00699,20250618,3,2,Dispatch,76,85,2,11,5.3,0,510.96,803.3,-9,0.02631578947368421,14.339622641509434,292.34
TXN-00700,20250901,4,1,Quality,90,102,0,9,7.08,0,470.93,1092.29,-12,0.0,12.711864406779661,621.3599999999999
TXN-00701,20251211,2,2,Assembly,125,115,3,19,10.82,1,770.93,1097.82,10,0.024,11.55268022181146,326.89
TXN-00702,20260430,4,4,Packing,109,111,2,48,9.07,0,947.96,1095.67,-2,0.01834862385321101,12.017640573318632,147.71000000000004
TXN-00703,20251119,4,1,Quality,63,101,1,3,4.22,0,394.12,578.31,-38,0.015873015873015872,14.928909952606636,184.18999999999994
TXN-00704,20251008,2,1,Quality,173,175,1,14,14.66,1,1328.11,1756.04,-2,0.005780346820809248,11.800818553888131,427.93000000000006
TXN-00705,20260519,3,3,Packing,121,101,6,3,9.48,1,852.36,1461.49,20,0.049586776859504134,12.763713080168776,609.13
TXN-00706,20250516,3,2,Assembly,153,169,2,15,10.56,1,1086.5,1578.33,-16,0.013071895424836602,14.488636363636363,491.8299999999999
TXN-00707,20260320,2,2,Packing,177,148,4,2,14.33,1,1214.41,1857.2,29,0.022598870056497175,12.351709699930217,642.79
TXN-00708,20251223,1,2,Packing,117,127,0,2,9.09,1,776.18,1091.34,-10,0.0,12.871287128712872,315.15999999999997
TXN-00709,20260103,5,2,Dispatch,87,83,2,8,7.15,1,599.02,933.05,4,0.022988505747126436,12.167832167832167,334.03
TXN-00710,20260102,3,1,Assembly,147,127,1,28,11.23,1,982.68,1836.33,20,0.006802721088435374,13.08993766696349,853.65
TXN-00711,20260203,1,2,Dispatch,87,78,2,12,5.34,1,564.26,997.38,9,0.022988505747126436,16.292134831460675,433.12
TXN-00712,20250303,2,1,Quality,178,145,2,11,13.92,1,980.17,2022.35,33,0.011235955056179775,12.78735632183908,1042.1799999999998
TXN-00713,20260522,4,2,Assembly,113,111,2,42,8.11,0,725.32,1288.41,2,0.017699115044247787,13.933415536374847,563.09
TXN-00714,20250816,2,4,Assembly,115,127,5,34,10.5,1,730.09,1111.78,-12,0.043478260869565216,10.952380952380953,381.68999999999994
TXN-00715,20251023,3,1,Quality,132,147,2,25,8.95,0,805.16,1211.57,-15,0.015151515151515152,14.748603351955309,406.40999999999997
TXN-00716,20250413,4,1,Packing,151,155,6,29,10.69,1,857.19,1440.53,-4,0.039735099337748346,14.125350795135642,583.3399999999999
TXN-00717,20260317,2,2,Packing,100,94,2,1,6.88,1,516.33,952.34,6,0.02,14.534883720930234,436.01
TXN-00718,20250325,4,1,Quality,84,79,0,10,6.84,1,649.11,725.16,5,0.0,12.280701754385966,76.04999999999995
TXN-00719,20250123,2,4,Dispatch,188,168,9,17,13.82,1,1009.96,2387.27,20,0.047872340425531915,13.603473227206946,1377.31
TXN-00720,20250912,3,4,Quality,63,83,1,16,3.53,0,497.81,643.66,-20,0.015873015873015872,17.84702549575071,145.84999999999997
TXN-00721,20260418,3,1,Packing,98,93,0,3,8.89,1,745.76,1042.73,5,0.0,11.023622047244094,296.97
TXN-00722,20250217,4,4,Dispatch,98,107,2,20,7.47,1,627.13,1191.0,-9,0.02040816326530612,13.119143239625167,563.87
TXN-00723,20250206,4,4,Assembly,151,179,0,21,10.29,0,911.8,1562.13,-28,0.0,14.674441205053451,650.3300000000002
TXN-00724,20250602,1,1,Assembly,123,145,2,14,10.01,0,786.77,1324.48,-22,0.016260162601626018,12.287712287712289,537.71
TXN-00725,20250718,4,1,Packing,130,157,2,4,9.22,0,852.44,1202.99,-27,0.015384615384615385,14.099783080260302,350.54999999999995
TXN-00726,20260309,1,3,Assembly,131,138,2,15,8.83,1,859.72,1422.95,-7,0.015267175572519083,14.835787089467724,563.23
TXN-00727,20250214,4,3,Assembly,165,130,2,19,13.2,1,1272.55,2087.86,35,0.012121212121212121,12.5,815.3100000000002
TXN-00728,20251008,4,3,Dispatch,76,78,4,9,6.15,1,503.9,957.35,-2,0.05263157894736842,12.357723577235772,453.45000000000005
TXN-00729,20260524,1,4,Packing,169,155,2,8,12.97,1,1117.46,1508.39,14,0.011834319526627219,13.030069390902081,390.93000000000006
TXN-00730,20250810,1,1,Assembly,68,71,0,13,5.69,1,381.98,855.58,-3,0.0,11.950790861159929,473.6
TXN-00731,20250101,4,3,Quality,111,122,0,5,8.96,1,586.0,1296.58,-11,0.0,12.388392857142856,710.5799999999999
TXN-00732,20251025,1,3,Dispatch,103,98,0,2,7.6,1,524.55,911.19,5,0.0,13.55263157894737,386.6400000000001
TXN-00733,20250915,3,3,Quality,120,144,3,14,7.31,0,836.74,1235.91,-24,0.025,16.415868673050618,399.1700000000001
TXN-00734,20250201,1,2,Quality,148,148,4,2,11.74,1,881.59,1371.92,0,0.02702702702702703,12.606473594548552,490.33000000000004
TXN-00735,20251026,1,3,Assembly,63,70,2,17,5.39,1,379.5,783.16,-7,0.031746031746031744,11.688311688311689,403.65999999999997
TXN-00736,20260108,4,2,Packing,84,93,1,1,5.16,1,573.27,952.61,-9,0.011904761904761904,16.27906976744186,379.34000000000003
TXN-00737,20251115,3,1,Dispatch,119,163,2,15,10.38,0,828.73,1462.84,-44,0.01680672268907563,11.464354527938342,634.1099999999999
TXN-00738,20251012,1,1,Packing,137,137,3,15,11.74,1,781.92,1243.96,0,0.021897810218978103,11.669505962521294,462.0400000000001
TXN-00739,20260417,1,2,Quality,108,96,3,19,6.28,1,637.33,1037.59,12,0.027777777777777776,17.197452229299362,400.2599999999999
TXN-00740,20250607,3,3,Assembly,185,172,3,32,13.09,1,1312.62,2161.08,13,0.016216216216216217,14.13292589763178,848.46
TXN-00741,20260217,2,2,Dispatch,100,92,3,5,7.46,1,500.91,915.54,8,0.03,13.404825737265416,414.62999999999994
TXN-00742,20250323,2,4,Quality,80,77,1,7,7.34,1,543.98,687.41,3,0.0125,10.899182561307903,143.42999999999995
TXN-00743,20260214,3,1,Assembly,91,89,1,34,8.28,1,754.72,917.11,2,0.01098901098901099,10.99033816425121,162.39
TXN-00744,20250110,4,2,Packing,121,136,7,9,9.97,0,745.31,1156.19,-15,0.05785123966942149,12.136409227683048,410.8800000000001
TXN-00745,20250527,4,2,Assembly,171,152,3,31,13.97,1,1050.83,2065.99,19,0.017543859649122806,12.240515390121688,1015.1599999999999
TXN-00746,20250630,4,2,Packing,196,174,4,11,15.12,1,1431.61,2427.23,22,0.02040816326530612,12.962962962962964,995.6200000000001
TXN-00747,20250525,2,4,Quality,120,114,1,21,9.15,1,634.93,1484.2,6,0.008333333333333333,13.114754098360656,849.2700000000001
TXN-00748,20250530,1,1,Packing,95,106,4,7,9.27,0,533.86,1192.04,-11,0.042105263157894736,10.248112189859762,658.18
TXN-00749,20250624,2,4,Assembly,197,162,4,14,15.69,1,1436.33,2358.23,35,0.02030456852791878,12.55576800509879,921.9000000000001
TXN-00750,20250728,3,1,Assembly,153,164,5,11,12.85,1,914.5,1790.49,-11,0.032679738562091505,11.906614785992218,875.99
TXN-00751,20260525,4,1,Dispatch,164,178,0,28,13.79,1,1214.64,1833.85,-14,0.0,11.892675852066716,619.2099999999998
TXN-00752,20260511,4,2,Packing,110,94,1,4,8.28,1,667.72,1226.48,16,0.00909090909090909,13.285024154589372,558.76
TXN-00753,20250125,2,1,Quality,104,96,3,11,6.64,1,779.13,1053.14,8,0.028846153846153848,15.66265060240964,274.0100000000001
TXN-00754,20250618,3,3,Quality,128,119,2,8,9.41,1,837.74,1301.88,9,0.015625,13.602550478214665,464.1400000000001
TXN-00755,20251127,2,1,Quality,70,91,2,4,4.59,0,519.48,607.67,-21,0.02857142857142857,15.250544662309368,88.18999999999994
TXN-00756,20250125,1,3,Assembly,139,144,2,40,11.46,0,961.88,1229.27,-5,0.014388489208633094,12.129144851657939,267.39
TXN-00757,20250627,4,1,Packing,91,107,1,4,7.4,0,606.78,938.85,-16,0.01098901098901099,12.297297297297296,332.07000000000005
TXN-00758,20250813,2,4,Assembly,99,112,3,25,7.4,0,783.76,1191.71,-13,0.030303030303030304,13.378378378378377,407.95000000000005
TXN-00759,20251023,3,1,Dispatch,127,120,0,38,11.37,0,860.85,1235.34,7,0.0,11.169744942832015,374.4899999999999
TXN-00760,20250102,3,1,Quality,162,157,7,7,11.92,1,1021.99,2016.7,5,0.043209876543209874,13.590604026845638,994.71
TXN-00761,20260107,2,4,Dispatch,93,103,2,11,6.2,1,660.1,1034.74,-10,0.021505376344086023,15.0,374.64
TXN-00762,20260319,4,2,Packing,102,83,2,32,7.34,1,833.8,1024.06,19,0.0196078431372549,13.896457765667575,190.26
TXN-00763,20250416,1,3,Dispatch,96,91,0,9,8.07,1,706.91,1094.69,5,0.0,11.895910780669144,387.7800000000001
TXN-00764,20260228,1,3,Assembly,152,162,6,15,13.54,1,983.8,1582.7,-10,0.039473684210526314,11.225997045790251,598.9000000000001
TXN-00765,20250131,4,4,Assembly,109,102,3,23,10.31,1,703.83,1326.29,7,0.027522935779816515,10.572259941804074,622.4599999999999
TXN-00766,20251209,1,3,Packing,108,106,1,13,7.32,1,796.67,1254.96,2,0.009259259259259259,14.754098360655737,458.2900000000001
TXN-00767,20250511,1,4,Dispatch,101,126,2,15,7.97,0,541.44,989.79,-25,0.019801980198019802,12.672521957340026,448.3499999999999
TXN-00768,20250120,3,1,Packing,132,128,2,7,9.47,1,1003.92,1609.14,4,0.015151515151515152,13.938753959873283,605.2200000000001
TXN-00769,20260104,3,4,Assembly,154,155,0,17,12.54,1,890.75,1413.69,-1,0.0,12.280701754385966,522.94
TXN-00770,20260202,3,4,Assembly,170,179,2,17,10.87,1,1244.79,1929.05,-9,0.011764705882352941,15.639374425023,684.26
TXN-00771,20250421,2,4,Packing,113,96,6,4,11.54,1,854.91,1426.01,17,0.05309734513274336,9.792027729636049,571.1
TXN-00772,20251225,4,3,Assembly,122,128,2,15,8.83,1,880.44,1161.6,-6,0.01639344262295082,13.816534541336353,281.15999999999985
TXN-00773,20250808,1,3,Quality,74,86,2,11,6.55,0,465.94,931.78,-12,0.02702702702702703,11.297709923664122,465.84
TXN-00774,20250730,3,3,Dispatch,108,85,1,12,6.63,1,735.5,951.54,23,0.009259259259259259,16.289592760180994,216.03999999999996
TXN-00775,20260126,1,2,Quality,169,144,2,7,11.32,1,1125.28,1811.8,25,0.011834319526627219,14.929328621908127,686.52
TXN-00776,20260410,2,2,Packing,206,168,5,5,19.26,1,1324.81,2253.91,38,0.024271844660194174,10.695742471443404,929.0999999999999
TXN-00777,20250104,2,2,Quality,62,73,1,13,4.59,0,472.27,753.39,-11,0.016129032258064516,13.507625272331156,281.12
TXN-00778,20260108,3,1,Packing,204,172,2,19,15.52,1,1215.31,2577.0,32,0.00980392156862745,13.144329896907216,1361.69
TXN-00779,20260425,3,2,Dispatch,193,167,4,17,14.22,1,1379.02,1939.44,26,0.02072538860103627,13.572433192686356,560.4200000000001
TXN-00780,20250620,4,3,Assembly,154,155,1,25,11.75,1,932.58,1471.53,-1,0.006493506493506494,13.106382978723405,538.9499999999999
TXN-00781,20260225,1,4,Quality,84,107,3,12,5.24,0,611.91,826.01,-23,0.03571428571428571,16.030534351145036,214.10000000000002
TXN-00782,20251103,2,3,Packing,124,143,4,33,9.62,0,702.61,1123.99,-19,0.03225806451612903,12.889812889812891,421.38
TXN-00783,20260512,2,1,Dispatch,89,83,2,4,9.05,1,664.65,1047.43,6,0.02247191011235955,9.834254143646408,382.7800000000001
TXN-00784,20250223,1,1,Dispatch,120,139,0,2,9.31,0,873.44,1257.95,-19,0.0,12.889366272824919,384.51
TXN-00785,20250709,2,2,Quality,159,145,4,10,12.96,1,830.72,1499.0,14,0.025157232704402517,12.268518518518517,668.28
TXN-00786,20250427,1,1,Dispatch,131,119,2,18,11.27,1,730.77,1458.75,12,0.015267175572519083,11.623779946761314,727.98
TXN-00787,20250905,3,1,Quality,82,97,5,8,6.28,0,537.05,865.13,-15,0.06097560975609756,13.05732484076433,328.08000000000004
TXN-00788,20251212,2,2,Quality,201,174,6,15,15.23,1,1163.99,2208.7,27,0.029850746268656716,13.19763624425476,1044.7099999999998
TXN-00789,20250411,2,2,Quality,151,133,2,4,9.72,1,888.99,1648.78,18,0.013245033112582781,15.534979423868311,759.79
TXN-00790,20260418,3,2,Packing,144,134,5,12,9.71,1,733.57,1231.01,10,0.034722222222222224,14.830072090628217,497.43999999999994
TXN-00791,20250728,3,4,Dispatch,101,97,1,10,8.14,1,609.22,1094.89,4,0.009900990099009901,12.407862407862407,485.6700000000001
TXN-00792,20251211,4,2,Quality,105,86,0,14,9.22,1,743.0,1018.79,19,0.0,11.388286334056398,275.78999999999996
TXN-00793,20260205,1,2,Packing,147,114,6,3,11.34,1,1039.63,1674.86,33,0.04081632653061224,12.962962962962964,635.2299999999998
TXN-00794,20250204,1,3,Dispatch,107,86,1,19,6.96,1,593.91,1038.63,21,0.009345794392523364,15.373563218390805,444.72000000000014
TXN-00795,20250125,4,4,Packing,70,73,2,16,5.27,1,448.3,659.14,-3,0.02857142857142857,13.282732447817837,210.83999999999997
TXN-00796,20250803,1,1,Packing,146,156,3,13,9.25,1,1057.35,1572.01,-10,0.02054794520547945,15.783783783783784,514.6600000000001
TXN-00797,20251128,4,1,Packing,166,175,3,12,12.19,1,951.6,1493.2,-9,0.018072289156626505,13.61771944216571,541.6
TXN-00798,20251218,4,2,Packing,68,77,2,5,5.07,0,398.04,703.71,-9,0.029411764705882353,13.41222879684418,305.67
TXN-00799,20260526,3,1,Dispatch,149,163,0,47,10.04,0,965.27,1271.49,-14,0.0,14.840637450199205,306.22
TXN-00801,20250330,1,1,Packing,110,89,2,21,8.81,1,847.95,1100.25,21,0.01818181818181818,12.485811577752553,252.29999999999995
TXN-00802,20260321,2,1,Packing,84,83,1,48,7.82,0,709.9,889.79,1,0.011904761904761904,10.741687979539641,179.89
TXN-00803,20260303,2,3,Dispatch,131,126,1,27,9.7,1,702.36,1426.79,5,0.007633587786259542,13.50515463917526,724.43
TXN-00804,20260512,3,4,Assembly,150,173,2,21,10.98,0,1103.25,1395.23,-23,0.013333333333333334,13.66120218579235,291.98
TXN-00805,20250719,4,1,Packing,118,124,3,0,6.69,1,718.57,1177.81,-6,0.025423728813559324,17.638266068759343,459.2399999999999
TXN-00806,20250729,1,4,Assembly,147,164,4,24,10.69,0,969.99,1346.97,-17,0.027210884353741496,13.751169317118803,376.98
TXN-00807,20251030,2,1,Dispatch,143,142,1,23,11.18,1,777.69,1543.46,1,0.006993006993006993,12.790697674418604,765.77
TXN-00808,20250119,4,4,Quality,100,115,2,6,9.44,0,683.25,1167.77,-15,0.02,10.593220338983052,484.52
TXN-00809,20260124,2,3,Assembly,180,170,5,54,14.38,0,1162.76,2026.11,10,0.027777777777777776,12.517385257301807,863.3499999999999
TXN-00810,20250820,1,3,Quality,132,149,1,14,10.65,0,973.62,1454.11,-17,0.007575757575757576,12.394366197183098,480.4899999999999
TXN-00811,20250417,1,3,Dispatch,138,123,3,14,10.03,1,988.85,1435.71,15,0.021739130434782608,13.758723828514457,446.86
TXN-00812,20250920,2,2,Packing,146,149,10,9,11.21,1,769.23,1778.28,-3,0.0684931506849315,13.02408563782337,1009.05
TXN-00813,20250531,2,2,Assembly,106,103,3,23,8.37,1,830.47,1318.6,3,0.02830188679245283,12.664277180406215,488.1299999999999
TXN-00814,20260201,2,2,Dispatch,100,92,2,21,6.55,1,685.58,1195.74,8,0.02,15.267175572519085,510.15999999999997
TXN-00815,20260502,2,1,Packing,112,137,3,5,8.25,0,639.55,1021.62,-25,0.026785714285714284,13.575757575757576,382.07000000000005
TXN-00816,20251222,1,1,Assembly,95,104,0,17,7.76,1,745.27,1164.83,-9,0.0,12.242268041237114,419.55999999999995
TXN-00817,20250125,1,3,Dispatch,130,117,2,13,10.47,1,811.87,1574.58,13,0.015384615384615385,12.416427889207258,762.7099999999999
TXN-00818,20250820,1,2,Packing,85,86,0,7,5.12,1,427.22,872.91,-1,0.0,16.6015625,445.68999999999994
TXN-00819,20250722,1,1,Quality,76,82,1,17,5.35,1,456.79,831.0,-6,0.013157894736842105,14.205607476635516,374.21
TXN-00820,20250426,3,1,Quality,173,133,3,6,14.52,1,848.01,2052.64,40,0.017341040462427744,11.914600550964188,1204.6299999999999
TXN-00821,20250426,2,3,Dispatch,143,169,6,64,10.19,0,1215.81,1249.65,-26,0.04195804195804196,14.033366045142298,33.840000000000146
TXN-00822,20250213,1,3,Packing,99,74,0,22,5.56,1,681.77,1122.46,25,0.0,17.805755395683455,440.69000000000005
TXN-00823,20250120,3,2,Dispatch,167,154,3,18,13.45,1,952.12,1925.51,13,0.017964071856287425,12.416356877323421,973.39
TXN-00825,20250812,4,3,Quality,184,173,2,1,13.24,1,1032.79,2113.22,11,0.010869565217391304,13.897280966767372,1080.4299999999998
TXN-00826,20251214,1,2,Packing,158,159,4,11,10.59,1,1189.96,1366.9,-1,0.02531645569620253,14.919735599622285,176.94000000000005
TXN-00827,20250211,2,3,Quality,116,135,3,21,10.83,0,623.77,1388.78,-19,0.02586206896551724,10.710987996306557,765.01
TXN-00828,20250706,3,1,Dispatch,114,118,2,12,6.92,1,591.89,1035.17,-4,0.017543859649122806,16.473988439306357,443.2800000000001
TXN-00829,20251206,3,1,Packing,75,85,2,15,6.29,0,436.06,886.53,-10,0.02666666666666667,11.92368839427663,450.46999999999997
TXN-00830,20251025,3,4,Dispatch,100,137,2,2,7.23,0,669.89,938.39,-37,0.02,13.831258644536652,268.5
TXN-00831,20250710,2,2,Packing,157,174,5,9,12.18,1,941.55,1474.16,-17,0.03184713375796178,12.889983579638752,532.6100000000001
TXN-00832,20250324,1,4,Assembly,96,113,2,13,6.44,0,677.03,1086.5,-17,0.020833333333333332,14.906832298136646,409.47
TXN-00833,20251225,4,2,Assembly,83,75,1,29,7.0,1,478.26,834.12,8,0.012048192771084338,11.857142857142858,355.86
TXN-00834,20251007,2,3,Packing,139,132,1,22,10.65,1,802.78,1302.19,7,0.007194244604316547,13.051643192488262,499.4100000000001
TXN-00835,20260528,3,3,Dispatch,107,152,1,10,8.51,0,625.99,1178.82,-45,0.009345794392523364,12.573443008225617,552.8299999999999
TXN-00836,20251122,4,2,Assembly,140,123,1,24,10.44,1,1000.41,1776.68,17,0.007142857142857143,13.409961685823756,776.2700000000001
TXN-00837,20260422,3,3,Packing,161,170,1,2,9.63,1,801.74,1395.49,-9,0.006211180124223602,16.71858774662513,593.75
TXN-00838,20260215,4,4,Packing,208,177,2,8,16.92,1,1191.74,2246.63,31,0.009615384615384616,12.293144208037823,1054.89
TXN-00839,20250315,1,2,Assembly,115,130,0,14,8.81,0,740.67,1311.03,-15,0.0,13.053348467650396,570.36
TXN-00840,20250420,1,2,Dispatch,133,146,5,6,9.7,1,806.46,1447.19,-13,0.03759398496240601,13.711340206185568,640.73
TXN-00841,20250520,3,4,Dispatch,106,92,0,25,8.12,1,589.85,1015.68,14,0.0,13.054187192118228,425.8299999999999
TXN-00842,20250103,3,4,Dispatch,103,97,3,15,9.08,1,691.18,1280.74,6,0.02912621359223301,11.343612334801762,589.5600000000001
TXN-00843,20250510,1,1,Packing,94,102,0,17,5.88,1,574.44,1083.93,-8,0.0,15.986394557823129,509.49
TXN-00844,20250610,2,1,Dispatch,134,150,4,5,9.34,0,875.24,1340.8,-16,0.029850746268656716,14.346895074946467,465.55999999999995
TXN-00845,20250511,1,2,Quality,80,74,1,11,5.22,1,493.23,939.65,6,0.0125,15.325670498084293,446.41999999999996
TXN-00846,20250608,2,1,Quality,100,88,2,10,7.86,1,544.27,1165.63,12,0.02,12.72264631043257,621.3600000000001
TXN-00847,20251125,3,1,Assembly,108,122,1,43,11.23,0,848.92,1029.42,-14,0.009259259259259259,9.617097061442564,180.5000000000001
TXN-00848,20250522,2,3,Quality,179,173,6,9,13.88,1,1118.56,1799.31,6,0.0335195530726257,12.896253602305475,680.75
TXN-00849,20250922,2,3,Dispatch,59,79,1,0,5.0,0,387.87,583.83,-20,0.01694915254237288,11.8,195.96000000000004
TXN-00850,20250823,1,3,Packing,154,135,1,7,9.87,1,901.17,1958.52,19,0.006493506493506494,15.602836879432626,1057.35
TXN-00851,20260208,4,1,Assembly,120,140,1,14,7.95,0,736.6,1075.48,-20,0.008333333333333333,15.09433962264151,338.88
TXN-00852,20260526,1,3,Quality,174,170,7,9,13.61,1,978.99,1788.98,4,0.040229885057471264,12.78471711976488,809.99
TXN-00853,20250913,1,3,Packing,116,122,2,13,9.6,1,729.16,1007.13,-6,0.017241379310344827,12.083333333333334,277.97
TXN-00854,20251001,3,2,Packing,81,104,3,33,7.34,0,523.32,765.14,-23,0.037037037037037035,11.035422343324251,241.81999999999994
TXN-00855,20260202,1,1,Packing,157,147,4,10,9.66,1,1063.1,1677.15,10,0.025477707006369428,16.252587991718425,614.0500000000002
TXN-00856,20250910,1,3,Assembly,68,77,1,23,4.85,0,482.06,752.09,-9,0.014705882352941176,14.020618556701033,270.03000000000003
TXN-00857,20260411,5,1,Assembly,144,152,5,16,10.24,1,923.52,1822.97,-8,0.034722222222222224,14.0625,899.45
TXN-00858,20260124,2,1,Packing,136,130,3,17,10.55,1,844.46,1231.11,6,0.022058823529411766,12.890995260663507,386.64999999999986
TXN-00859,20250329,4,2,Packing,199,167,2,18,15.23,1,1251.17,1990.95,32,0.010050251256281407,13.066316480630334,739.78
TXN-00860,20250808,4,4,Dispatch,114,104,8,14,9.61,1,804.62,1458.35,10,0.07017543859649122,11.86264308012487,653.7299999999999
TXN-00861,20251116,2,3,Assembly,115,131,3,15,9.9,0,699.98,1227.05,-16,0.02608695652173913,11.616161616161616,527.0699999999999
TXN-00862,20250623,1,3,Quality,115,125,0,3,10.15,1,714.37,1133.71,-10,0.0,11.330049261083744,419.34000000000003
TXN-00863,20250629,4,2,Dispatch,112,160,1,18,9.7,0,698.47,1147.17,-48,0.008928571428571428,11.546391752577321,448.70000000000005
TXN-00864,20250812,2,4,Quality,113,116,3,14,8.26,1,657.91,1063.48,-3,0.02654867256637168,13.68038740920097,405.57000000000005
TXN-00865,20250602,1,3,Dispatch,70,78,1,3,4.49,0,382.02,605.32,-8,0.014285714285714285,15.590200445434297,223.30000000000007
TXN-00866,20260305,1,3,Dispatch,72,72,0,4,6.96,1,403.38,835.17,0,0.0,10.344827586206897,431.78999999999996
TXN-00867,20260523,1,4,Dispatch,164,140,3,13,11.25,1,956.4,1928.61,24,0.018292682926829267,14.577777777777778,972.2099999999999
TXN-00868,20250220,1,2,Assembly,93,89,3,12,6.59,1,646.05,997.7,4,0.03225806451612903,14.112291350531107,351.6500000000001
TXN-00869,20260214,4,1,Quality,121,146,3,13,9.87,0,655.17,1107.2,-25,0.024793388429752067,12.25937183383992,452.0300000000001
TXN-00870,20251122,4,1,Quality,115,146,3,10,8.42,0,841.43,1250.75,-31,0.02608695652173913,13.657957244655583,409.32000000000005
TXN-00871,20250724,4,4,Quality,78,94,3,31,6.73,0,493.74,686.17,-16,0.038461538461538464,11.589895988112927,192.42999999999995
TXN-00872,20251118,3,2,Packing,176,157,4,38,14.01,0,1412.99,2180.91,19,0.022727272727272728,12.562455389007852,767.9199999999998
TXN-00873,20260207,2,3,Assembly,139,143,8,44,9.48,0,729.27,1758.12,-4,0.05755395683453238,14.662447257383965,1028.85
TXN-00874,20250304,1,3,Assembly,186,165,1,20,14.73,1,1015.58,2069.54,21,0.005376344086021506,12.627291242362524,1053.96
TXN-00875,20251003,1,2,Dispatch,112,93,1,32,9.71,1,719.27,1121.38,19,0.008928571428571428,11.534500514933058,402.1100000000001
TXN-00876,20250831,3,1,Quality,66,83,3,2,4.19,0,368.88,643.35,-17,0.045454545454545456,15.75178997613365,274.47
TXN-00877,20251027,4,3,Dispatch,58,74,0,10,3.42,0,368.14,654.84,-16,0.0,16.95906432748538,286.70000000000005
TXN-00878,20250621,2,1,Dispatch,165,148,5,5,11.37,1,1047.13,1435.75,17,0.030303030303030304,14.511873350923484,388.6199999999999
TXN-00879,20250129,2,1,Packing,165,137,3,8,12.66,1,1137.93,1502.45,28,0.01818181818181818,13.033175355450236,364.52
TXN-00880,20251030,4,4,Packing,116,141,5,6,8.5,0,753.44,1094.54,-25,0.04310344827586207,13.647058823529411,341.0999999999999
TXN-00881,20251209,1,4,Assembly,137,140,3,34,9.95,1,957.15,1343.24,-3,0.021897810218978103,13.768844221105528,386.09000000000003
TXN-00882,20260319,3,3,Quality,90,102,2,36,6.73,0,549.8,1068.54,-12,0.022222222222222223,13.372956909361069,518.74
TXN-00883,20250720,1,2,Assembly,103,86,1,18,9.47,1,733.84,1287.47,17,0.009708737864077669,10.876451953537487,553.63
TXN-00884,20250815,4,4,Packing,160,173,2,8,11.22,1,909.47,1884.95,-13,0.0125,14.260249554367201,975.48
TXN-00885,20260513,2,4,Dispatch,103,114,4,3,6.05,1,504.55,899.92,-11,0.038834951456310676,17.024793388429753,395.36999999999995
TXN-00886,20260118,1,2,Dispatch,162,146,3,1,12.15,1,973.44,1760.55,16,0.018518518518518517,13.333333333333332,787.1099999999999
TXN-00887,20250114,1,1,Quality,97,102,4,13,7.63,1,657.88,1188.39,-5,0.041237113402061855,12.7129750982962,530.5100000000001
TXN-00888,20251102,4,3,Assembly,153,147,3,20,12.68,1,1193.21,1418.98,6,0.0196078431372549,12.066246056782335,225.76999999999998
TXN-00889,20260120,3,3,Packing,112,103,2,2,7.17,1,780.13,1290.74,9,0.017857142857142856,15.620641562064156,510.61
TXN-00890,20260501,4,3,Dispatch,144,159,3,3,9.89,1,869.5,1363.26,-15,0.020833333333333332,14.560161779575328,493.76
TXN-00891,20251121,2,4,Packing,145,171,3,3,11.2,0,801.02,1364.47,-26,0.020689655172413793,12.946428571428573,563.45
TXN-00892,20251225,4,3,Packing,113,132,0,16,10.07,0,654.28,1032.57,-19,0.0,11.221449851042701,378.28999999999996
TXN-00893,20260323,3,1,Packing,178,176,1,9,12.01,1,921.67,2214.95,2,0.0056179775280898875,14.820982514571192,1293.2799999999997
TXN-00894,20250324,4,1,Dispatch,108,88,4,4,9.46,1,752.24,1055.19,20,0.037037037037037035,11.416490486257928,302.95000000000005
TXN-00895,20251006,2,1,Dispatch,89,119,2,46,8.56,0,549.85,854.14,-30,0.02247191011235955,10.397196261682243,304.28999999999996
TXN-00896,20250615,3,1,Assembly,96,91,3,28,7.71,1,739.32,960.91,5,0.03125,12.45136186770428,221.58999999999992
TXN-00897,20250915,4,2,Dispatch,177,163,4,16,15.37,1,1042.44,1928.7,14,0.022598870056497175,11.51594014313598,886.26
TXN-00898,20251209,3,3,Quality,85,79,3,15,6.9,1,598.64,977.15,6,0.03529411764705882,12.318840579710145,378.51
TXN-00899,20251209,1,2,Packing,156,173,3,35,12.43,0,1107.94,1475.04,-17,0.019230769230769232,12.55028157683025,367.0999999999999
TXN-00900,20250308,1,2,Dispatch,125,136,2,5,10.19,1,839.68,1560.35,-11,0.016,12.26692836113837,720.67
TXN-00901,20260226,1,3,Packing,97,92,4,29,6.23,1,750.19,922.63,5,0.041237113402061855,15.569823434991973,172.43999999999994
TXN-00902,20250126,4,3,Packing,150,176,2,0,12.12,0,945.04,1496.41,-26,0.013333333333333334,12.376237623762377,551.3700000000001
TXN-00903,20260217,4,3,Quality,132,119,0,6,8.93,1,659.1,1465.96,13,0.0,14.781634938409855,806.86
TXN-00904,20250416,1,1,Dispatch,72,80,0,9,3.73,1,441.36,669.86,-8,0.0,19.302949061662197,228.5
TXN-00906,20250604,2,3,Quality,109,105,1,4,9.57,1,584.09,1105.39,4,0.009174311926605505,11.389759665621733,521.3000000000001
TXN-00907,20250226,2,2,Assembly,167,164,3,33,13.84,1,886.8,1752.84,3,0.017964071856287425,12.066473988439306,866.04
TXN-00908,20250624,4,3,Quality,96,99,3,22,8.16,1,567.49,1094.82,-3,0.03125,11.76470588235294,527.3299999999999
TXN-00909,20251014,1,4,Packing,140,130,2,9,11.73,1,837.78,1271.73,10,0.014285714285714285,11.935208866155158,433.95000000000005
TXN-00910,20250524,1,4,Assembly,185,148,4,17,15.73,1,1420.74,2085.61,37,0.021621621621621623,11.760966306420851,664.8700000000001
TXN-00911,20260429,4,3,Dispatch,110,99,1,7,8.74,1,687.28,1401.18,11,0.00909090909090909,12.585812356979405,713.9000000000001
TXN-00912,20250629,2,4,Quality,118,95,2,17,7.55,1,768.98,1389.12,23,0.01694915254237288,15.629139072847682,620.1399999999999
TXN-00913,20250520,4,3,Assembly,106,88,1,22,9.33,1,615.01,1080.73,18,0.009433962264150943,11.361200428724544,465.72
TXN-00914,20250623,1,1,Packing,127,131,3,15,10.23,1,884.54,1491.54,-4,0.023622047244094488,12.41446725317693,607.0
TXN-00915,20250613,3,3,Dispatch,98,112,2,14,7.54,0,692.5,1018.63,-14,0.02040816326530612,12.9973474801061,326.13
TXN-00916,20260422,4,3,Packing,141,115,3,17,10.79,1,718.95,1534.97,26,0.02127659574468085,13.067655236329935,816.02
TXN-00917,20251217,4,2,Packing,124,106,0,4,8.81,1,643.88,1448.25,18,0.0,14.074914869466514,804.37
TXN-00918,20250304,3,2,Assembly,200,151,4,23,17.71,1,1108.73,1900.58,49,0.02,11.29305477131564,791.8499999999999
TXN-00919,20260310,1,3,Assembly,113,109,3,19,8.41,1,690.33,1395.73,4,0.02654867256637168,13.436385255648037,705.4
TXN-00920,20260529,4,3,Quality,137,148,1,8,11.33,1,1013.46,1563.3,-11,0.0072992700729927005,12.091791703442189,549.8399999999999
TXN-00921,20250103,4,3,Quality,108,110,2,13,7.73,1,549.49,1089.07,-2,0.018518518518518517,13.971539456662354,539.5799999999999
TXN-00922,20251115,1,2,Packing,126,119,2,3,8.98,1,697.47,1213.19,7,0.015873015873015872,14.031180400890868,515.72
TXN-00923,20250603,4,2,Quality,88,106,2,19,7.15,0,560.03,992.17,-18,0.022727272727272728,12.307692307692307,432.14
TXN-00924,20260511,2,1,Assembly,147,145,3,12,10.5,1,818.97,1715.17,2,0.02040816326530612,14.0,896.2
TXN-00925,20250215,1,4,Assembly,80,75,1,28,7.03,1,589.35,935.7,5,0.0125,11.379800853485063,346.35
TXN-00926,20250123,2,3,Packing,112,129,6,6,8.82,0,600.03,953.64,-17,0.05357142857142857,12.698412698412698,353.61
TXN-00927,20260105,4,1,Quality,156,164,4,12,12.75,1,1139.0,1572.64,-8,0.02564102564102564,12.235294117647058,433.6400000000001
TXN-00928,20250110,2,4,Quality,141,125,6,13,12.23,1,1030.68,1351.32,16,0.0425531914893617,11.529026982829109,320.6399999999999
TXN-00929,20260508,1,1,Dispatch,73,84,2,3,5.81,0,360.89,837.33,-11,0.0273972602739726,12.564543889845096,476.44000000000005
TXN-00930,20251230,4,3,Quality,142,159,1,14,10.71,0,943.5,1555.33,-17,0.007042253521126761,13.258636788048552,611.8299999999999
TXN-00931,20260506,2,3,Quality,90,94,3,24,5.52,1,577.92,948.23,-4,0.03333333333333333,16.304347826086957,370.31000000000006
TXN-00932,20260510,4,3,Assembly,124,98,3,32,10.39,1,886.58,1461.35,26,0.024193548387096774,11.934552454282963,574.7699999999999
TXN-00933,20251126,2,3,Dispatch,79,93,5,8,6.77,0,590.44,841.43,-14,0.06329113924050633,11.669128508124077,250.9899999999999
TXN-00934,20250506,3,3,Quality,111,124,2,10,9.64,0,736.44,1335.95,-13,0.018018018018018018,11.514522821576763,599.51
TXN-00935,20250203,2,2,Quality,83,80,3,9,4.89,1,529.78,872.51,3,0.03614457831325301,16.973415132924337,342.73
TXN-00936,20251126,4,3,Dispatch,135,128,6,48,10.95,0,1030.91,1657.68,7,0.044444444444444446,12.328767123287673,626.77
TXN-00937,20250318,4,1,Quality,96,113,1,14,6.04,0,611.62,1084.46,-17,0.010416666666666666,15.894039735099337,472.84000000000003
TXN-00938,20260409,2,2,Assembly,181,151,5,19,14.11,1,1296.33,1821.17,30,0.027624309392265192,12.827781715095677,524.8400000000001
TXN-00939,20250109,1,1,Assembly,162,159,5,21,14.59,1,1028.36,1442.84,3,0.030864197530864196,11.103495544893763,414.48
TXN-00940,20250827,4,4,Dispatch,78,83,2,17,4.87,1,439.91,996.48,-5,0.02564102564102564,16.01642710472279,556.5699999999999
TXN-00941,20260525,1,1,Quality,207,178,6,10,13.78,1,1347.33,2495.25,29,0.028985507246376812,15.021770682148041,1147.92
TXN-00942,20251218,4,4,Packing,140,123,6,6,10.31,1,700.65,1686.84,17,0.04285714285714286,13.579049466537342,986.1899999999999
TXN-00943,20260128,3,3,Assembly,156,148,1,11,11.51,1,1135.49,1993.28,8,0.00641025641025641,13.553431798436142,857.79
TXN-00944,20251223,3,4,Packing,103,85,1,40,8.21,0,713.28,1240.85,18,0.009708737864077669,12.545676004872107,527.5699999999999
TXN-00945,20260517,3,2,Packing,69,74,0,9,6.53,1,483.81,640.08,-5,0.0,10.566615620214394,156.27000000000004
TXN-00946,20250821,1,2,Dispatch,89,107,4,9,7.24,0,595.77,907.63,-18,0.0449438202247191,12.292817679558011,311.86
TXN-00947,20251029,3,4,Dispatch,117,105,2,2,8.52,1,589.31,1022.02,12,0.017094017094017096,13.732394366197184,432.71000000000004
TXN-00948,20250728,2,1,Assembly,79,73,4,29,6.01,1,536.91,683.19,6,0.05063291139240506,13.144758735440933,146.2800000000001
TXN-00949,20251206,4,4,Quality,83,85,0,1,7.42,1,585.86,962.11,-2,0.0,11.185983827493262,376.25
TXN-00950,20250924,2,2,Packing,129,131,3,30,8.41,1,762.69,1178.08,-2,0.023255813953488372,15.338882282996433,415.3899999999999
TXN-00951,20260309,2,2,Quality,181,155,5,5,14.35,1,1345.4,1817.09,26,0.027624309392265192,12.613240418118467,471.6899999999998
TXN-00952,20250917,2,3,Quality,78,72,2,44,6.53,0,619.3,997.16,6,0.02564102564102564,11.944869831546708,377.86
TXN-00953,20260430,2,3,Packing,215,160,5,3,15.63,1,1589.53,2115.0,55,0.023255813953488372,13.755598208573256,525.47
TXN-00954,20250807,1,3,Quality,141,168,2,17,8.64,0,941.74,1345.55,-27,0.014184397163120567,16.319444444444443,403.80999999999995
TXN-00955,20250330,4,3,Dispatch,94,94,2,4,8.6,1,662.71,842.37,0,0.02127659574468085,10.930232558139535,179.65999999999997
TXN-00956,20251226,1,1,Dispatch,195,157,0,3,13.31,1,1191.72,2388.92,38,0.0,14.650638617580766,1197.2
TXN-00957,20260316,1,1,Quality,170,146,2,5,12.99,1,1204.65,1824.69,24,0.011764705882352941,13.08698999230177,620.04
TXN-00958,20251029,4,2,Assembly,71,98,1,11,3.58,0,492.54,775.04,-27,0.014084507042253521,19.83240223463687,282.49999999999994
TXN-00959,20260119,3,1,Dispatch,72,70,1,7,5.17,1,445.07,851.55,2,0.013888888888888888,13.926499032882012,406.47999999999996
TXN-00960,20250830,1,3,Dispatch,143,172,2,8,9.44,0,1018.25,1243.35,-29,0.013986013986013986,15.148305084745763,225.0999999999999
TXN-00961,20250426,2,3,Assembly,152,135,7,17,12.95,1,860.94,1826.08,17,0.046052631578947366,11.737451737451739,965.1399999999999
TXN-00962,20251002,2,3,Assembly,131,173,5,14,11.44,0,790.78,1254.06,-42,0.03816793893129771,11.451048951048952,463.28
TXN-00963,20250115,2,3,Assembly,91,105,6,27,7.26,0,575.65,1120.34,-14,0.06593406593406594,12.534435261707989,544.6899999999999
TXN-00964,20250505,1,1,Dispatch,135,149,1,8,11.08,1,1028.78,1471.3,-14,0.007407407407407408,12.184115523465703,442.52
TXN-00965,20250624,2,4,Packing,117,114,1,4,8.8,1,709.14,1034.39,3,0.008547008547008548,13.295454545454545,325.2500000000001
TXN-00966,20250815,2,1,Packing,151,170,4,6,12.8,0,1153.6,1648.59,-19,0.026490066225165563,11.796875,494.99
TXN-00967,20250704,1,2,Assembly,77,84,0,34,6.81,1,625.8,781.65,-7,0.0,11.30690161527166,155.85000000000002
TXN-00968,20250106,2,1,Packing,171,159,4,8,13.62,1,956.74,1711.88,12,0.023391812865497075,12.555066079295155,755.1400000000001
TXN-00969,20251124,4,2,Assembly,170,149,7,32,14.8,1,874.05,1528.5,21,0.041176470588235294,11.486486486486486,654.45
TXN-00970,20250613,3,4,Assembly,123,129,1,25,8.68,1,762.83,1308.14,-6,0.008130081300813009,14.170506912442397,545.3100000000001
TXN-00971,20250207,4,3,Assembly,112,99,5,24,9.68,1,678.74,1325.2,13,0.044642857142857144,11.570247933884298,646.46
TXN-00972,20251220,1,3,Quality,127,132,3,18,7.54,1,737.77,1264.01,-5,0.023622047244094488,16.843501326259947,526.24
TXN-00973,20260316,1,4,Quality,126,123,5,10,8.01,1,925.4,1568.93,3,0.03968253968253968,15.730337078651687,643.5300000000001
TXN-00974,20250225,4,4,Dispatch,89,84,1,25,6.61,1,533.53,772.72,5,0.011235955056179775,13.46444780635401,239.19000000000005
TXN-00975,20250607,3,3,Dispatch,165,162,5,6,12.69,1,1211.54,1469.04,3,0.030303030303030304,13.002364066193854,257.5
TXN-00976,20260226,1,3,Assembly,68,76,1,20,4.01,0,500.87,811.65,-8,0.014705882352941176,16.957605985037407,310.78
TXN-00977,20250530,2,2,Dispatch,102,97,3,3,9.4,1,730.63,1169.71,5,0.029411764705882353,10.851063829787234,439.08000000000004
TXN-00978,20250412,3,2,Assembly,182,175,3,32,15.02,1,1050.5,1615.32,7,0.016483516483516484,12.11717709720373,564.8199999999999
TXN-00979,20260402,1,3,Assembly,112,112,4,12,7.74,1,815.24,1382.82,0,0.03571428571428571,14.470284237726098,567.5799999999999
TXN-00980,20251102,2,1,Assembly,88,95,0,14,7.47,1,587.14,768.93,-7,0.0,11.78045515394913,181.78999999999996
TXN-00981,20260321,4,4,Quality,163,169,4,3,12.43,1,811.38,1840.31,-6,0.024539877300613498,13.113435237329043,1028.9299999999998
TXN-00982,20250705,2,4,Dispatch,143,134,6,20,11.83,1,898.75,1739.98,9,0.04195804195804196,12.087912087912088,841.23
TXN-00983,20260421,1,2,Packing,73,70,6,2,5.96,1,498.47,925.58,3,0.0821917808219178,12.248322147651006,427.11
TXN-00984,20250520,4,2,Assembly,148,163,2,25,10.81,1,1162.72,1690.15,-15,0.013513513513513514,13.691026827012026,527.4300000000001
TXN-00985,20260413,4,2,Packing,178,160,5,29,12.94,1,934.59,2162.47,18,0.028089887640449437,13.75579598145286,1227.8799999999997
TXN-00986,20250511,1,3,Packing,101,105,4,4,6.53,1,601.51,971.36,-4,0.039603960396039604,15.467075038284838,369.85
TXN-00987,20260207,4,1,Dispatch,111,104,1,8,7.67,1,809.4,1134.66,7,0.009009009009009009,14.471968709256846,325.2600000000001
TXN-00989,20250108,4,4,Quality,77,71,0,40,6.18,0,583.21,907.49,6,0.0,12.459546925566343,324.28
TXN-00990,20251224,2,1,Packing,109,86,2,9,9.16,1,629.29,1288.91,23,0.01834862385321101,11.899563318777293,659.6200000000001
TXN-00991,20250327,1,4,Quality,114,113,1,13,9.49,1,876.43,1395.85,1,0.008771929824561403,12.012644889357217,519.42
TXN-00992,20250817,2,4,Quality,96,107,0,3,7.82,0,625.22,1036.14,-11,0.0,12.27621483375959,410.9200000000001
TXN-00993,20250911,3,1,Assembly,83,100,5,14,6.78,0,478.89,718.0,-17,0.060240963855421686,12.241887905604719,239.11
TXN-00994,20250424,3,3,Quality,93,95,1,5,6.66,1,627.32,999.54,-2,0.010752688172043012,13.963963963963964,372.2199999999999
TXN-00995,20251008,4,4,Assembly,64,79,2,24,6.55,0,419.31,680.91,-15,0.03125,9.770992366412214,261.59999999999997
TXN-00996,20250630,3,4,Dispatch,102,103,4,32,9.68,1,812.05,996.75,-1,0.0392156862745098,10.537190082644628,184.70000000000005
TXN-00997,20250407,4,1,Packing,81,86,2,10,6.95,1,455.83,938.73,-5,0.024691358024691357,11.654676258992806,482.90000000000003
TXN-00998,20250706,3,3,Dispatch,80,81,2,11,6.5,1,607.98,738.41,-1,0.025,12.307692307692308,130.42999999999995
TXN-00999,20260427,4,3,Packing,98,128,4,16,8.38,0,590.48,949.76,-30,0.04081632653061224,11.694510739856801,359.28
TXN-01000,20260403,3,2,Assembly,127,108,1,23,9.93,1,948.34,1389.48,19,0.007874015748031496,12.789526686807655,441.14
TXN-01001,20250730,2,3,Dispatch,168,168,6,13,12.88,1,1242.19,2108.47,0,0.03571428571428571,13.043478260869565,866.2799999999997
TXN-01002,20250702,1,4,Dispatch,135,178,1,18,9.57,0,926.79,1538.82,-43,0.007407407407407408,14.106583072100314,612.03
TXN-01003,20260223,3,4,Assembly,90,88,2,33,6.8,1,683.77,946.3,2,0.022222222222222223,13.23529411764706,262.53
TXN-01004,20260306,3,4,Quality,151,143,2,24,11.09,1,1189.52,1500.81,8,0.013245033112582781,13.615870153291253,311.28999999999996
TXN-01005,20251217,4,1,Dispatch,93,102,0,6,7.11,1,702.89,973.01,-9,0.0,13.080168776371307,270.12
TXN-01006,20251223,4,3,Dispatch,107,112,0,28,7.95,1,634.53,1086.22,-5,0.0,13.459119496855346,451.69000000000005
TXN-01007,20251119,4,2,Quality,105,88,3,4,6.71,1,793.22,1166.12,17,0.02857142857142857,15.648286140089418,372.89999999999986
TXN-01008,20251014,3,1,Dispatch,115,163,3,2,8.64,0,557.31,1341.58,-48,0.02608695652173913,13.310185185185185,784.27
TXN-01009,20250205,4,1,Packing,170,137,2,27,14.21,1,1164.41,2000.42,33,0.011764705882352941,11.963406052076001,836.01
TXN-01010,20250913,4,1,Dispatch,116,108,1,17,7.46,1,807.2,1215.11,8,0.008620689655172414,15.549597855227882,407.90999999999985
TXN-01011,20250808,1,2,Dispatch,104,130,0,1,7.46,0,675.07,1318.67,-26,0.0,13.941018766756033,643.6
TXN-01012,20260309,2,2,Quality,126,111,5,37,9.09,0,921.69,1147.13,15,0.03968253968253968,13.861386138613861,225.44000000000005
TXN-01013,20260324,4,4,Quality,81,82,4,26,5.56,1,443.17,983.85,-1,0.04938271604938271,14.568345323741008,540.6800000000001
TXN-01014,20250822,1,2,Quality,139,174,2,14,11.21,0,974.12,1314.13,-35,0.014388489208633094,12.39964317573595,340.0100000000001
TXN-01015,20250227,2,3,Dispatch,104,125,3,15,7.91,0,761.12,1209.92,-21,0.028846153846153848,13.147914032869785,448.80000000000007
TXN-01016,20260418,4,1,Assembly,132,124,2,37,10.21,0,980.85,1439.37,8,0.015151515151515152,12.928501469147893,458.51999999999987
TXN-01017,20250421,4,4,Quality,129,124,4,35,8.01,0,733.39,1498.1,5,0.031007751937984496,16.10486891385768,764.7099999999999
TXN-01018,20250731,5,4,Packing,122,136,5,36,9.69,0,676.02,1213.57,-14,0.040983606557377046,12.59029927760578,537.55
TXN-01019,20250220,4,2,Quality,203,149,4,16,13.7,1,1316.4,1852.69,54,0.019704433497536946,14.817518248175183,536.29
TXN-01020,20250617,3,3,Packing,77,83,3,67,5.84,0,516.91,898.99,-6,0.03896103896103896,13.184931506849315,382.08000000000004
TXN-01021,20260120,1,1,Quality,106,88,4,33,7.55,1,847.77,1130.15,18,0.03773584905660377,14.039735099337749,282.3800000000001
TXN-01022,20260325,2,3,Dispatch,112,99,5,5,8.59,1,707.64,1170.62,13,0.044642857142857144,13.038416763678697,462.9799999999999
TXN-01023,20260211,1,4,Packing,167,124,2,16,13.21,1,839.29,1459.99,43,0.011976047904191617,12.641937925813776,620.7
TXN-01024,20250102,3,2,Assembly,169,138,3,15,15.06,1,1175.55,2021.43,31,0.01775147928994083,11.221779548472774,845.8800000000001
TXN-01025,20250820,4,3,Dispatch,120,128,6,5,8.55,1,659.57,1509.99,-8,0.05,14.035087719298245,850.42
TXN-01026,20250510,1,3,Quality,115,128,0,28,9.62,0,813.68,1284.22,-13,0.0,11.954261954261955,470.5400000000001
TXN-01027,20260420,2,1,Assembly,106,84,2,22,7.2,1,642.84,1267.63,22,0.018867924528301886,14.722222222222221,624.7900000000001
TXN-01028,20260113,1,1,Assembly,172,147,3,18,12.89,1,1109.16,1586.66,25,0.01744186046511628,13.34367726920093,477.5
TXN-01029,20250508,1,1,Dispatch,152,152,2,18,9.53,1,794.9,1337.39,0,0.013157894736842105,15.949632738719833,542.4900000000001
TXN-01030,20260102,3,2,Assembly,131,133,0,25,10.45,1,992.26,1400.88,-2,0.0,12.535885167464116,408.6200000000001
TXN-01031,20260224,4,3,Dispatch,99,83,1,14,8.91,1,675.1,1184.32,16,0.010101010101010102,11.11111111111111,509.2199999999999
TXN-01032,20260323,2,1,Assembly,115,108,1,16,10.13,1,873.97,1158.27,7,0.008695652173913044,11.352418558736426,284.29999999999995
TXN-01033,20260108,2,4,Assembly,106,101,1,20,8.41,1,793.99,1230.79,5,0.009433962264150943,12.604042806183115,436.79999999999995
TXN-01034,20260204,4,2,Dispatch,90,72,0,12,5.18,1,549.72,1134.99,18,0.0,17.374517374517374,585.27
TXN-01035,20260131,1,2,Dispatch,94,114,3,13,7.79,0,527.23,971.57,-20,0.031914893617021274,12.066752246469832,444.34000000000003
TXN-01036,20250131,2,1,Quality,165,138,5,13,11.83,1,859.5,2096.88,27,0.030303030303030304,13.947590870667794,1237.38
TXN-01037,20250105,2,1,Packing,146,164,5,25,10.74,0,783.24,1414.79,-18,0.03424657534246575,13.594040968342645,631.55
TXN-01038,20250804,4,1,Assembly,79,83,2,10,6.91,1,579.79,988.95,-4,0.02531645569620253,11.432706222865413,409.1600000000001
TXN-01039,20260514,3,1,Assembly,96,92,3,17,6.42,1,719.0,1108.01,4,0.03125,14.953271028037383,389.01
TXN-01040,20251220,1,2,Quality,159,147,2,3,13.13,1,918.12,1923.53,12,0.012578616352201259,12.109672505712108,1005.41
TXN-01042,20250625,3,1,Dispatch,145,162,2,23,11.39,0,860.19,1846.94,-17,0.013793103448275862,12.73046532045654,986.75
TXN-01043,20250507,2,1,Assembly,85,85,5,19,6.95,1,540.15,805.1,0,0.058823529411764705,12.23021582733813,264.95000000000005
TXN-01044,20250723,1,4,Quality,144,175,2,20,10.24,0,1090.0,1630.68,-31,0.013888888888888888,14.0625,540.6800000000001
TXN-01045,20260511,4,2,Quality,134,158,3,7,11.01,0,919.7,1237.04,-24,0.022388059701492536,12.170753860127157,317.3399999999999
TXN-01046,20260227,4,2,Assembly,160,147,5,22,13.35,1,1217.98,1477.3,13,0.03125,11.985018726591761,259.31999999999994
TXN-01047,20251114,1,3,Assembly,113,174,2,25,9.66,0,675.56,1103.47,-61,0.017699115044247787,11.697722567287785,427.9100000000001
TXN-01048,20251018,4,2,Dispatch,151,154,2,7,10.14,1,1034.91,1662.91,-3,0.013245033112582781,14.891518737672582,628.0
TXN-01049,20250906,1,3,Assembly,129,150,3,24,9.19,0,984.01,1508.53,-21,0.023255813953488372,14.036996735582155,524.52
TXN-01050,20251130,3,3,Quality,151,164,3,7,11.37,1,893.71,1395.67,-13,0.019867549668874173,13.280562884784521,501.96000000000004
TXN-01051,20260101,2,3,Dispatch,139,131,1,10,10.0,1,851.16,1199.43,8,0.007194244604316547,13.9,348.2700000000001
TXN-01052,20260309,2,1,Quality,91,88,4,31,5.43,1,627.22,1014.41,3,0.04395604395604396,16.75874769797422,387.18999999999994
TXN-01053,20250706,2,2,Dispatch,194,156,5,29,13.42,1,1065.69,2457.75,38,0.02577319587628866,14.456035767511178,1392.06
TXN-01054,20250123,4,1,Assembly,132,129,5,28,10.84,1,784.26,1581.56,3,0.03787878787878788,12.177121771217712,797.3
TXN-01055,20260311,1,3,Dispatch,175,169,6,8,13.27,1,1306.27,1758.47,6,0.03428571428571429,13.187641296156745,452.20000000000005
TXN-01056,20260505,2,3,Assembly,108,92,4,12,8.71,1,549.46,1248.22,16,0.037037037037037035,12.399540757749712,698.76
TXN-01057,20260105,1,2,Packing,167,172,3,10,12.82,1,1227.93,1716.74,-5,0.017964071856287425,13.026521060842434,488.80999999999995
TXN-01058,20250906,1,4,Dispatch,173,159,5,1,13.47,1,1270.87,2145.49,14,0.028901734104046242,12.843355605048254,874.6199999999999
TXN-01059,20250202,1,1,Dispatch,145,122,4,19,13.62,1,769.25,1659.71,23,0.027586206896551724,10.64610866372981,890.46
TXN-01060,20250507,1,1,Dispatch,96,84,3,14,6.66,1,505.16,1149.21,12,0.03125,14.414414414414415,644.05
TXN-01061,20250616,1,3,Assembly,108,140,2,29,7.99,0,843.22,1275.77,-32,0.018518518518518517,13.516896120150188,432.54999999999995
TXN-01062,20250427,2,3,Packing,187,177,6,11,13.57,1,1420.74,2036.6,10,0.03208556149732621,13.780397936624908,615.8599999999999
TXN-01063,20260527,1,4,Assembly,165,176,1,19,11.23,1,1214.73,1666.69,-11,0.006060606060606061,14.692787177203918,451.96000000000004
TXN-01064,20250607,2,1,Packing,169,172,4,20,15.37,1,963.82,1742.75,-3,0.023668639053254437,10.995445673389721,778.93
TXN-01065,20250731,2,2,Packing,126,171,2,8,7.92,0,899.55,1236.42,-45,0.015873015873015872,15.90909090909091,336.8700000000001
TXN-01066,20260512,2,1,Packing,90,98,2,5,8.93,1,539.79,835.92,-8,0.022222222222222223,10.07838745800672,296.13
TXN-01067,20251128,1,3,Assembly,170,179,4,11,13.22,1,1115.19,1554.62,-9,0.023529411764705882,12.85930408472012,439.42999999999984
TXN-01068,20260421,2,1,Packing,201,178,6,11,15.5,1,1202.2,2468.88,23,0.029850746268656716,12.96774193548387,1266.68
TXN-01069,20250426,4,3,Packing,182,171,3,19,11.68,1,953.32,1578.06,11,0.016483516483516484,15.582191780821919,624.7399999999999
TXN-01070,20250219,4,3,Dispatch,117,124,2,15,8.48,1,613.3,1108.64,-7,0.017094017094017096,13.797169811320755,495.34000000000015
TXN-01071,20260221,1,1,Quality,98,102,0,4,7.9,1,569.51,1034.81,-4,0.0,12.40506329113924,465.29999999999995
TXN-01072,20260323,1,1,Quality,123,100,3,12,9.13,1,894.44,1574.27,23,0.024390243902439025,13.472070098576122,679.8299999999999
TXN-01073,20251216,1,4,Quality,101,127,2,24,6.83,0,709.42,931.34,-26,0.019801980198019802,14.787701317715959,221.92000000000007
TXN-01074,20250212,3,2,Packing,181,148,7,5,14.76,1,901.36,1857.72,33,0.03867403314917127,12.262872628726287,956.36
TXN-01075,20250123,2,4,Packing,172,138,3,14,14.11,1,940.05,2052.34,34,0.01744186046511628,12.189936215450036,1112.2900000000002
TXN-01076,20250422,2,4,Assembly,169,160,5,39,12.41,0,1235.41,1541.18,9,0.029585798816568046,13.61804995970991,305.77
TXN-01077,20251220,2,4,Assembly,132,115,2,29,10.51,1,876.74,1521.74,17,0.015151515151515152,12.559467174119886,645.0
TXN-01078,20260517,3,3,Assembly,156,127,1,45,11.34,0,982.04,1899.47,29,0.00641025641025641,13.756613756613756,917.4300000000001
TXN-01079,20251215,2,3,Quality,73,73,4,24,7.44,1,578.93,672.9,0,0.0547945205479452,9.811827956989246,93.97000000000003
TXN-01080,20250101,3,2,Assembly,151,151,2,20,13.2,1,845.62,1532.71,0,0.013245033112582781,11.43939393939394,687.09
TXN-01081,20250823,1,2,Packing,102,96,3,20,7.66,1,787.54,982.31,6,0.029411764705882353,13.315926892950392,194.76999999999998
TXN-01082,20250221,4,2,Quality,93,95,3,9,9.21,1,699.18,845.22,-2,0.03225806451612903,10.09771986970684,146.04000000000008
TXN-01083,20260430,1,1,Dispatch,171,158,1,8,13.44,1,979.82,1477.13,13,0.005847953216374269,12.723214285714286,497.31000000000006
TXN-01084,20250618,4,3,Assembly,156,136,1,23,12.3,1,940.63,1674.54,20,0.00641025641025641,12.682926829268292,733.91
TXN-01085,20250310,3,4,Assembly,117,109,1,17,9.79,1,640.62,1264.18,8,0.008547008547008548,11.95097037793667,623.5600000000001
TXN-01086,20260212,4,1,Assembly,138,143,2,26,9.52,1,955.4,1637.45,-5,0.014492753623188406,14.495798319327731,682.0500000000001
TXN-01087,20251021,3,1,Assembly,157,157,3,16,12.34,1,1101.29,1795.25,0,0.01910828025477707,12.722852512155592,693.96
TXN-01088,20251010,2,3,Dispatch,117,140,1,19,9.0,0,674.92,1166.84,-23,0.008547008547008548,13.0,491.91999999999996
TXN-01089,20251126,4,3,Quality,173,162,2,40,13.18,0,1033.76,1523.66,11,0.011560693641618497,13.125948406676784,489.9000000000001
TXN-01090,20250517,4,4,Packing,138,120,3,8,10.99,1,899.51,1520.45,18,0.021739130434782608,12.556869881710647,620.94
TXN-01091,20260219,3,1,Dispatch,78,92,0,25,4.5,0,622.34,974.8,-14,0.0,17.333333333333332,352.4599999999999
TXN-01092,20251223,4,3,Quality,130,112,3,15,9.35,1,907.4,1501.93,18,0.023076923076923078,13.903743315508022,594.5300000000001
TXN-01093,20250823,4,3,Packing,144,134,4,22,11.23,1,1089.73,1317.72,10,0.027777777777777776,12.82279608192342,227.99
TXN-01094,20250410,4,3,Packing,103,95,5,14,4.81,1,636.26,1103.86,8,0.04854368932038835,21.413721413721415,467.5999999999999
TXN-01095,20260503,4,3,Assembly,157,165,7,13,12.97,1,1021.32,1780.76,-8,0.044585987261146494,12.10485736314572,759.4399999999999
TXN-01096,20260109,1,3,Assembly,130,96,1,23,9.46,1,785.03,1179.99,34,0.007692307692307693,13.742071881606764,394.96000000000004
TXN-01097,20250611,3,4,Dispatch,110,113,2,25,9.88,1,829.29,1004.17,-3,0.01818181818181818,11.133603238866396,174.88
TXN-01098,20250801,1,3,Packing,76,93,1,5,4.89,0,475.54,908.84,-17,0.013157894736842105,15.541922290388548,433.3
TXN-01099,20250919,3,2,Packing,148,147,1,37,12.26,0,923.22,1355.67,1,0.006756756756756757,12.071778140293638,432.45000000000005
TXN-01100,20260509,3,3,Packing,198,170,4,3,16.82,1,1293.06,2293.88,28,0.020202020202020204,11.771700356718192,1000.8200000000002
TXN-01101,20250917,4,3,Quality,112,113,1,27,8.54,1,652.51,1064.27,-1,0.008928571428571428,13.114754098360658,411.76
TXN-01102,20260206,4,2,Dispatch,86,81,3,7,6.06,1,546.48,1061.7,5,0.03488372093023256,14.191419141914192,515.22
TXN-01103,20250321,1,4,Packing,185,142,1,28,11.73,1,965.87,2292.22,43,0.005405405405405406,15.771526001705029,1326.35
TXN-01104,20251206,4,2,Dispatch,95,89,2,1,7.21,1,470.77,939.86,6,0.021052631578947368,13.176144244105409,469.09000000000003
TXN-01105,20250222,1,4,Dispatch,139,139,2,26,10.15,1,925.09,1184.61,0,0.014388489208633094,13.694581280788176,259.51999999999987
TXN-01106,20250401,2,4,Assembly,91,76,1,11,6.2,1,544.04,798.57,15,0.01098901098901099,14.67741935483871,254.5300000000001
TXN-01107,20250415,3,2,Quality,133,114,7,3,11.5,1,788.69,1498.37,19,0.05263157894736842,11.565217391304348,709.6799999999998
TXN-01108,20250811,3,3,Quality,122,126,2,30,10.21,1,683.26,1498.46,-4,0.01639344262295082,11.949069539666992,815.2
TXN-01109,20260113,4,4,Quality,100,123,3,6,7.81,0,732.82,869.59,-23,0.03,12.804097311139566,136.76999999999998
TXN-01110,20250512,2,4,Packing,150,123,5,14,12.65,1,987.99,1306.85,27,0.03333333333333333,11.857707509881422,318.8599999999999
TXN-01111,20260112,1,1,Packing,123,110,3,6,10.22,1,666.48,1126.95,13,0.024390243902439025,12.035225048923678,460.47
TXN-01112,20250720,1,3,Packing,135,119,2,5,13.22,1,902.4,1299.66,16,0.014814814814814815,10.211800302571861,397.2600000000001
TXN-01113,20250523,1,2,Assembly,96,81,1,20,6.88,1,761.96,863.23,15,0.010416666666666666,13.953488372093023,101.26999999999998
TXN-01114,20250209,1,1,Packing,137,136,4,28,11.26,1,954.56,1349.4,1,0.029197080291970802,12.166962699822381,394.84000000000015
TXN-01115,20250722,1,2,Quality,71,83,1,15,8.04,0,498.31,866.02,-12,0.014084507042253521,8.83084577114428,367.71
TXN-01116,20260119,2,2,Quality,111,133,5,6,8.39,0,690.33,1093.79,-22,0.04504504504504504,13.230035756853397,403.4599999999999
TXN-01117,20250416,4,4,Assembly,127,116,3,46,8.47,0,917.39,1223.85,11,0.023622047244094488,14.99409681227863,306.4599999999999
TXN-01118,20250328,3,4,Dispatch,108,107,0,13,6.69,1,647.64,1152.76,1,0.0,16.143497757847534,505.12
TXN-01119,20251123,2,1,Dispatch,130,132,7,4,10.74,1,832.95,1496.76,-2,0.05384615384615385,12.104283054003725,663.81
TXN-01120,20260218,2,1,Assembly,179,174,3,40,15.73,0,1330.04,2237.94,5,0.01675977653631285,11.379529561347743,907.9000000000001
TXN-01121,20250516,2,2,Quality,109,108,4,19,7.61,1,658.4,1276.3,1,0.03669724770642202,14.323258869908015,617.9
TXN-01122,20250615,3,2,Quality,116,110,2,15,9.05,1,842.81,1356.33,6,0.017241379310344827,12.817679558011049,513.52
TXN-01123,20250627,1,2,Packing,150,124,2,17,10.99,1,1008.43,1823.19,26,0.013333333333333334,13.64877161055505,814.7600000000001
TXN-01124,20260119,2,3,Quality,93,93,3,16,7.29,1,552.27,950.39,0,0.03225806451612903,12.757201646090534,398.12
TXN-01125,20260402,4,4,Assembly,78,76,2,23,6.34,1,542.5,775.04,2,0.02564102564102564,12.302839116719243,232.53999999999996
TXN-01126,20250502,1,2,Packing,139,115,5,28,9.74,1,975.95,1341.49,24,0.03597122302158273,14.271047227926077,365.53999999999996
TXN-01127,20260121,4,1,Quality,83,74,1,16,6.11,1,521.05,930.33,9,0.012048192771084338,13.584288052373157,409.2800000000001
TXN-01128,20260319,4,2,Quality,105,122,1,13,8.97,0,696.28,950.12,-17,0.009523809523809525,11.705685618729095,253.84000000000003
TXN-01129,20260225,3,4,Packing,170,156,5,6,12.87,1,1239.6,1917.81,14,0.029411764705882353,13.209013209013209,678.21
TXN-01130,20260320,2,1,Quality,153,133,5,1,12.56,1,810.78,1436.91,20,0.032679738562091505,12.181528662420382,626.1300000000001
TXN-01131,20260411,1,1,Quality,81,79,1,20,5.74,1,625.63,928.17,2,0.012345679012345678,14.11149825783972,302.53999999999996
TXN-01132,20251010,3,1,Dispatch,105,111,1,9,9.51,1,583.94,1306.57,-6,0.009523809523809525,11.041009463722398,722.6299999999999
TXN-01133,20250717,4,2,Quality,90,109,3,29,7.7,0,739.57,1058.39,-19,0.03333333333333333,11.688311688311687,318.82000000000005
TXN-01134,20250816,3,1,Dispatch,148,152,4,19,11.75,1,817.17,1407.96,-4,0.02702702702702703,12.595744680851064,590.7900000000001
TXN-01135,20260109,3,2,Assembly,108,87,2,27,6.48,1,850.52,1103.53,21,0.018518518518518517,16.666666666666664,253.01
TXN-01136,20250206,4,1,Quality,78,83,1,9,6.93,1,417.58,782.66,-5,0.01282051282051282,11.255411255411255,365.08
TXN-01137,20250529,4,4,Dispatch,60,72,3,18,6.2,0,499.96,553.31,-12,0.05,9.67741935483871,53.349999999999966
TXN-01138,20250808,3,2,Packing,152,155,1,17,12.29,1,977.1,1434.2,-3,0.006578947368421052,12.367778681855167,457.1
TXN-01139,20260406,2,2,Assembly,152,120,4,23,11.97,1,1106.55,1747.28,32,0.02631578947368421,12.698412698412698,640.73
TXN-01140,20260226,2,4,Quality,168,172,2,1,12.84,1,882.44,1586.29,-4,0.011904761904761904,13.08411214953271,703.8499999999999
TXN-01141,20250623,1,4,Assembly,163,176,4,22,12.56,1,1194.07,1996.65,-13,0.024539877300613498,12.977707006369426,802.5800000000002
TXN-01142,20251014,3,4,Quality,140,144,1,31,12.34,1,805.24,1480.09,-4,0.007142857142857143,11.345218800648299,674.8499999999999
TXN-01143,20250928,2,1,Quality,67,97,0,6,4.82,0,490.46,722.41,-30,0.0,13.900414937759335,231.95
TXN-01144,20250122,2,2,Quality,115,103,5,3,8.22,1,865.08,1195.64,12,0.043478260869565216,13.990267639902676,330.56000000000006
TXN-01145,20250531,1,2,Packing,96,80,2,6,8.73,1,521.0,1051.6,16,0.020833333333333332,10.996563573883162,530.5999999999999
TXN-01146,20251215,4,1,Dispatch,125,121,3,8,9.21,1,733.15,1418.35,4,0.024,13.572204125950053,685.1999999999999
TXN-01147,20251213,3,2,Assembly,157,153,2,24,13.15,1,1143.96,1596.86,4,0.012738853503184714,11.939163498098859,452.89999999999986
TXN-01148,20250717,2,3,Dispatch,166,176,5,15,11.86,1,1024.34,1789.12,-10,0.030120481927710843,13.996627318718382,764.78
TXN-01149,20250124,4,3,Quality,97,94,2,22,7.61,1,670.31,1062.09,3,0.020618556701030927,12.746386333771353,391.78
TXN-01150,20250411,4,3,Packing,139,123,5,6,9.56,1,1012.98,1643.75,16,0.03597122302158273,14.539748953974895,630.77
TXN-01151,20250427,4,1,Assembly,202,162,4,12,15.22,1,1071.49,1952.65,40,0.019801980198019802,13.272010512483574,881.1600000000001
TXN-01152,20251215,2,3,Dispatch,151,160,2,10,9.86,1,1110.18,1566.22,-9,0.013245033112582781,15.314401622718053,456.03999999999996
TXN-01153,20260410,3,2,Dispatch,178,172,3,6,12.64,1,1167.3,1718.86,6,0.016853932584269662,14.082278481012658,551.56
TXN-01154,20250110,1,3,Quality,155,152,3,4,11.96,1,820.04,1813.25,3,0.01935483870967742,12.959866220735785,993.21
TXN-01155,20251030,1,1,Quality,98,89,0,15,8.05,1,591.4,862.09,9,0.0,12.17391304347826,270.69000000000005
TXN-01156,20250923,4,1,Assembly,123,157,3,10,10.74,0,889.54,1161.28,-34,0.024390243902439025,11.452513966480447,271.74
TXN-01157,20251206,2,4,Quality,213,164,6,42,15.92,0,1177.89,2497.92,49,0.028169014084507043,13.379396984924623,1320.03
TXN-01158,20250409,5,2,Packing,92,90,3,26,6.92,1,765.27,1169.95,2,0.03260869565217391,13.294797687861271,404.68000000000006
TXN-01159,20250414,4,1,Packing,133,113,3,25,9.62,1,866.2,1582.54,20,0.022556390977443608,13.825363825363826,716.3399999999999
TXN-01161,20251102,4,2,Packing,157,173,1,11,12.85,1,1200.23,1861.0,-16,0.006369426751592357,12.217898832684826,660.77
TXN-01162,20251125,4,1,Dispatch,121,128,1,16,8.73,1,803.47,1402.0,-7,0.008264462809917356,13.8602520045819,598.53
TXN-01163,20260416,2,1,Packing,161,133,1,22,14.26,1,857.88,1813.37,28,0.006211180124223602,11.290322580645162,955.4899999999999
TXN-01164,20250422,4,3,Packing,159,158,0,8,13.08,1,1200.66,1447.54,1,0.0,12.155963302752294,246.87999999999988
TXN-01165,20260319,4,2,Dispatch,159,141,3,17,10.39,1,878.55,1613.05,18,0.018867924528301886,15.30317613089509,734.5
TXN-01166,20260307,3,3,Dispatch,181,172,5,10,13.64,1,1181.64,2237.05,9,0.027624309392265192,13.269794721407624,1055.41
TXN-01168,20251015,3,4,Dispatch,148,161,7,16,10.74,1,1078.44,1551.25,-13,0.0472972972972973,13.780260707635009,472.80999999999995
TXN-01169,20250915,1,3,Packing,58,74,2,16,3.98,0,438.52,650.22,-16,0.034482758620689655,14.57286432160804,211.70000000000005
TXN-01170,20250429,3,1,Dispatch,137,153,4,12,10.89,0,729.39,1515.28,-16,0.029197080291970802,12.580348943985307,785.89
TXN-01171,20260419,4,3,Quality,140,125,5,4,11.0,1,753.83,1707.47,15,0.03571428571428571,12.727272727272727,953.64
TXN-01172,20250714,4,1,Dispatch,140,142,3,7,9.33,1,791.96,1478.55,-2,0.02142857142857143,15.005359056806002,686.5899999999999
TXN-01173,20250625,2,3,Assembly,161,176,2,26,11.27,1,1031.5,1882.15,-15,0.012422360248447204,14.285714285714286,850.6500000000001
TXN-01174,20251117,1,4,Assembly,69,74,2,18,5.06,1,381.95,822.12,-5,0.028985507246376812,13.636363636363637,440.17
TXN-01175,20250113,3,4,Assembly,122,118,4,11,8.81,1,758.15,1327.57,4,0.03278688524590164,13.847900113507377,569.42
TXN-01176,20250922,4,4,Dispatch,96,131,1,2,8.66,0,725.32,1098.74,-35,0.010416666666666666,11.085450346420323,373.41999999999996
TXN-01177,20250906,1,4,Dispatch,89,79,3,3,8.23,1,452.16,1070.59,10,0.033707865168539325,10.814094775212636,618.4299999999998
TXN-01178,20250130,1,1,Assembly,103,90,3,26,8.2,1,810.97,889.78,13,0.02912621359223301,12.560975609756099,78.80999999999995
TXN-01179,20250619,3,3,Dispatch,135,118,0,13,10.05,1,968.6,1320.44,17,0.0,13.432835820895521,351.84000000000003
TXN-01180,20260208,1,4,Packing,148,124,5,14,13.22,1,1057.29,1423.4,24,0.033783783783783786,11.195158850226928,366.1100000000001
TXN-01181,20250820,4,4,Assembly,69,78,1,27,3.56,0,462.8,656.54,-9,0.014492753623188406,19.382022471910112,193.73999999999995
TXN-01182,20251109,4,2,Dispatch,164,179,2,9,12.16,1,1204.42,1396.76,-15,0.012195121951219513,13.486842105263158,192.33999999999992
TXN-01183,20260508,1,2,Dispatch,126,121,2,15,9.77,1,819.72,1573.07,5,0.015873015873015872,12.896622313203686,753.3499999999999
TXN-01184,20250404,2,3,Packing,79,79,3,23,7.75,1,506.97,818.42,0,0.0379746835443038,10.193548387096774,311.44999999999993
TXN-01185,20260217,2,3,Dispatch,173,177,3,37,13.62,0,970.0,1952.43,-4,0.017341040462427744,12.701908957415567,982.4300000000001
TXN-01186,20250107,3,4,Packing,81,73,2,2,6.07,1,476.77,893.24,8,0.024691358024691357,13.344316309719934,416.47
TXN-01187,20250209,4,3,Packing,160,115,3,14,11.49,1,1135.45,1802.17,45,0.01875,13.92515230635335,666.72
TXN-01188,20250725,4,3,Packing,145,154,0,28,11.63,1,1173.45,1817.62,-9,0.0,12.467755803955287,644.1699999999998
TXN-01189,20251217,1,3,Packing,103,117,2,11,7.68,0,730.29,1227.05,-14,0.019417475728155338,13.411458333333334,496.76
TXN-01190,20251006,2,1,Quality,149,164,4,10,11.1,1,751.52,1868.33,-15,0.026845637583892617,13.423423423423424,1116.81
TXN-01191,20250422,1,3,Dispatch,197,177,7,6,16.48,1,984.66,1800.87,20,0.03553299492385787,11.95388349514563,816.2099999999999
TXN-01192,20250830,2,3,Packing,89,111,1,18,4.59,0,478.11,820.96,-22,0.011235955056179775,19.389978213507625,342.85
TXN-01193,20250714,3,3,Assembly,164,160,4,32,12.42,1,909.87,1645.23,4,0.024390243902439025,13.20450885668277,735.36
TXN-01195,20250402,3,2,Dispatch,90,90,2,22,7.13,1,502.54,905.96,0,0.022222222222222223,12.622720897615709,403.42
TXN-01196,20250206,3,3,Packing,94,93,2,25,6.26,1,597.54,882.44,1,0.02127659574468085,15.015974440894569,284.9000000000001
TXN-01197,20250602,1,4,Dispatch,127,143,4,13,12.05,0,638.94,1469.16,-16,0.031496062992125984,10.53941908713693,830.22
TXN-01198,20251021,1,1,Dispatch,87,118,2,25,6.77,0,540.19,973.74,-31,0.022988505747126436,12.850812407680946,433.54999999999995
TXN-01199,20250522,1,1,Quality,84,91,1,5,7.63,1,425.96,910.44,-7,0.011904761904761904,11.009174311926605,484.4800000000001
TXN-01200,20251229,4,1,Quality,137,170,3,3,9.28,0,815.7,1285.05,-33,0.021897810218978103,14.76293103448276,469.3499999999999
TXN-01201,20250515,4,1,Dispatch,110,111,4,15,7.06,1,768.28,1402.94,-1,0.03636363636363636,15.58073654390935,634.6600000000001
TXN-01202,20250503,1,1,Assembly,140,133,1,18,11.92,1,819.22,1783.35,7,0.007142857142857143,11.74496644295302,964.1299999999999
TXN-01203,20250123,3,2,Dispatch,82,80,1,8,5.68,1,639.55,1005.98,2,0.012195121951219513,14.43661971830986,366.43000000000006
TXN-01204,20250720,1,3,Assembly,129,136,2,13,8.12,1,935.26,1267.89,-7,0.015503875968992248,15.886699507389164,332.6300000000001
TXN-01205,20260420,3,3,Assembly,108,95,2,16,8.44,1,605.19,1228.88,13,0.018518518518518517,12.796208530805687,623.69
TXN-01206,20250824,1,3,Packing,79,82,3,12,5.43,1,576.01,719.73,-3,0.0379746835443038,14.548802946593003,143.72000000000003
TXN-01207,20260523,1,1,Quality,95,92,0,33,7.15,1,604.18,890.99,3,0.0,13.286713286713287,286.81000000000006
TXN-01208,20260220,2,3,Quality,105,100,2,25,8.55,1,551.38,947.63,5,0.01904761904761905,12.280701754385964,396.25
TXN-01209,20251125,4,4,Quality,107,129,1,11,8.77,0,813.22,1353.7,-22,0.009345794392523364,12.200684150513114,540.48
TXN-01210,20250624,4,1,Packing,82,116,1,15,6.32,0,529.33,1000.07,-34,0.012195121951219513,12.974683544303797,470.74
TXN-01211,20250928,4,3,Dispatch,58,70,0,11,5.65,0,313.29,543.86,-12,0.0,10.265486725663717,230.57
TXN-01212,20250808,1,2,Quality,199,179,2,2,16.56,1,1112.98,2134.8,20,0.010050251256281407,12.016908212560388,1021.8200000000002
TXN-01213,20260130,4,4,Packing,112,86,3,7,7.43,1,705.48,1088.33,26,0.026785714285714284,15.074024226110364,382.8499999999999
TXN-01214,20250104,1,2,Packing,131,119,1,14,10.02,1,814.1,1265.33,12,0.007633587786259542,13.073852295409182,451.2299999999999
TXN-01215,20250510,1,4,Packing,144,131,2,2,11.39,1,1065.06,1589.63,13,0.013888888888888888,12.642669007901668,524.5700000000002
TXN-01216,20250528,1,2,Packing,110,130,1,8,4.85,0,607.32,1049.3,-20,0.00909090909090909,22.68041237113402,441.9799999999999
TXN-01217,20260120,4,1,Packing,109,95,1,27,8.46,1,794.08,1119.79,14,0.009174311926605505,12.884160756501181,325.7099999999999
TXN-01218,20250514,2,4,Packing,66,74,0,6,4.27,0,442.47,640.32,-8,0.0,15.456674473067917,197.85000000000002
TXN-01219,20250417,3,2,Dispatch,115,113,2,8,8.15,1,698.78,1102.94,2,0.017391304347826087,14.110429447852761,404.1600000000001
TXN-01220,20250607,1,2,Assembly,168,165,0,21,13.35,1,901.16,2136.66,3,0.0,12.584269662921349,1235.5
TXN-01221,20260528,3,4,Dispatch,90,82,1,17,7.12,1,544.53,1054.6,8,0.011111111111111112,12.640449438202246,510.06999999999994
TXN-01223,20260427,3,4,Quality,160,142,4,51,11.91,0,1035.49,1731.52,18,0.025,13.43408900083963,696.03
TXN-01224,20251106,1,3,Packing,80,82,0,5,5.2,1,615.41,719.73,-2,0.0,15.384615384615383,104.32000000000005
TXN-01225,20251104,1,2,Assembly,130,123,2,25,9.09,1,665.98,1381.29,7,0.015384615384615385,14.301430143014302,715.31
TXN-01226,20260524,2,2,Assembly,97,99,2,14,7.54,1,568.05,1004.69,-2,0.020618556701030927,12.86472148541114,436.6400000000001
TXN-01227,20250924,1,4,Dispatch,130,151,4,16,9.79,0,813.63,1361.6,-21,0.03076923076923077,13.27885597548519,547.9699999999999
TXN-01228,20250704,4,1,Assembly,101,120,4,26,6.97,0,587.67,1100.08,-19,0.039603960396039604,14.490674318507892,512.41
TXN-01229,20250325,3,4,Dispatch,109,98,4,43,6.25,0,782.23,1247.57,11,0.03669724770642202,17.44,465.3399999999999
TXN-01230,20250608,5,2,Quality,200,176,3,11,14.06,1,1387.03,1890.8,24,0.015,14.22475106685633,503.77
TXN-01231,20250325,1,3,Quality,95,80,3,35,6.13,0,734.19,873.83,15,0.031578947368421054,15.497553017944535,139.64
TXN-01232,20251024,4,1,Packing,80,72,5,11,6.16,1,461.23,981.03,8,0.0625,12.987012987012987,519.8
TXN-01233,20250319,1,2,Assembly,111,94,4,14,8.61,1,767.11,1348.77,17,0.036036036036036036,12.891986062717772,581.66
TXN-01234,20251028,3,3,Quality,107,123,2,1,7.99,0,662.99,1227.19,-16,0.018691588785046728,13.391739674593241,564.2
TXN-01235,20260414,4,1,Dispatch,60,74,1,7,2.67,0,436.64,690.74,-14,0.016666666666666666,22.471910112359552,254.10000000000002
TXN-01236,20250506,2,2,Quality,77,79,1,5,6.84,1,435.92,816.31,-2,0.012987012987012988,11.257309941520468,380.38999999999993
TXN-01237,20251207,2,4,Assembly,83,83,0,16,6.5,1,513.07,928.05,0,0.0,12.76923076923077,414.9799999999999
TXN-01238,20251212,4,1,Assembly,173,166,2,27,14.31,1,1328.33,1691.2,7,0.011560693641618497,12.089447938504541,362.8700000000001
TXN-01239,20250419,4,1,Packing,80,76,3,4,6.03,1,412.99,982.15,4,0.0375,13.266998341625207,569.16
TXN-01240,20250717,2,1,Packing,179,170,6,19,13.86,1,999.55,1815.92,9,0.0335195530726257,12.914862914862915,816.3700000000001
TXN-01241,20250806,2,2,Packing,69,82,2,9,4.53,0,534.97,611.71,-13,0.028985507246376812,15.231788079470197,76.74000000000001
TXN-01242,20251120,2,1,Dispatch,164,147,4,7,13.43,1,1106.74,1595.4,17,0.024390243902439025,12.211466865227104,488.6600000000001
TXN-01243,20250926,1,1,Quality,65,87,5,7,4.47,0,327.85,616.33,-22,0.07692307692307693,14.541387024608502,288.48
TXN-01244,20250107,1,1,Quality,187,158,2,18,14.67,1,1415.5,2256.74,29,0.0106951871657754,12.74710293115201,841.2399999999998
TXN-01245,20250123,2,1,Packing,62,79,1,9,4.3,0,372.31,701.94,-17,0.016129032258064516,14.418604651162791,329.63000000000005
TXN-01246,20250326,3,2,Quality,124,112,3,22,9.01,1,820.39,1467.15,12,0.024193548387096774,13.762486126526083,646.7600000000001
TXN-01247,20250705,2,2,Packing,134,150,5,6,8.76,0,658.52,1574.71,-16,0.03731343283582089,15.296803652968038,916.19
TXN-01248,20260324,4,4,Dispatch,153,146,1,8,12.81,1,753.87,1816.18,7,0.006535947712418301,11.943793911007026,1062.31
TXN-01249,20250928,1,2,Quality,184,170,4,20,12.94,1,1138.52,1782.7,14,0.021739130434782608,14.219474497681608,644.1800000000001
TXN-01250,20250810,3,1,Assembly,139,140,4,15,11.73,1,1043.45,1225.57,-1,0.02877697841726619,11.84995737425405,182.1199999999999
TXN-01251,20250620,4,4,Dispatch,108,98,4,28,8.47,1,588.83,1031.7,10,0.037037037037037035,12.750885478158205,442.87
TXN-01252,20250320,2,1,Assembly,97,102,1,11,8.06,1,655.93,1085.3,-5,0.010309278350515464,12.034739454094293,429.37
TXN-01253,20251230,4,1,Assembly,137,111,4,15,11.49,1,747.14,1353.11,26,0.029197080291970802,11.923411662315056,605.9699999999999
TXN-01254,20250210,4,4,Assembly,186,159,1,21,14.38,1,1218.66,2272.07,27,0.005376344086021506,12.934631432545201,1053.41
TXN-01255,20260526,3,4,Packing,123,137,0,5,9.22,0,774.13,1376.49,-14,0.0,13.34056399132321,602.36
TXN-01256,20250815,4,1,Assembly,142,143,4,19,12.73,1,807.2,1372.86,-1,0.028169014084507043,11.154752553024352,565.6599999999999
TXN-01257,20260525,2,3,Dispatch,167,168,4,8,13.16,1,1256.74,1448.19,-1,0.023952095808383235,12.689969604863222,191.45000000000005
TXN-01258,20251103,4,3,Assembly,153,162,6,31,11.86,1,933.1,1606.92,-9,0.0392156862745098,12.900505902192243,673.82
TXN-01259,20250804,4,1,Packing,147,134,3,12,12.72,1,766.65,1600.35,13,0.02040816326530612,11.556603773584905,833.6999999999999
TXN-01260,20260511,4,2,Quality,87,75,0,21,6.42,1,673.5,1078.47,12,0.0,13.551401869158878,404.97
TXN-01261,20250701,1,4,Quality,119,160,0,8,7.43,0,759.2,1282.13,-41,0.0,16.01615074024226,522.9300000000001
TXN-01262,20250715,4,2,Quality,187,176,1,6,16.09,1,1249.95,1656.12,11,0.0053475935828877,11.622125543816034,406.16999999999985
TXN-01263,20250104,2,3,Assembly,95,98,1,19,6.8,1,589.82,1033.55,-3,0.010526315789473684,13.970588235294118,443.7299999999999
TXN-01264,20250913,4,2,Assembly,103,100,1,30,7.55,1,771.71,1178.03,3,0.009708737864077669,13.642384105960264,406.31999999999994
TXN-01265,20260405,1,3,Assembly,142,140,1,13,9.52,1,814.05,1399.98,2,0.007042253521126761,14.915966386554622,585.9300000000001
TXN-01266,20250110,2,4,Packing,77,89,2,20,4.65,0,542.81,740.34,-12,0.025974025974025976,16.559139784946236,197.5300000000001
TXN-01267,20250302,1,2,Dispatch,96,104,2,2,8.31,1,552.57,1204.36,-8,0.020833333333333332,11.55234657039711,651.7899999999998
TXN-01268,20250522,1,3,Packing,116,120,3,19,9.97,1,746.05,1168.93,-4,0.02586206896551724,11.634904714142426,422.8800000000001
TXN-01270,20250326,2,1,Quality,146,135,2,10,11.98,1,758.82,1355.74,11,0.0136986301369863,12.186978297161936,596.92
TXN-01271,20251213,1,1,Packing,181,176,7,1,12.76,1,947.09,2016.24,5,0.03867403314917127,14.184952978056426,1069.15
TXN-01273,20250916,3,2,Quality,149,159,0,4,11.4,1,952.57,1865.13,-10,0.0,13.070175438596491,912.5600000000001
TXN-01274,20250930,1,4,Assembly,127,156,3,18,11.06,0,811.25,1119.83,-29,0.023622047244094488,11.482820976491862,308.5799999999999
TXN-01275,20251001,3,3,Packing,210,175,5,7,15.95,1,1156.23,1889.89,35,0.023809523809523808,13.16614420062696,733.6600000000001
TXN-01276,20250203,4,3,Quality,125,119,4,5,9.8,1,956.15,1086.18,6,0.032,12.755102040816325,130.0300000000001
TXN-01277,20251004,2,2,Packing,110,128,5,11,9.64,0,763.53,1042.13,-18,0.045454545454545456,11.410788381742737,278.60000000000014
TXN-01278,20250607,1,2,Packing,81,73,0,6,6.79,1,435.08,717.64,8,0.0,11.929307805596466,282.56
TXN-01279,20250824,4,1,Dispatch,169,142,3,8,12.32,1,994.64,1847.68,27,0.01775147928994083,13.717532467532466,853.0400000000001
TXN-01280,20251221,4,1,Dispatch,160,125,3,16,13.72,1,952.03,1518.49,35,0.01875,11.661807580174926,566.46
TXN-01281,20260416,2,1,Assembly,208,168,5,25,14.55,1,1513.61,1791.55,40,0.02403846153846154,14.295532646048109,277.94000000000005
TXN-01282,20250302,3,4,Assembly,124,142,3,68,10.02,0,937.21,1199.59,-18,0.024193548387096774,12.375249500998004,262.3799999999999
TXN-01283,20260115,2,4,Dispatch,142,170,1,7,11.54,0,1054.3,1812.88,-28,0.007042253521126761,12.305025996533796,758.5800000000002
TXN-01284,20250103,1,1,Assembly,71,80,0,35,6.36,0,599.39,605.61,-9,0.0,11.163522012578616,6.220000000000027
TXN-01285,20250104,3,3,Dispatch,55,73,1,75,5.9,0,494.52,696.04,-18,0.01818181818181818,9.322033898305085,201.51999999999998
TXN-01286,20250701,1,1,Dispatch,143,158,2,34,12.14,1,1124.84,1646.29,-15,0.013986013986013986,11.779242174629324,521.45
TXN-01287,20250105,3,1,Packing,111,100,3,5,6.41,1,652.3,1313.88,11,0.02702702702702703,17.316692667706707,661.5800000000002
TXN-01288,20260116,4,4,Quality,92,91,2,12,7.18,1,524.54,898.21,1,0.021739130434782608,12.813370473537605,373.6700000000001
TXN-01289,20251029,1,2,Assembly,90,91,1,19,7.56,1,691.48,962.31,-1,0.011111111111111112,11.904761904761905,270.8299999999999
TXN-01290,20250910,2,1,Quality,164,141,3,29,11.73,1,1257.9,1643.83,23,0.018292682926829267,13.981244671781756,385.92999999999984
TXN-01291,20250620,4,2,Quality,79,72,2,25,6.99,1,565.54,747.17,7,0.02531645569620253,11.301859799713876,181.63
TXN-01292,20250307,1,1,Packing,98,88,0,2,7.32,1,697.3,1198.09,10,0.0,13.387978142076502,500.78999999999996
TXN-01293,20250710,2,1,Quality,161,167,5,9,12.13,1,840.15,2028.55,-6,0.031055900621118012,13.272877164056059,1188.4
TXN-01294,20250308,1,4,Packing,152,154,4,50,10.9,0,880.28,1405.56,-2,0.02631578947368421,13.944954128440367,525.28
TXN-01295,20250722,3,4,Assembly,59,70,1,25,2.88,0,367.82,575.14,-11,0.01694915254237288,20.48611111111111,207.32
TXN-01296,20260301,1,3,Dispatch,206,168,8,17,18.26,1,1283.83,2051.46,38,0.038834951456310676,11.281489594742606,767.6300000000001
TXN-01297,20250301,2,3,Quality,77,79,2,26,3.96,1,458.69,968.85,-2,0.025974025974025976,19.444444444444443,510.16
TXN-01298,20250530,4,1,Quality,213,155,2,5,16.43,1,1459.47,2403.85,58,0.009389671361502348,12.964090079123554,944.3799999999999
TXN-01299,20251105,1,1,Assembly,107,106,1,21,6.56,1,711.64,1160.47,1,0.009345794392523364,16.3109756097561,448.83000000000004
TXN-01300,20250308,2,4,Packing,149,159,2,12,11.25,1,1102.63,1757.92,-10,0.013422818791946308,13.244444444444444,655.29
TXN-01301,20250820,3,2,Packing,85,90,1,4,7.71,1,616.48,958.06,-5,0.011764705882352941,11.024643320363165,341.5799999999999
TXN-01302,20260529,2,1,Packing,190,178,9,20,12.91,1,1172.62,1665.7,12,0.04736842105263158,14.71727343144849,493.08000000000015
TXN-01303,20251225,1,2,Dispatch,151,140,3,8,11.07,1,1045.25,1379.59,11,0.019867549668874173,13.640469738030713,334.3399999999999
TXN-01304,20260404,2,4,Assembly,171,173,9,14,15.5,1,1087.15,1870.81,-2,0.05263157894736842,11.03225806451613,783.6599999999999
TXN-01305,20260406,2,3,Quality,167,166,4,1,11.39,1,984.26,1433.0,1,0.023952095808383235,14.66198419666374,448.74
TXN-01306,20250717,3,4,Dispatch,90,100,1,13,7.77,1,634.31,870.87,-10,0.011111111111111112,11.583011583011583,236.56000000000006
TXN-01307,20260304,2,1,Packing,153,162,1,13,11.19,1,947.43,1779.22,-9,0.006535947712418301,13.672922252010725,831.7900000000001
TXN-01308,20250626,1,1,Packing,93,96,1,6,6.6,1,688.66,937.14,-3,0.010752688172043012,14.090909090909092,248.48000000000002
TXN-01309,20250102,1,1,Quality,85,75,2,21,4.2,1,604.8,926.78,10,0.023529411764705882,20.238095238095237,321.98
TXN-01310,20250121,4,3,Assembly,92,90,1,18,7.14,1,703.07,1135.93,2,0.010869565217391304,12.88515406162465,432.86
TXN-01311,20260412,3,4,Quality,161,139,2,27,12.38,1,1252.14,1664.35,22,0.012422360248447204,13.004846526655896,412.2099999999998
TXN-01312,20250617,2,4,Assembly,72,77,0,20,7.47,1,409.79,677.29,-5,0.0,9.63855421686747,267.49999999999994
TXN-01313,20250801,1,2,Packing,57,73,0,25,3.59,0,409.86,667.21,-16,0.0,15.877437325905293,257.35
TXN-01314,20260406,4,1,Assembly,138,143,3,12,10.02,1,750.97,1537.1,-5,0.021739130434782608,13.77245508982036,786.1299999999999
TXN-01315,20250629,1,3,Quality,110,95,6,19,8.0,1,690.42,977.28,15,0.05454545454545454,13.75,286.86
TXN-01316,20250508,4,4,Quality,64,71,1,5,2.67,1,421.01,557.72,-7,0.015625,23.970037453183522,136.71000000000004
TXN-01317,20250222,3,1,Assembly,136,121,1,14,11.66,1,746.13,1460.91,15,0.007352941176470588,11.663807890222984,714.7800000000001
TXN-01318,20260421,4,1,Packing,210,158,3,7,16.08,1,1267.82,1850.4,52,0.014285714285714285,13.059701492537314,582.5800000000002
TXN-01319,20250823,1,2,Dispatch,84,91,2,7,4.82,1,449.49,744.18,-7,0.023809523809523808,17.42738589211618,294.68999999999994
TXN-01320,20250211,4,4,Assembly,92,92,1,28,7.91,1,572.34,1154.81,0,0.010869565217391304,11.630847029077117,582.4699999999999
TXN-01321,20250201,2,2,Assembly,117,118,1,12,9.92,1,635.55,1204.01,-1,0.008547008547008548,11.794354838709678,568.46
TXN-01322,20260407,3,1,Assembly,107,93,0,12,7.47,1,739.31,1346.92,14,0.0,14.323962516733602,607.6100000000001
TXN-01323,20251205,2,4,Packing,151,147,4,11,10.7,1,979.32,1407.76,4,0.026490066225165563,14.112149532710282,428.43999999999994
TXN-01324,20250816,1,3,Quality,121,135,2,10,9.98,0,695.45,1513.98,-14,0.01652892561983471,12.124248496993987,818.53
TXN-01325,20250606,2,2,Quality,183,148,7,2,14.76,1,1138.66,2304.79,35,0.03825136612021858,12.398373983739837,1166.1299999999999
TXN-01326,20250719,4,3,Quality,71,75,0,14,5.59,1,490.91,790.27,-4,0.0,12.701252236135957,299.35999999999996
TXN-01327,20251005,3,3,Dispatch,126,120,2,2,9.33,1,630.28,1378.52,6,0.015873015873015872,13.504823151125402,748.24
TXN-01328,20260219,4,4,Packing,110,107,1,11,9.31,1,799.48,1195.74,3,0.00909090909090909,11.815252416756175,396.26
TXN-01329,20250119,3,4,Dispatch,137,131,3,18,8.9,1,741.73,1665.07,6,0.021897810218978103,15.393258426966291,923.3399999999999
TXN-01330,20250619,4,2,Packing,133,130,5,21,10.15,1,931.59,1267.14,3,0.03759398496240601,13.10344827586207,335.55000000000007
TXN-01331,20250123,4,4,Assembly,169,141,3,25,12.24,1,999.54,1660.27,28,0.01775147928994083,13.807189542483659,660.73
TXN-01332,20260130,2,4,Assembly,129,143,4,37,9.98,0,880.77,1404.52,-14,0.031007751937984496,12.925851703406813,523.75
TXN-01333,20251227,4,3,Dispatch,217,179,6,14,16.62,1,1634.02,2170.13,38,0.027649769585253458,13.056558363417569,536.1100000000001
TXN-01334,20260531,1,2,Assembly,109,103,3,19,7.83,1,634.55,1349.48,6,0.027522935779816515,13.92081736909323,714.9300000000001
TXN-01335,20250803,4,2,Assembly,113,146,5,33,6.77,0,705.76,1009.77,-33,0.04424778761061947,16.691285081240768,304.01
TXN-01336,20250824,4,2,Packing,147,148,2,7,10.56,1,792.48,1575.22,-1,0.013605442176870748,13.920454545454545,782.74
TXN-01337,20250824,1,3,Quality,143,138,0,10,9.52,1,884.3,1231.88,5,0.0,15.021008403361344,347.58000000000015
TXN-01338,20250308,5,2,Assembly,75,77,3,19,4.93,1,604.96,716.47,-2,0.04,15.212981744421908,111.50999999999999
TXN-01339,20250510,1,1,Packing,168,151,5,9,13.31,1,1253.91,1988.63,17,0.02976190476190476,12.622088655146506,734.72
TXN-01340,20260127,4,1,Dispatch,79,79,0,5,4.69,1,452.13,998.52,0,0.0,16.844349680170573,546.39
TXN-01341,20260410,2,3,Assembly,86,85,3,18,8.36,1,571.68,1078.02,1,0.03488372093023256,10.28708133971292,506.34000000000003
TXN-01342,20250531,5,3,Quality,215,166,2,18,15.8,1,1243.57,2032.66,49,0.009302325581395349,13.60759493670886,789.0900000000001
TXN-01343,20260313,3,2,Packing,160,163,2,7,11.66,1,821.67,1921.49,-3,0.0125,13.722126929674099,1099.8200000000002
TXN-01344,20260405,4,3,Assembly,95,82,0,46,8.9,0,673.92,1087.56,13,0.0,10.674157303370785,413.64
TXN-01345,20250403,3,2,Quality,80,93,1,6,5.44,0,472.97,863.36,-13,0.0125,14.705882352941176,390.39
TXN-01346,20250515,3,1,Assembly,63,83,1,20,4.02,0,370.26,581.39,-20,0.015873015873015872,15.671641791044777,211.13
TXN-01347,20250708,4,4,Assembly,57,70,1,22,6.13,0,448.9,574.1,-13,0.017543859649122806,9.298531810766722,125.20000000000005
TXN-01348,20250410,4,2,Quality,139,144,2,6,11.42,1,850.44,1419.19,-5,0.014388489208633094,12.171628721541156,568.75
TXN-01349,20251207,3,1,Dispatch,171,157,2,1,12.51,1,1222.78,1502.62,14,0.011695906432748537,13.66906474820144,279.8399999999999
TXN-01350,20250812,2,3,Packing,108,102,3,24,9.0,1,811.24,1075.4,6,0.027777777777777776,12.0,264.1600000000001
TXN-01351,20250508,4,4,Assembly,163,155,5,27,13.17,1,1228.79,1959.62,8,0.03067484662576687,12.37661351556568,730.8299999999999
TXN-01352,20250302,4,3,Packing,167,141,1,22,11.71,1,948.68,1471.37,26,0.005988023952095809,14.261315115286079,522.6899999999999
TXN-01353,20250127,1,2,Dispatch,93,96,4,1,5.51,1,579.45,1071.69,-3,0.043010752688172046,16.878402903811253,492.24
TXN-01354,20250308,1,3,Packing,112,120,3,6,8.59,1,709.87,1392.72,-8,0.026785714285714284,13.038416763678697,682.85
TXN-01355,20250903,1,1,Assembly,121,146,1,15,8.11,0,951.43,1219.21,-25,0.008264462809917356,14.91985203452528,267.7800000000001
TXN-01356,20250318,5,1,Packing,153,166,2,5,11.0,1,988.32,1557.21,-13,0.013071895424836602,13.909090909090908,568.89
TXN-01357,20260116,1,4,Quality,94,91,4,66,8.29,0,713.06,1103.65,3,0.0425531914893617,11.338962605548856,390.59000000000015
TXN-01358,20250108,3,2,Quality,89,73,4,19,5.57,1,563.0,872.99,16,0.0449438202247191,15.978456014362656,309.99
TXN-01359,20250510,4,1,Dispatch,141,155,1,19,11.6,1,936.09,1567.73,-14,0.0070921985815602835,12.155172413793103,631.64
TXN-01360,20250427,5,4,Dispatch,95,77,3,13,6.53,1,675.69,994.41,18,0.031578947368421054,14.548238897396631,318.7199999999999
TXN-01361,20250809,4,1,Quality,119,170,2,32,9.43,0,944.41,1266.66,-51,0.01680672268907563,12.61930010604454,322.2500000000001
TXN-01362,20250622,2,1,Packing,129,122,1,21,10.53,1,796.94,1633.69,7,0.007751937984496124,12.250712250712251,836.75
TXN-01363,20251218,2,1,Dispatch,155,155,4,9,11.97,1,880.44,1563.25,0,0.025806451612903226,12.949039264828738,682.81
TXN-01364,20250316,2,3,Packing,132,126,3,13,11.22,1,871.91,1648.41,6,0.022727272727272728,11.76470588235294,776.5000000000001
TXN-01365,20260508,4,3,Quality,80,72,1,13,7.18,1,590.14,1004.28,8,0.0125,11.142061281337048,414.14
TXN-01366,20250710,4,4,Dispatch,88,106,2,14,6.34,0,497.58,879.77,-18,0.022727272727272728,13.8801261829653,382.19
TXN-01367,20250605,1,1,Quality,115,127,1,4,9.12,1,863.11,1197.17,-12,0.008695652173913044,12.609649122807019,334.06000000000006
TXN-01368,20250525,3,3,Packing,109,111,4,0,7.83,1,550.23,1221.23,-2,0.03669724770642202,13.92081736909323,671.0
TXN-01369,20250110,3,3,Quality,90,91,3,34,6.99,1,734.11,897.02,-1,0.03333333333333333,12.875536480686694,162.90999999999997
TXN-01370,20260411,4,1,Dispatch,164,152,4,17,11.82,1,1223.22,1456.35,12,0.024390243902439025,13.874788494077833,233.12999999999988
TXN-01371,20260228,4,3,Dispatch,162,168,1,12,11.12,1,932.3,1580.65,-6,0.006172839506172839,14.568345323741008,648.3500000000001
TXN-01372,20250709,2,3,Dispatch,157,170,5,3,11.77,1,1066.04,1361.87,-13,0.03184713375796178,13.338997451146984,295.8299999999999
TXN-01373,20250725,4,2,Dispatch,118,124,2,13,9.18,1,797.13,1225.63,-6,0.01694915254237288,12.854030501089325,428.5000000000001
TXN-01374,20250724,1,2,Dispatch,124,152,2,10,11.21,0,752.87,1138.1,-28,0.016129032258064516,11.061552185548617,385.2299999999999
TXN-01375,20260109,1,4,Packing,216,170,1,42,18.09,0,1729.39,2116.42,46,0.004629629629629629,11.940298507462687,387.03
TXN-01376,20250129,4,2,Quality,91,89,1,1,6.78,1,471.74,910.2,2,0.01098901098901099,13.421828908554572,438.46000000000004
TXN-01377,20251116,1,2,Packing,135,126,4,3,10.18,1,838.62,1197.11,9,0.02962962962962963,13.261296660117878,358.4899999999999
TXN-01378,20251113,2,4,Quality,97,116,3,13,6.44,0,541.73,1003.94,-19,0.030927835051546393,15.062111801242235,462.21000000000004
TXN-01379,20250327,3,4,Packing,148,135,3,18,13.46,1,1057.5,1827.28,13,0.02027027027027027,10.99554234769688,769.78
TXN-01380,20250719,4,2,Assembly,109,141,0,43,8.44,0,877.38,932.32,-32,0.0,12.914691943127963,54.940000000000055
TXN-01381,20250714,1,4,Dispatch,124,121,3,2,9.34,1,940.54,1094.78,3,0.024193548387096774,13.276231263383298,154.24
TXN-01382,20260403,2,4,Quality,71,80,4,20,4.57,0,559.25,906.34,-9,0.056338028169014086,15.536105032822757,347.09000000000003
TXN-01383,20260405,2,1,Dispatch,150,173,1,28,10.18,0,928.91,1605.86,-23,0.006666666666666667,14.734774066797643,676.9499999999999
TXN-01384,20250819,2,2,Assembly,127,145,4,28,9.57,0,952.67,1164.77,-18,0.031496062992125984,13.270637408568442,212.10000000000002
TXN-01385,20250803,1,1,Packing,106,138,2,20,9.6,0,559.76,1150.18,-32,0.018867924528301886,11.041666666666668,590.4200000000001
TXN-01386,20250131,4,4,Dispatch,147,148,5,8,11.96,1,1091.53,1291.99,-1,0.034013605442176874,12.290969899665551,200.46000000000004
TXN-01387,20260121,4,2,Dispatch,160,169,2,9,12.63,1,1033.97,1788.39,-9,0.0125,12.668250197941408,754.4200000000001
TXN-01388,20251104,3,1,Quality,80,79,1,18,8.19,1,478.01,996.79,1,0.0125,9.768009768009769,518.78
TXN-01389,20251114,2,4,Packing,161,145,5,3,12.56,1,812.42,1899.09,16,0.031055900621118012,12.818471337579618,1086.67
TXN-01390,20250912,4,4,Assembly,129,167,3,20,10.28,0,809.19,1362.04,-38,0.023255813953488372,12.548638132295721,552.8499999999999
TXN-01391,20260407,2,3,Packing,123,111,1,17,8.05,1,654.26,1515.74,12,0.008130081300813009,15.279503105590061,861.48
TXN-01392,20250519,4,2,Dispatch,160,136,6,3,12.5,1,1213.3,1517.89,24,0.0375,12.8,304.59000000000015
TXN-01393,20260519,1,2,Quality,158,168,1,11,13.28,1,962.58,1461.61,-10,0.006329113924050633,11.897590361445785,499.02999999999986
TXN-01394,20251127,1,2,Dispatch,80,80,1,22,7.89,1,464.84,704.44,0,0.0125,10.139416983523448,239.60000000000008
TXN-01395,20250605,2,4,Quality,139,144,6,8,12.4,1,816.98,1487.48,-5,0.04316546762589928,11.209677419354838,670.5
TXN-01396,20250701,4,2,Quality,77,72,3,3,6.04,1,423.23,876.27,5,0.03896103896103896,12.748344370860927,453.03999999999996
TXN-01397,20250112,2,1,Assembly,145,115,4,23,10.6,1,775.9,1854.08,30,0.027586206896551724,13.679245283018869,1078.1799999999998
TXN-01398,20260215,5,3,Assembly,126,120,2,18,10.92,1,986.5,1337.63,6,0.015873015873015872,11.538461538461538,351.1300000000001
TXN-01399,20260215,1,1,Packing,141,124,6,4,11.49,1,927.75,1439.11,17,0.0425531914893617,12.27154046997389,511.3599999999999
TXN-01400,20260304,4,1,Assembly,95,87,1,24,8.95,1,733.6,1047.48,8,0.010526315789473684,10.614525139664805,313.88
TXN-01401,20251218,4,3,Dispatch,85,91,3,8,6.14,1,632.43,754.99,-6,0.03529411764705882,13.843648208469055,122.56000000000006
TXN-01402,20260525,2,2,Dispatch,151,157,1,19,11.42,1,1061.67,1371.82,-6,0.006622516556291391,13.222416812609458,310.14999999999986
TXN-01403,20250329,3,3,Dispatch,141,133,3,1,9.48,1,758.41,1739.54,8,0.02127659574468085,14.873417721518987,981.13
TXN-01404,20260125,4,1,Assembly,95,83,3,24,7.98,1,704.31,1214.32,12,0.031578947368421054,11.904761904761903,510.01
TXN-01405,20250802,3,4,Packing,136,168,3,3,9.81,0,984.9,1236.22,-32,0.022058823529411766,13.863404689092762,251.32000000000005
TXN-01406,20250823,3,4,Dispatch,62,83,1,11,5.49,0,394.28,709.98,-21,0.016129032258064516,11.293260473588342,315.70000000000005
TXN-01407,20250129,1,1,Assembly,156,146,2,22,12.35,1,826.76,1802.59,10,0.01282051282051282,12.631578947368421,975.8299999999999
TXN-01408,20250415,2,4,Assembly,160,152,6,35,9.84,0,1272.12,1943.81,8,0.0375,16.260162601626018,671.69
TXN-01409,20251010,4,3,Dispatch,183,147,2,3,13.12,1,1058.16,1856.5,36,0.01092896174863388,13.948170731707318,798.3399999999999
TXN-01410,20250725,1,1,Packing,100,98,0,31,6.47,1,735.1,1026.75,2,0.0,15.45595054095827,291.65
TXN-01411,20250323,4,1,Dispatch,141,149,2,10,12.04,1,790.68,1560.34,-8,0.014184397163120567,11.710963455149502,769.66
TXN-01412,20250428,2,4,Assembly,145,138,3,16,10.94,1,895.97,1640.85,7,0.020689655172413793,13.254113345521024,744.8799999999999
TXN-01413,20251016,2,4,Packing,75,70,4,17,4.04,1,580.25,725.38,5,0.05333333333333334,18.564356435643564,145.13
TXN-01414,20250601,3,1,Dispatch,157,142,1,9,11.89,1,999.67,1462.78,15,0.006369426751592357,13.204373423044574,463.11
TXN-01415,20250329,3,2,Packing,122,128,4,15,8.18,1,718.31,1137.67,-6,0.03278688524590164,14.91442542787286,419.3600000000001
TXN-01416,20251228,2,2,Assembly,127,138,4,17,9.49,1,855.76,1528.51,-11,0.031496062992125984,13.382507903055847,672.75
TXN-01417,20250101,2,2,Packing,145,129,3,6,9.89,1,984.31,1772.06,16,0.020689655172413793,14.661274014155712,787.75
TXN-01418,20260118,1,2,Assembly,130,99,2,11,9.42,1,760.2,1584.56,31,0.015384615384615385,13.800424628450106,824.3599999999999
TXN-01419,20251125,1,3,Packing,78,102,4,8,6.98,0,397.75,718.43,-24,0.05128205128205128,11.174785100286533,320.67999999999995
TXN-01420,20251216,2,1,Assembly,154,160,6,23,12.71,1,1017.48,1890.65,-6,0.03896103896103896,12.116443745082611,873.1700000000001
TXN-01421,20250326,3,3,Quality,160,157,3,12,12.92,1,839.38,1742.08,3,0.01875,12.38390092879257,902.6999999999999
TXN-01422,20260410,4,4,Packing,88,97,2,2,7.63,1,585.14,1104.29,-9,0.022727272727272728,11.533420707732635,519.15
TXN-01423,20250629,5,4,Dispatch,181,177,1,9,13.54,1,994.83,1568.4,4,0.0055248618784530384,13.367799113737076,573.57
TXN-01424,20250517,4,4,Quality,116,110,2,7,8.16,1,713.38,1339.83,6,0.017241379310344827,14.215686274509803,626.4499999999999
TXN-01425,20251011,4,4,Packing,129,150,2,10,10.64,0,951.83,1416.72,-21,0.015503875968992248,12.12406015037594,464.89
TXN-01426,20260209,2,3,Packing,93,89,1,4,7.28,1,625.79,928.81,4,0.010752688172043012,12.774725274725274,303.02
TXN-01427,20250501,4,3,Packing,152,134,0,10,9.55,1,818.37,1666.28,18,0.0,15.916230366492146,847.91
TXN-01428,20250604,1,1,Quality,158,135,1,5,12.86,1,1049.57,1713.65,23,0.006329113924050633,12.286158631415242,664.0800000000002
TXN-01429,20250926,1,3,Packing,124,126,0,38,10.61,0,949.41,1563.12,-2,0.0,11.6870876531574,613.7099999999999
TXN-01430,20251122,1,4,Packing,149,137,1,23,11.11,1,774.94,1554.66,12,0.006711409395973154,13.411341134113412,779.72
TXN-01432,20260109,3,1,Assembly,107,103,1,34,8.94,1,868.42,1017.83,4,0.009345794392523364,11.96868008948546,149.41000000000008
TXN-01433,20251013,3,2,Assembly,181,160,3,20,15.25,1,1322.94,1556.13,21,0.016574585635359115,11.868852459016393,233.19000000000005
TXN-01434,20250215,4,1,Quality,69,79,0,1,5.73,0,371.16,839.71,-10,0.0,12.041884816753926,468.55
TXN-01435,20250619,2,3,Dispatch,113,102,5,21,6.87,1,713.28,1092.35,11,0.04424778761061947,16.448326055312954,379.06999999999994
TXN-01436,20250609,2,2,Packing,143,145,5,23,9.44,1,1123.29,1276.34,-2,0.03496503496503497,15.148305084745763,153.04999999999995
TXN-01437,20251022,3,2,Packing,122,114,1,8,9.26,1,935.59,1340.95,8,0.00819672131147541,13.174946004319654,405.36
TXN-01438,20251104,4,4,Dispatch,96,102,3,6,8.34,1,737.23,1182.8,-6,0.03125,11.510791366906474,445.56999999999994
TXN-01439,20250120,4,1,Dispatch,124,100,2,9,7.75,1,636.12,1245.73,24,0.016129032258064516,16.0,609.61
TXN-01440,20250424,3,2,Assembly,161,154,4,21,12.39,1,1006.54,1690.65,7,0.024844720496894408,12.994350282485875,684.1100000000001
TXN-01441,20250502,3,1,Assembly,118,115,4,45,9.73,0,677.53,1480.02,3,0.03389830508474576,12.127440904419322,802.49
TXN-01442,20260511,4,1,Packing,103,131,1,12,7.64,0,729.05,1256.18,-28,0.009708737864077669,13.481675392670157,527.1300000000001
TXN-01443,20250624,3,4,Assembly,134,131,1,26,10.98,1,833.07,1687.86,3,0.007462686567164179,12.204007285974498,854.7899999999998
TXN-01444,20250727,2,4,Dispatch,128,139,2,15,8.89,1,638.51,1153.3,-11,0.015625,14.398200224971877,514.79
TXN-01445,20251213,2,1,Quality,118,170,2,24,11.33,0,650.07,1375.15,-52,0.01694915254237288,10.414827890556046,725.08
TXN-01446,20260115,1,2,Assembly,197,160,5,15,15.94,1,1328.11,2243.5,37,0.025380710659898477,12.358845671267252,915.3900000000001
TXN-01447,20260104,1,3,Assembly,164,150,4,15,13.33,1,1168.97,1888.27,14,0.024390243902439025,12.303075768942236,719.3
TXN-01448,20260406,4,2,Assembly,152,156,4,28,11.29,1,1010.71,1623.77,-4,0.02631578947368421,13.46324180690877,613.06
TXN-01449,20250517,3,1,Quality,119,101,2,28,8.35,1,891.37,1353.63,18,0.01680672268907563,14.251497005988025,462.2600000000001
TXN-01450,20250728,3,1,Dispatch,102,123,1,14,5.55,0,782.29,1071.91,-21,0.00980392156862745,18.37837837837838,289.6200000000001
TXN-01451,20250115,4,2,Packing,71,73,1,12,3.75,1,386.25,657.7,-2,0.014084507042253521,18.933333333333334,271.45000000000005
TXN-01452,20251103,1,3,Assembly,140,157,1,32,10.03,0,940.77,1428.19,-17,0.007142857142857143,13.95812562313061,487.4200000000001
TXN-01453,20250721,4,2,Assembly,78,99,2,24,6.53,0,564.29,979.3,-21,0.02564102564102564,11.944869831546708,415.01
TXN-01454,20260104,1,2,Dispatch,148,133,2,10,10.88,1,980.45,1486.0,15,0.013513513513513514,13.602941176470587,505.54999999999995
TXN-01455,20251205,2,4,Dispatch,183,171,3,9,13.97,1,1193.27,1759.95,12,0.01639344262295082,13.099498926270579,566.6800000000001
TXN-01456,20250719,1,4,Dispatch,146,143,6,26,10.48,1,945.0,1672.22,3,0.0410958904109589,13.931297709923664,727.22
TXN-01457,20251011,3,3,Packing,82,105,3,8,7.77,0,457.16,961.43,-23,0.036585365853658534,10.553410553410554,504.2699999999999
TXN-01458,20250304,2,3,Quality,110,136,1,9,8.3,0,759.74,972.43,-26,0.00909090909090909,13.25301204819277,212.68999999999994
TXN-01459,20260412,4,2,Quality,187,161,3,7,14.15,1,1344.02,1870.55,26,0.016042780748663103,13.215547703180212,526.53
TXN-01460,20260501,4,2,Assembly,185,167,3,19,13.28,1,1051.79,1619.95,18,0.016216216216216217,13.930722891566266,568.1600000000001
TXN-01461,20260201,4,1,Dispatch,108,131,0,7,8.88,0,752.32,1207.99,-23,0.0,12.162162162162161,455.66999999999996
TXN-01462,20251223,2,3,Packing,81,74,2,9,5.7,1,470.81,822.75,7,0.024691358024691357,14.210526315789473,351.94
TXN-01463,20250630,3,1,Packing,151,176,3,11,11.38,0,883.08,1822.66,-25,0.019867549668874173,13.268892794376098,939.58
TXN-01464,20250302,1,3,Dispatch,158,154,2,8,11.56,1,922.26,1991.57,4,0.012658227848101266,13.667820069204152,1069.31
TXN-01466,20250601,4,3,Quality,102,90,2,4,7.25,1,585.26,1183.84,12,0.0196078431372549,14.068965517241379,598.5799999999999
TXN-01467,20260501,2,4,Dispatch,134,119,2,18,10.24,1,1005.77,1426.9,15,0.014925373134328358,13.0859375,421.1300000000001
TXN-01468,20250828,1,1,Packing,126,132,3,12,10.17,1,890.66,1073.27,-6,0.023809523809523808,12.389380530973451,182.61
TXN-01469,20260121,1,1,Packing,113,93,1,2,10.0,1,669.54,1227.26,20,0.008849557522123894,11.3,557.72
TXN-01470,20250824,2,1,Quality,174,174,3,45,12.9,0,1160.57,1867.9,0,0.017241379310344827,13.488372093023255,707.3300000000002
TXN-01471,20250418,2,1,Quality,152,126,3,7,12.29,1,1059.13,1734.57,26,0.019736842105263157,12.367778681855167,675.4399999999998
TXN-01472,20250926,2,3,Dispatch,138,151,2,3,9.46,1,869.55,1289.99,-13,0.014492753623188406,14.587737843551796,420.44000000000005
TXN-01473,20251008,3,2,Quality,121,135,2,15,8.64,0,647.94,1252.39,-14,0.01652892561983471,14.004629629629628,604.45
TXN-01474,20251224,3,2,Quality,80,79,2,31,7.2,1,468.53,822.39,1,0.025,11.11111111111111,353.86
TXN-01475,20251009,1,4,Packing,124,107,2,19,11.18,1,629.87,1065.98,17,0.016129032258064516,11.091234347048301,436.11
TXN-01476,20260304,4,3,Packing,88,85,0,10,6.48,1,467.62,1100.29,3,0.0,13.580246913580247,632.67
TXN-01477,20251109,1,1,Quality,132,115,0,5,10.23,1,860.51,1358.09,17,0.0,12.903225806451612,497.5799999999999
TXN-01478,20250626,4,1,Packing,71,71,2,5,4.61,1,389.22,789.16,0,0.028169014084507043,15.401301518438176,399.93999999999994
TXN-01479,20250208,4,4,Packing,176,165,0,15,14.99,1,1214.28,2241.21,11,0.0,11.741160773849233,1026.93
TXN-01480,20251014,2,2,Assembly,141,125,4,12,11.67,1,959.24,1321.23,16,0.028368794326241134,12.082262210796916,361.99
TXN-01481,20260507,3,1,Assembly,191,173,6,33,16.35,1,1276.77,1715.64,18,0.031413612565445025,11.681957186544341,438.8700000000001
TXN-01482,20250222,1,4,Quality,120,116,4,11,7.97,1,894.14,1312.54,4,0.03333333333333333,15.0564617314931,418.4
TXN-01483,20250513,3,4,Packing,108,122,5,24,7.86,0,677.18,1363.09,-14,0.046296296296296294,13.740458015267174,685.91
TXN-01484,20251218,1,2,Quality,121,115,2,14,10.48,1,837.14,1367.37,6,0.01652892561983471,11.545801526717558,530.2299999999999
TXN-01485,20250302,4,2,Quality,76,72,1,11,4.88,1,425.24,714.63,4,0.013157894736842105,15.573770491803279,289.39
TXN-01486,20251107,4,3,Packing,161,173,3,6,12.2,1,848.97,1938.31,-12,0.018633540372670808,13.196721311475411,1089.34
TXN-01487,20251124,1,2,Quality,146,166,4,3,12.49,0,781.31,1467.39,-20,0.0273972602739726,11.689351481184948,686.0800000000002
TXN-01488,20250925,3,1,Quality,84,90,2,6,5.46,1,592.67,767.63,-6,0.023809523809523808,15.384615384615385,174.96000000000004
TXN-01489,20250130,1,3,Packing,102,120,2,14,8.41,0,777.98,1202.2,-18,0.0196078431372549,12.128418549346016,424.22
TXN-01490,20250223,1,4,Dispatch,119,126,1,0,8.29,1,589.47,1483.21,-7,0.008403361344537815,14.354644149577807,893.74
TXN-01491,20251006,3,4,Dispatch,176,168,4,3,12.34,1,1332.32,2205.91,8,0.022727272727272728,14.26256077795786,873.5899999999999
TXN-01492,20250603,1,3,Quality,118,131,1,9,7.44,1,868.51,1084.44,-13,0.00847457627118644,15.86021505376344,215.93000000000006
TXN-01493,20251106,2,2,Assembly,176,164,4,23,13.66,1,1125.79,1603.21,12,0.022727272727272728,12.88433382137628,477.4200000000001
TXN-01494,20251026,2,2,Packing,79,75,0,8,6.64,1,432.27,948.44,4,0.0,11.897590361445785,516.1700000000001
TXN-01495,20260513,3,3,Dispatch,93,75,1,8,8.91,1,553.99,1188.2,18,0.010752688172043012,10.437710437710438,634.21
TXN-01496,20250120,1,4,Dispatch,154,150,2,12,14.12,1,1047.9,1754.92,4,0.012987012987012988,10.906515580736544,707.02
TXN-01497,20250508,4,1,Packing,126,122,4,19,10.56,1,883.68,1427.06,4,0.031746031746031744,11.931818181818182,543.38
TXN-01498,20251209,4,2,Assembly,81,90,1,19,6.26,1,634.49,741.39,-9,0.012345679012345678,12.939297124600639,106.89999999999998
TXN-01499,20260224,1,1,Assembly,166,142,2,14,13.48,1,981.51,1843.5,24,0.012048192771084338,12.31454005934718,861.99
TXN-01500,20250318,3,4,Dispatch,171,151,0,14,11.03,1,1049.81,2016.47,20,0.0,15.503173164097916,966.6600000000001
TXN-01501,20251023,3,4,Packing,74,85,1,20,7.98,0,411.22,850.97,-11,0.013513513513513514,9.273182957393484,439.75
TXN-01502,20260418,2,2,Dispatch,168,166,1,6,14.34,1,889.3,1476.99,2,0.005952380952380952,11.715481171548117,587.69
TXN-01503,20250310,2,1,Quality,99,77,2,11,7.06,1,641.62,848.41,22,0.020202020202020204,14.022662889518415,206.78999999999996
TXN-01504,20260122,3,4,Packing,164,178,7,16,11.71,1,817.38,1845.65,-14,0.042682926829268296,14.005123825789923,1028.27
TXN-01505,20250921,2,1,Quality,151,146,9,10,10.55,1,910.58,1847.08,5,0.059602649006622516,14.312796208530806,936.4999999999999
TXN-01506,20250119,3,1,Packing,194,149,2,13,15.22,1,1165.93,2262.65,45,0.010309278350515464,12.746386333771353,1096.72
TXN-01507,20250805,4,3,Packing,108,109,4,15,9.52,1,560.82,1274.31,-1,0.037037037037037035,11.344537815126051,713.4899999999999
TXN-01508,20250128,2,1,Assembly,83,89,3,19,7.0,1,598.02,1015.78,-6,0.03614457831325301,11.857142857142858,417.76
TXN-01509,20260116,3,2,Quality,131,139,1,22,10.1,1,923.67,1235.78,-8,0.007633587786259542,12.970297029702971,312.11
TXN-01510,20250324,4,4,Assembly,155,133,1,12,13.57,1,1061.06,1786.67,22,0.0064516129032258064,11.422254974207812,725.6100000000001
TXN-01511,20250418,1,1,Dispatch,89,88,4,3,5.31,1,495.26,893.01,1,0.0449438202247191,16.760828625235405,397.75
TXN-01512,20260509,1,4,Dispatch,159,173,2,11,12.41,1,1179.15,1410.27,-14,0.012578616352201259,12.812248186946011,231.1199999999999
TXN-01513,20250718,4,4,Dispatch,130,167,1,13,10.13,0,819.01,1125.28,-37,0.007692307692307693,12.833168805528134,306.27
TXN-01514,20250226,4,3,Quality,115,99,4,4,9.68,1,601.46,1059.2,16,0.034782608695652174,11.8801652892562,457.74
TXN-01515,20260320,3,3,Dispatch,79,113,1,15,5.48,0,513.71,757.12,-34,0.012658227848101266,14.416058394160583,243.40999999999997
TXN-01516,20250319,2,4,Packing,163,145,5,3,11.39,1,850.35,1890.51,18,0.03067484662576687,14.31079894644425,1040.1599999999999
TXN-01517,20251231,3,2,Quality,121,172,3,16,9.83,0,668.46,1294.24,-51,0.024793388429752067,12.309257375381485,625.78
TXN-01518,20250312,1,2,Quality,117,119,1,26,9.28,1,790.94,1485.02,-2,0.008547008547008548,12.607758620689657,694.0799999999999
TXN-01519,20250310,4,4,Quality,91,99,0,7,6.95,1,517.79,1051.46,-8,0.0,13.093525179856115,533.6700000000001
TXN-01520,20250827,4,1,Assembly,100,76,5,20,8.29,1,563.97,959.84,24,0.05,12.062726176115804,395.87
TXN-01521,20250831,4,4,Assembly,79,110,0,16,7.01,0,414.54,937.76,-31,0.0,11.269614835948644,523.22
TXN-01522,20260108,2,3,Quality,68,73,0,4,4.93,1,350.63,649.22,-5,0.0,13.793103448275863,298.59000000000003
TXN-01523,20251210,1,2,Dispatch,114,109,2,25,8.09,1,875.14,1191.54,5,0.017543859649122806,14.091470951792337,316.4
TXN-01524,20260422,4,1,Dispatch,171,147,4,21,12.31,1,1318.07,1877.16,24,0.023391812865497075,13.89114541023558,559.0900000000001
TXN-01525,20260501,1,2,Dispatch,145,143,4,8,12.88,1,967.29,1517.8,2,0.027586206896551724,11.257763975155278,550.51
TXN-01526,20260116,2,3,Dispatch,170,166,7,4,12.53,1,934.59,1512.79,4,0.041176470588235294,13.567438148443737,578.1999999999999
TXN-01527,20250216,1,4,Quality,89,94,4,20,5.16,1,514.6,994.16,-5,0.0449438202247191,17.248062015503876,479.55999999999995
TXN-01528,20250624,3,2,Assembly,108,101,2,24,9.8,1,627.57,964.43,7,0.018518518518518517,11.020408163265305,336.8599999999999
TXN-01529,20260213,1,3,Assembly,183,173,3,35,12.48,0,1137.24,2148.82,10,0.01639344262295082,14.663461538461538,1011.5800000000002
TXN-01530,20250701,4,4,Dispatch,174,157,3,1,15.05,1,1320.72,1700.97,17,0.017241379310344827,11.561461794019934,380.25
TXN-01531,20250822,2,3,Assembly,109,121,1,29,9.43,1,764.0,1346.3,-12,0.009174311926605505,11.558854718981973,582.3
TXN-01532,20250818,4,2,Quality,94,91,1,3,7.18,1,473.38,918.22,3,0.010638297872340425,13.091922005571032,444.84000000000003
TXN-01533,20250923,4,1,Packing,70,82,2,23,5.04,0,425.66,867.1,-12,0.02857142857142857,13.88888888888889,441.44
TXN-01534,20260518,3,4,Dispatch,162,118,3,11,11.53,1,1182.82,1576.91,44,0.018518518518518517,14.050303555941024,394.09000000000015
TXN-01535,20250414,3,2,Quality,135,109,3,2,9.61,1,792.96,1711.72,26,0.022222222222222223,14.047866805411031,918.76
TXN-01536,20250222,1,4,Assembly,86,86,2,21,6.63,1,483.05,831.89,0,0.023255813953488372,12.971342383107089,348.84
TXN-01537,20250120,3,2,Assembly,147,164,6,20,10.42,0,765.07,1671.31,-17,0.04081632653061224,14.107485604606525,906.2399999999999
TXN-01538,20251012,3,2,Dispatch,84,99,2,3,5.02,0,521.16,1052.11,-15,0.023809523809523808,16.73306772908367,530.9499999999999
TXN-01539,20260312,2,2,Quality,82,82,0,23,6.98,1,475.59,846.68,0,0.0,11.747851002865328,371.09
TXN-01540,20250901,4,3,Dispatch,66,77,1,9,4.35,0,456.67,830.13,-11,0.015151515151515152,15.17241379310345,373.46
TXN-01541,20250117,4,1,Assembly,115,111,2,17,8.82,1,878.48,1376.37,4,0.017391304347826087,13.038548752834467,497.8899999999999
TXN-01542,20251027,4,4,Assembly,128,149,3,22,9.95,0,832.37,1509.18,-21,0.0234375,12.864321608040202,676.8100000000001
TXN-01544,20260206,3,3,Packing,95,90,1,26,5.96,1,592.69,841.94,5,0.010526315789473684,15.939597315436242,249.25
TXN-01545,20250406,4,2,Packing,176,175,4,24,13.07,1,1216.61,1619.36,1,0.022727272727272728,13.465952563121652,402.75
TXN-01546,20260426,2,2,Dispatch,129,135,2,14,9.51,1,984.54,1401.96,-6,0.015503875968992248,13.56466876971609,417.4200000000001
TXN-01547,20251123,1,2,Quality,209,172,3,12,15.54,1,1053.09,2113.92,37,0.014354066985645933,13.44916344916345,1060.8300000000002
TXN-01549,20250409,2,4,Assembly,99,115,5,29,8.42,0,656.42,974.8,-16,0.050505050505050504,11.75771971496437,318.38
TXN-01550,20260122,4,2,Quality,99,110,4,9,7.74,1,642.77,924.47,-11,0.04040404040404041,12.790697674418604,281.70000000000005
TXN-01551,20250117,2,3,Assembly,92,85,3,45,7.5,0,635.72,1022.95,7,0.03260869565217391,12.266666666666667,387.23
TXN-01552,20251009,2,4,Assembly,51,70,1,27,3.56,0,435.92,510.04,-19,0.0196078431372549,14.325842696629213,74.12
TXN-01553,20250718,2,4,Quality,129,118,6,19,9.36,1,809.17,1388.17,11,0.046511627906976744,13.782051282051283,579.0000000000001
TXN-01554,20250531,3,4,Dispatch,159,162,2,3,13.37,1,917.19,1803.85,-3,0.012578616352201259,11.892296185489904,886.6599999999999
TXN-01555,20251112,2,3,Quality,101,138,2,16,6.61,0,639.47,1058.02,-37,0.019801980198019802,15.279878971255673,418.54999999999995
TXN-01556,20250104,3,1,Packing,137,121,3,14,12.09,1,1064.57,1693.81,16,0.021897810218978103,11.331679073614557,629.24
TXN-01557,20260420,1,3,Packing,103,102,3,25,8.69,1,574.9,1109.61,1,0.02912621359223301,11.852704257767549,534.7099999999999
TXN-01558,20251010,1,2,Quality,154,153,5,5,10.75,1,1126.31,1455.05,1,0.032467532467532464,14.325581395348838,328.74
TXN-01559,20250331,1,4,Quality,71,85,0,6,5.72,0,550.54,733.97,-14,0.0,12.412587412587413,183.43000000000006
TXN-01560,20250713,1,3,Assembly,161,137,4,13,11.49,1,1075.2,2019.39,24,0.024844720496894408,14.012184508268058,944.19
TXN-01561,20250627,3,3,Packing,103,108,0,22,9.21,1,698.7,1166.82,-5,0.0,11.183496199782844,468.1199999999999
TXN-01562,20251230,2,1,Quality,158,133,2,20,12.71,1,1014.69,1904.17,25,0.012658227848101266,12.431156569630211,889.48
TXN-01563,20250806,4,1,Assembly,136,155,4,14,9.33,0,814.3,1458.64,-19,0.029411764705882353,14.57663451232583,644.3400000000001
TXN-01564,20250701,4,1,Packing,99,108,3,16,9.49,1,529.07,1021.46,-9,0.030303030303030304,10.432033719704952,492.39
TXN-01565,20250620,4,1,Dispatch,68,98,1,2,4.86,0,460.71,680.38,-30,0.014705882352941176,13.991769547325102,219.67000000000002
TXN-01566,20251230,4,3,Quality,173,147,4,23,13.7,1,1224.86,1766.28,26,0.023121387283236993,12.627737226277373,541.4200000000001
TXN-01567,20250321,4,1,Packing,225,176,2,24,20.53,1,1650.71,2698.39,49,0.008888888888888889,10.959571358986848,1047.6799999999998
TXN-01568,20250311,2,2,Packing,150,157,3,7,11.38,1,771.6,1409.95,-7,0.02,13.181019332161686,638.35
TXN-01569,20250723,2,3,Dispatch,46,80,2,4,3.67,0,345.03,422.5,-34,0.043478260869565216,12.534059945504087,77.47000000000003
TXN-01570,20250429,4,2,Assembly,58,70,1,21,3.42,0,388.12,499.38,-12,0.017241379310344827,16.95906432748538,111.25999999999999
TXN-01571,20250806,4,1,Assembly,77,95,0,24,6.8,0,560.91,932.56,-18,0.0,11.323529411764707,371.65
TXN-01572,20260226,3,4,Packing,128,115,0,13,9.63,1,791.48,1348.02,13,0.0,13.291796469366561,556.54
TXN-01573,20251002,2,2,Packing,73,75,2,6,6.82,1,462.11,722.35,-2,0.0273972602739726,10.703812316715542,260.24
TXN-01574,20250426,3,3,Quality,94,86,2,16,8.76,1,620.5,1130.29,8,0.02127659574468085,10.730593607305936,509.78999999999996
TXN-01575,20260404,1,2,Assembly,79,84,4,18,3.44,1,543.0,755.02,-5,0.05063291139240506,22.96511627906977,212.01999999999998
TXN-01576,20260526,3,3,Quality,98,89,2,3,5.51,1,751.31,1134.22,9,0.02040816326530612,17.78584392014519,382.9100000000001
TXN-01577,20260429,3,3,Packing,156,155,2,6,12.56,1,1029.01,1768.48,1,0.01282051282051282,12.420382165605096,739.47
TXN-01578,20250310,4,1,Quality,166,173,1,5,11.37,1,1046.5,1947.45,-7,0.006024096385542169,14.599824098504838,900.95
TXN-01579,20250826,1,2,Quality,115,136,2,1,8.18,0,801.83,1112.22,-21,0.017391304347826087,14.058679706601467,310.39
TXN-01580,20260226,1,4,Assembly,131,129,2,52,9.74,0,1086.65,1326.58,2,0.015267175572519083,13.449691991786448,239.92999999999984
TXN-01581,20251124,1,1,Packing,89,84,2,10,6.75,1,528.1,893.5,5,0.02247191011235955,13.185185185185185,365.4
TXN-01582,20250329,1,4,Packing,141,128,4,7,10.63,1,814.75,1377.44,13,0.028368794326241134,13.26434619002822,562.69
TXN-01584,20250520,2,3,Dispatch,161,160,1,9,13.27,1,1040.48,1856.18,1,0.006211180124223602,12.132629992464205,815.7
TXN-01585,20250416,2,4,Packing,92,91,2,5,8.42,1,469.19,1057.43,1,0.021739130434782608,10.926365795724466,588.24
TXN-01586,20250712,1,4,Quality,79,83,4,18,5.59,1,498.18,895.79,-4,0.05063291139240506,14.132379248658319,397.60999999999996
TXN-01587,20250509,4,4,Assembly,98,121,1,51,8.42,0,564.55,981.01,-23,0.01020408163265306,11.63895486935867,416.46000000000004
TXN-01588,20250102,3,2,Assembly,108,93,2,21,11.15,1,813.35,965.55,15,0.018518518518518517,9.68609865470852,152.19999999999993
TXN-01589,20260324,4,2,Dispatch,131,136,0,27,8.18,1,776.46,1568.37,-5,0.0,16.014669926650367,791.9099999999999
TXN-01590,20250107,4,4,Dispatch,157,177,3,26,14.15,0,882.69,1618.21,-20,0.01910828025477707,11.095406360424027,735.52
TXN-01591,20260523,3,3,Packing,137,133,2,30,11.9,1,939.13,1718.95,4,0.014598540145985401,11.512605042016807,779.82
TXN-01592,20250612,4,1,Quality,91,86,0,3,6.79,1,513.75,1136.28,5,0.0,13.402061855670103,622.53
TXN-01593,20260109,1,4,Packing,116,152,3,38,7.97,0,806.59,1376.74,-36,0.02586206896551724,14.554579673776663,570.15
TXN-01594,20260103,1,2,Assembly,113,99,0,10,8.74,1,879.2,1277.21,14,0.0,12.929061784897025,398.01
TXN-01595,20250120,4,2,Packing,183,176,1,20,14.78,1,1182.52,1861.36,7,0.00546448087431694,12.381596752368065,678.8399999999999
TXN-01596,20250324,1,1,Quality,153,171,3,13,12.22,0,774.8,1481.98,-18,0.0196078431372549,12.520458265139116,707.1800000000001
TXN-01597,20250305,3,4,Packing,131,119,2,1,11.66,1,766.28,1338.98,12,0.015267175572519083,11.23499142367067,572.7
TXN-01598,20250112,1,3,Assembly,154,123,1,19,11.55,1,1146.8,1496.17,31,0.006493506493506494,13.333333333333332,349.3700000000001
TXN-01599,20251228,2,2,Dispatch,122,133,5,15,10.2,1,674.44,1056.49,-11,0.040983606557377046,11.96078431372549,382.04999999999995
TXN-01600,20250509,1,2,Packing,76,78,5,11,5.44,1,432.5,953.75,-2,0.06578947368421052,13.970588235294116,521.25
