transaction_id,date,site,department,product_line,units_processed,target_units,defects,downtime_minutes,labour_hours,on_time_flag,cost_gbp,revenue_gbp,data_quality_flag
TXN-00001,2025-06-05,Leeds,Packing,Gamma,77,72,2,4,6.63,1,483.75,822.45,OK
TXN-00002,2025-07-03,Manchester,Assembly,Delta,99,106,3,24,7.32,1,622.86,1035.32,OK
TXN-00003,2026-05-25,Leeds,Quality,Gamma,183,174,3,14,13.26,1,1091.33,1879.58,OK
TXN-00004,2025-04-29,Nottingham,Dispatch,Delta,225,174,8,22,17.95,1,1535.81,2879.39,OK
TXN-00005,2025-12-25,Nottingham,Dispatch,Delta,137,102,2,34,9.55,1,1029.2,1554.51,OK
TXN-00006,2025-04-25,Leeds,Quality,Alpha,129,126,1,10,10.53,1,873.41,1428.26,OK
TXN-00007,2025-06-17,Leeds,Quality,Gamma,115,137,0,4,7.77,0,641.21,980.79,OK
TXN-00008,2026-04-30,Sheffield,Quality,Delta,110,114,0,17,7.0,1,729.67,1091.98,OK
TXN-00009,2025-05-16,Manchester,Dispatch,Beta,91,79,1,26,8.75,1,498.12,863.04,OK
TXN-00010,2026-04-30,Manchester,Assembly,Delta,207,172,4,14,15.12,1,1382.15,2644.6,OK
TXN-00011,2025-06-23,Sheffield,Quality,Gamma,68,75,4,11,6.04,1,414.21,604.33,OK
TXN-00012,2026-02-14,Leeds,Assembly,Delta,115,108,5,24,8.8,1,657.64,1290.22,OK
TXN-00013,2025-06-01,Nottingham,Assembly,Beta,86,108,0,13,4.85,0,513.82,792.21,OK
TXN-00014,2026-03-08,Nottingham,Assembly,Gamma,178,166,5,11,12.49,1,980.58,1601.6,OK
TXN-00015,2025-01-02,Nottingham,Assembly,Gamma,94,107,1,41,5.07,0,565.8,981.34,OK
TXN-00016,2025-09-30,Nottingham,Packing,Beta,69,88,3,5,5.38,0,500.41,731.22,OK
TXN-00017,2025-05-19,Manchester,Quality,Delta,108,85,1,11,9.49,1,745.96,1241.96,OK
TXN-00018,2026-01-30,Manchester,Assembly,Delta,188,150,6,31,14.54,1,1211.13,1756.17,OK
TXN-00019,2025-10-18,Sheffield,Packing,Delta,175,167,7,14,15.06,1,1000.64,1787.43,OK
TXN-00020,2025-05-22,Nottingham,Quality,Beta,85,71,1,8,6.2,1,528.09,1083.09,OK
TXN-00021,2025-04-28,Nottingham,Dispatch,Beta,167,155,5,20,13.28,1,875.31,1939.92,OK
TXN-00022,2025-10-19,Nottingham,Dispatch,Gamma,172,146,2,23,13.27,1,1024.44,1463.41,OK
TXN-00023,2025-02-24,Manchester,Packing,Alpha,84,93,1,17,7.46,1,544.37,899.73,OK
TXN-00024,2025-03-15,Nottingham,Assembly,Gamma,127,107,3,21,10.65,1,894.44,1269.27,OK
TXN-00025,2026-01-18,Sheffield,Assembly,Delta,112,106,3,44,9.39,0,877.64,1242.43,OK
TXN-00026,2026-02-11,Leeds,Assembly,Delta,91,105,1,26,6.99,0,603.39,1140.87,OK
TXN-00027,2025-06-02,Leeds,Quality,Beta,91,89,0,7,7.69,1,694.53,792.21,OK
TXN-00028,2025-04-02,Leeds,Packing,Delta,162,173,4,24,10.57,1,1181.23,1727.86,OK
TXN-00029,2025-09-18,Sheffield,Dispatch,Alpha,184,171,1,10,11.38,1,944.73,2150.39,OK
TXN-00030,2026-03-24,Manchester,Packing,Beta,87,74,3,16,6.3,1,576.22,791.3,OK
TXN-00031,2026-05-25,Nottingham,Packing,Alpha,120,110,5,9,10.56,1,802.78,1525.18,OK
TXN-00032,2025-10-17,Manchester,Packing,Alpha,164,175,7,10,11.91,1,811.57,1594.45,OK
TXN-00033,2026-03-24,Manchester,Assembly,Beta,176,170,5,25,11.69,1,1369.59,1637.29,OK
TXN-00034,2025-05-09,Sheffield,Packing,Beta,118,131,2,23,9.29,1,799.15,1357.54,OK
TXN-00035,2025-12-06,Leeds,Assembly,Alpha,165,171,3,14,12.44,1,860.07,1537.7,OK
TXN-00036,2025-04-24,Manchester,Dispatch,Delta,236,179,9,12,18.9,1,1778.57,2549.23,OK
TXN-00037,2025-06-26,Sheffield,Dispatch,Beta,134,131,3,7,11.5,1,816.84,1522.11,OK
TXN-00038,2025-01-24,Leeds,Dispatch,Delta,101,98,2,9,9.67,1,525.22,1070.41,OK
TXN-00039,2026-05-17,Manchester,Packing,Beta,93,90,1,12,5.57,1,553.15,874.44,OK
TXN-00040,2026-04-02,Nottingham,Dispatch,Delta,145,123,4,19,10.35,1,753.02,1355.57,OK
TXN-00041,2025-12-21,Sheffield,Packing,Gamma,124,133,3,7,11.28,1,768.66,1282.11,OK
TXN-00042,2025-01-01,Manchester,Dispatch,Gamma,104,110,1,10,7.52,1,682.94,968.11,OK
TXN-00043,2025-08-07,Nottingham,Assembly,Delta,154,130,0,26,10.81,1,1010.05,1955.78,OK
TXN-00044,2026-01-01,Nottingham,Quality,Alpha,153,163,2,10,13.77,1,956.07,1546.15,OK
TXN-00045,2025-01-26,Leeds,Assembly,Gamma,142,142,0,32,11.52,1,1031.06,1539.19,OK
TXN-00046,2025-09-26,Sheffield,Packing,Alpha,157,171,4,4,12.99,1,854.96,1665.9,OK
TXN-00047,2025-04-11,Nottingham,Quality,Alpha,98,94,1,12,8.36,1,625.85,1021.16,OK
TXN-00048,2025-07-07,Leeds,Packing,Delta,182,162,5,5,14.23,1,995.57,1702.83,OK
TXN-00049,2025-06-29,Sheffield,Quality,Delta,97,118,1,8,6.95,0,622.52,1107.42,OK
TXN-00050,2025-01-22,Leeds,Packing,Gamma,113,105,1,16,6.78,1,717.13,1371.72,OK
TXN-00051,2025-09-08,Sheffield,Assembly,Delta,103,113,1,16,8.94,1,614.17,1020.84,OK
TXN-00052,2025-07-14,Sheffield,Packing,Beta,184,158,0,5,16.44,1,1129.77,1982.82,OK
TXN-00053,2025-02-26,Manchester,Dispatch,Alpha,157,155,4,20,11.69,1,1063.74,1459.22,OK
TXN-00054,2025-04-13,Sheffield,Assembly,Beta,119,155,3,13,8.84,0,645.22,1260.56,OK
TXN-00055,2026-03-22,Nottingham,Packing,Delta,173,158,4,3,13.14,1,1139.61,2071.0,OK
TXN-00056,2025-08-19,Nottingham,Assembly,Beta,81,92,3,18,6.93,0,527.93,845.88,OK
TXN-00057,2026-03-05,Leeds,Packing,Beta,126,116,1,25,10.75,1,1001.46,1537.82,OK
TXN-00058,2026-03-28,Manchester,Quality,Delta,129,119,1,14,10.66,1,852.63,1503.59,OK
TXN-00059,2025-02-04,Nottingham,Assembly,Alpha,193,155,4,29,16.2,1,1224.49,2013.26,OK
TXN-00060,2026-05-29,Manchester,Quality,Delta,140,149,1,27,10.49,1,793.96,1578.55,OK
TXN-00061,2025-01-30,Nottingham,Quality,Beta,97,100,1,4,7.94,1,575.19,1161.41,OK
TXN-00062,2025-06-15,Nottingham,Assembly,Gamma,124,165,2,53,8.49,0,813.6,1237.57,OK
TXN-00063,2025-12-02,Leeds,Quality,Beta,149,148,4,5,11.79,1,1080.79,1517.04,OK
TXN-00064,2025-05-25,Nottingham,Quality,Alpha,132,121,2,18,12.63,1,969.92,1188.51,OK
TXN-00065,2025-12-16,Manchester,Assembly,Gamma,129,159,4,13,10.79,0,758.37,1630.54,OK
TXN-00066,2025-01-05,Manchester,Assembly,Alpha,79,86,1,14,7.5,1,429.39,764.15,OK
TXN-00067,2025-11-05,Nottingham,Quality,Gamma,113,110,2,1,9.28,1,553.09,1148.7,OK
TXN-00068,2025-02-22,Sheffield,Quality,Delta,162,154,2,13,12.82,1,1153.54,1989.12,OK
TXN-00069,2025-05-20,Leeds,Quality,Gamma,91,84,0,33,7.17,1,620.94,1044.7,OK
TXN-00070,2025-12-16,Sheffield,Packing,Delta,192,156,5,14,14.78,1,1090.74,2010.26,OK
TXN-00071,2025-12-06,Leeds,Packing,Delta,192,166,3,12,14.73,1,1051.05,1760.64,OK
TXN-00072,2025-01-15,Leeds,Assembly,Beta,132,119,1,16,9.6,1,714.5,1678.32,OK
TXN-00073,2025-10-13,Sheffield,Dispatch,Beta,157,147,5,7,12.16,1,779.48,1850.96,OK
TXN-00074,2026-05-15,Manchester,Assembly,Gamma,119,100,1,14,9.37,1,904.49,1198.48,OK
TXN-00075,2025-02-08,Sheffield,Packing,Delta,168,159,1,10,11.94,1,890.77,1680.75,OK
TXN-00076,2025-11-25,Sheffield,Assembly,Alpha,116,140,2,16,9.22,0,789.32,1426.03,OK
TXN-00077,2026-05-26,Manchester,Quality,Beta,235,178,3,8,18.04,1,1721.31,2841.9,OK
TXN-00078,2025-05-18,Leeds,Quality,Beta,119,146,1,11,8.83,0,655.25,1367.58,OK
TXN-00079,2025-07-04,Sheffield,Packing,Gamma,123,159,1,34,9.64,0,973.88,1510.14,OK
TXN-00080,2025-11-26,Leeds,Dispatch,Delta,86,85,2,2,5.03,1,555.82,887.1,OK
TXN-00081,2025-10-26,Leeds,Quality,Alpha,95,103,0,7,9.0,1,581.69,1027.5,OK
TXN-00082,2025-09-11,Nottingham,Quality,Gamma,157,140,7,11,10.82,1,951.19,1609.34,OK
TXN-00083,2025-12-30,Manchester,Dispatch,Gamma,125,113,3,30,8.07,1,728.23,1205.16,OK
TXN-00084,2025-11-15,Sheffield,Assembly,Alpha,95,98,0,21,6.85,1,702.13,840.19,OK
TXN-00085,2026-03-31,Nottingham,Assembly,Beta,187,164,5,32,15.11,1,1061.46,2170.82,OK
TXN-00086,2025-10-25,Manchester,Quality,Beta,143,143,8,17,11.45,1,786.85,1580.64,OK
TXN-00087,2026-04-03,Leeds,Quality,Delta,200,176,6,9,16.57,1,1428.54,2496.25,OK
TXN-00088,2026-04-08,Leeds,Dispatch,Delta,208,166,7,30,15.53,1,1272.35,1793.57,OK
TXN-00089,2025-12-16,Leeds,Packing,Alpha,114,109,3,17,12.12,1,578.51,992.57,OK
TXN-00090,2025-12-17,Manchester,Dispatch,Delta,102,96,4,3,7.05,1,713.4,959.0,OK
TXN-00091,2025-09-22,Sheffield,Quality,Gamma,91,96,6,14,9.0,1,576.72,897.35,OK
TXN-00092,2026-03-29,Leeds,Dispatch,Beta,93,82,4,11,8.28,1,531.21,837.28,OK
TXN-00093,2026-03-08,Manchester,Dispatch,Beta,228,165,4,3,18.67,1,1640.95,2689.49,OK
TXN-00094,2025-02-01,Nottingham,Assembly,Gamma,101,90,4,16,10.04,1,787.15,986.51,OK
TXN-00095,2025-05-11,Leeds,Packing,Beta,116,90,2,9,8.75,1,580.82,1329.57,OK
TXN-00096,2025-10-16,Leeds,Dispatch,Alpha,155,162,6,3,11.46,1,916.98,1581.42,OK
TXN-00097,2025-10-09,Leeds,Packing,Delta,128,136,1,13,9.04,1,808.93,1167.43,OK
TXN-00098,2025-02-14,Nottingham,Dispatch,Delta,166,142,4,47,11.86,0,1039.97,2090.97,OK
TXN-00099,2025-01-18,Manchester,Dispatch,Delta,83,80,4,4,4.96,1,476.14,719.58,OK
TXN-00100,2026-03-25,Sheffield,Quality,Beta,191,179,3,14,15.35,1,1036.97,2264.61,OK
TXN-00101,2026-02-20,Leeds,Dispatch,Gamma,118,136,1,6,9.13,0,799.42,1351.33,OK
TXN-00102,2026-01-18,Sheffield,Quality,Beta,180,146,4,45,14.53,0,998.25,1887.66,OK
TXN-00103,2026-01-02,Sheffield,Packing,Beta,116,105,3,20,6.78,1,881.4,1160.19,OK
TXN-00104,2026-02-19,Leeds,Dispatch,Gamma,95,93,2,13,6.04,1,477.17,892.4,OK
TXN-00105,2025-09-11,Leeds,Assembly,Alpha,176,157,4,11,14.07,1,1110.91,1732.7,OK
TXN-00106,2025-04-30,Manchester,Packing,Gamma,189,169,6,0,13.45,1,1082.18,1860.66,OK
TXN-00107,2025-01-15,Sheffield,Dispatch,Alpha,172,154,5,5,12.89,1,1072.74,2076.91,OK
TXN-00108,2025-04-17,Manchester,Assembly,Delta,124,135,2,17,10.17,1,921.36,1057.84,OK
TXN-00109,2025-10-14,Manchester,Assembly,Beta,117,113,2,18,7.93,1,680.43,1393.06,OK
TXN-00110,2025-03-03,Sheffield,Dispatch,Alpha,127,111,4,3,8.76,1,832.79,1325.76,OK
TXN-00111,2025-12-17,Leeds,Assembly,Gamma,151,153,2,16,8.5,1,1132.94,1622.6,OK
TXN-00112,2025-05-09,Manchester,Assembly,Delta,175,145,5,23,11.51,1,1336.03,2043.2,OK
TXN-00113,2025-02-25,Leeds,Assembly,Delta,119,121,3,20,8.63,1,631.27,1500.5,OK
TXN-00114,2026-05-10,Leeds,Assembly,Beta,105,96,3,17,6.52,1,591.88,1029.74,OK
TXN-00115,2025-08-23,Manchester,Quality,Delta,189,179,7,13,13.55,1,940.53,2335.77,OK
TXN-00116,2025-11-19,Manchester,Packing,Alpha,missing,142,5,22,11.73,1,1013.8,1322.16,OK
TXN-00117,2025-05-23,Sheffield,Quality,Gamma,92,89,0,17,6.82,1,566.64,1134.92,OK
TXN-00118,2025-04-23,Leeds,Dispatch,Gamma,137,158,3,9,10.04,0,721.86,1349.18,OK
TXN-00119,2025-09-14,Manchester,Packing,Alpha,114,123,0,7,8.7,1,716.96,1025.85,OK
TXN-00120,2025-06-11,Leeds,Packing,Beta,109,130,1,15,7.3,0,638.12,945.94,OK
TXN-00121,2026-01-24,Sheffield,Quality,Alpha,154,150,1,9,10.9,1,1095.47,1547.37,OK
TXN-00122,2025-07-15,Leeds,Assembly,Gamma,71,76,1,23,6.92,1,516.11,890.44,OK
TXN-00123,2025-11-28,Leeds,Quality,Gamma,157,145,2,34,14.26,1,1240.05,1635.51,OK
TXN-00124,2025-07-27,Leeds,Dispatch,Gamma,131,160,0,6,10.04,0,882.52,1652.78,OK
TXN-00125,2025-04-04,Nottingham,Dispatch,Beta,159,174,1,18,12.31,1,1057.14,1418.37,OK
TXN-00126,2025-07-11,Manchester,Quality,Gamma,84,79,6,1,7.35,1,619.88,993.48,OK
TXN-00127,2025-11-29,Nottingham,Packing,Gamma,139,143,2,10,10.44,1,892.54,1581.26,OK
TXN-00128,2025-07-25,Leeds,Quality,Alpha,73,73,2,2,8.56,1,452.36,622.12,OK
TXN-00129,2025-01-14,Nottingham,Packing,Gamma,80,74,1,1,7.11,1,591.61,789.53,OK
TXN-00130,2025-09-25,Leeds,Assembly,Gamma,152,166,1,33,9.5,1,818.63,1908.41,OK
TXN-00131,2025-10-12,Nottingham,Dispatch,Gamma,85,110,0,10,7.39,0,514.28,899.0,OK
TXN-00132,2025-11-21,,Dispatch,Beta,103,113,4,9,7.72,1,676.78,896.99,OK
TXN-00133,2025-01-20,Manchester,Packing,Gamma,191,171,7,4,13.09,1,968.68,2011.78,OK
TXN-00134,2026-03-13,Nottingham,Packing,Delta,118,110,2,27,10.88,1,856.12,1128.29,OK
TXN-00135,2026-05-08,Leeds,Dispatch,Gamma,105,116,1,4,6.63,1,783.9,1097.01,OK
TXN-00136,2025-11-05,Nottingham,Dispatch,Delta,70,71,0,10,3.12,1,467.6,671.27,OK
TXN-00137,2026-01-20,Nottingham,Dispatch,Alpha,118,116,3,5,9.83,1,622.31,1347.97,OK
TXN-00138,2025-11-16,Sheffield,Assembly,Gamma,75,82,2,15,6.31,1,391.81,716.24,OK
TXN-00139,2025-04-12,Manchester,Assembly,Gamma,187,165,4,25,15.58,1,1174.91,1765.75,OK
TXN-00140,2026-03-16,Sheffield,Assembly,Gamma,missing,74,1,12,6.22,1,585.37,963.7,OK
TXN-00141,2025-09-07,Leeds,Packing,Delta,151,178,2,17,12.09,0,1101.52,1903.74,OK
TXN-00142,2026-05-17,Leeds,Dispatch,Alpha,79,70,2,13,6.56,1,437.99,727.55,OK
TXN-00143,2025-03-27,Nottingham,Quality,Delta,130,157,2,3,9.87,0,645.98,1375.85,OK
TXN-00144,2025-06-23,Sheffield,Quality,Beta,95,116,1,0,6.64,0,694.09,1139.14,OK
TXN-00145,2026-04-23,Nottingham,Dispatch,Beta,166,168,1,3,13.51,1,1234.25,1943.23,OK
TXN-00146,2025-12-27,Nottingham,Assembly,Beta,103,103,1,26,8.21,1,718.16,1131.43,OK
TXN-00147,2026-05-12,Nottingham,Assembly,Delta,87,78,2,19,7.9,1,469.85,1037.07,OK
TXN-00148,2025-01-05,Sheffield,Dispatch,Alpha,107,101,4,29,8.5,1,705.78,1110.58,OK
TXN-00149,2025-05-15,Sheffield,Dispatch,Gamma,150,147,2,3,12.62,1,921.86,1422.63,OK
TXN-00150,2025-11-23,Sheffield,Packing,Beta,122,127,1,1,8.04,1,652.29,1294.78,OK
TXN-00151,2026-03-06,Manchester,Packing,Delta,163,137,8,24,12.28,1,1140.72,1401.83,OK
TXN-00152,2025-07-16,Sheffield,Dispatch,Delta,156,153,3,10,11.62,1,1123.38,1754.96,OK
TXN-00153,2025-03-18,Leeds,Dispatch,Delta,109,107,2,2,8.4,1,618.24,1168.99,OK
TXN-00154,2026-03-08,Nottingham,Quality,Gamma,170,148,3,15,12.9,1,1251.69,1997.28,OK
TXN-00155,2025-07-02,Manchester,Quality,Beta,77,76,2,4,6.24,1,572.94,806.07,OK
TXN-00156,2025-10-29,Sheffield,Packing,Alpha,76,101,0,10,7.68,0,545.23,900.95,OK
TXN-00157,2025-05-29,Nottingham,Dispatch,Alpha,81,75,5,26,8.48,1,526.24,767.75,OK
TXN-00158,2025-09-10,Manchester,Dispatch,Alpha,103,129,4,11,8.15,0,626.94,963.23,OK
TXN-00159,2025-01-29,Nottingham,Assembly,Alpha,70,73,0,35,6.0,0,553.4,664.15,OK
TXN-00160,2026-01-02,Nottingham,Quality,Alpha,137,128,5,22,11.92,1,908.0,1572.92,OK
TXN-00161,2025-04-13,Manchester,Dispatch,Delta,118,104,7,8,9.19,1,609.17,1465.51,OK
TXN-00162,2026-04-29,Leeds,Assembly,Delta,148,175,3,25,13.51,0,919.57,1546.93,OK
TXN-00163,2025-05-15,Manchester,Packing,Beta,68,83,0,11,4.62,0,446.58,639.61,OK
TXN-00164,2025-01-18,Leeds,Packing,Alpha,150,157,2,29,11.87,1,883.06,1522.21,OK
TXN-00165,2025-08-13,Manchester,Assembly,Gamma,76,95,2,14,7.62,0,496.83,958.97,OK
TXN-00166,2025-05-28,Leeds,Quality,Gamma,85,84,3,1,8.16,1,472.81,878.99,OK
TXN-00167,2026-02-04,Manchester,Quality,Alpha,140,143,5,9,11.59,1,845.88,1552.4,OK
TXN-00168,2025-04-06,Sheffield,Quality,Delta,104,129,1,3,8.22,0,545.8,999.6,OK
TXN-00169,2026-02-05,Sheffield,Assembly,Gamma,174,145,3,13,13.32,1,1017.17,1724.13,OK
TXN-00170,2025-02-06,Manchester,Quality,Gamma,119,128,0,6,10.78,1,698.81,1114.96,OK
TXN-00171,2025-12-08,Nottingham,Assembly,Delta,92,100,0,14,7.63,1,492.09,803.58,OK
TXN-00172,2025-08-08,Manchester,Assembly,Alpha,82,130,7,18,6.86,0,517.49,722.21,OK
TXN-00173,2025-11-28,Leeds,Dispatch,Delta,136,154,0,13,10.79,0,817.83,1405.42,OK
TXN-00174,2025-12-27,Leeds,Dispatch,Delta,131,118,4,19,11.01,1,733.89,1224.77,OK
TXN-00175,2026-03-06,Sheffield,Dispatch,Delta,99,87,3,17,7.2,1,734.78,1037.86,OK
TXN-00176,2025-04-15,Sheffield,Dispatch,Alpha,144,138,4,11,10.55,1,877.51,1591.59,OK
TXN-00177,2025-08-10,Sheffield,Assembly,Alpha,131,154,1,21,8.49,0,794.67,1140.02,OK
TXN-00178,2025-10-16,Nottingham,Quality,Beta,99,113,2,20,7.53,0,773.49,1074.52,OK
TXN-00179,2026-02-04,Leeds,Quality,Alpha,101,80,2,14,6.63,1,521.14,1081.7,OK
TXN-00180,31/13/2025,Nottingham,Quality,Beta,131,135,5,2,7.87,1,665.01,1641.33,OK
TXN-00181,2026-03-03,Manchester,Quality,Alpha,140,117,1,14,10.22,1,799.67,1766.69,OK
TXN-00182,2025-10-14,Sheffield,Packing,Gamma,79,105,2,27,3.96,0,481.27,746.2,OK
TXN-00183,2025-12-19,Sheffield,Dispatch,Beta,107,107,2,19,8.88,1,641.32,1082.36,OK
TXN-00184,2025-05-14,Leeds,Packing,Alpha,155,135,3,15,10.75,1,974.08,1645.25,OK
TXN-00185,2025-04-15,Leeds,Assembly,Gamma,145,131,4,49,11.01,0,1109.85,1585.02,OK
TXN-00186,2025-07-11,Nottingham,Quality,Alpha,128,115,2,15,8.59,1,643.34,1406.71,OK
TXN-00187,2025-01-01,Leeds,Packing,Beta,164,175,4,20,13.53,1,971.78,1553.3,OK
TXN-00188,2025-02-22,Manchester,Assembly,Beta,161,165,5,29,12.99,1,1013.5,1794.33,OK
TXN-00189,2025-08-30,Manchester,Dispatch,Gamma,missing,88,3,12,7.96,1,645.38,954.48,OK
TXN-00190,2025-08-26,Manchester,Assembly,Gamma,71,93,2,12,6.26,0,547.56,873.43,OK
TXN-00191,2026-03-31,Nottingham,Dispatch,Beta,50,71,1,12,5.55,0,401.09,478.25,OK
TXN-00192,2025-06-21,Nottingham,Quality,Gamma,144,167,3,9,11.65,0,814.09,1549.66,OK
TXN-00193,2025-04-20,Leeds,Dispatch,Delta,126,111,1,7,8.68,1,706.29,1601.9,OK
TXN-00194,2025-06-03,Manchester,Dispatch,Alpha,119,136,8,58,8.68,0,822.69,1351.94,OK
TXN-00195,2025-06-14,Nottingham,Packing,Gamma,95,79,0,12,8.31,1,550.56,1198.33,OK
TXN-00196,2026-03-27,Sheffield,Dispatch,Alpha,173,179,4,6,13.24,1,888.57,1531.01,OK
TXN-00197,2025-05-19,Manchester,Quality,Beta,147,160,6,19,11.43,1,771.11,1389.53,OK
TXN-00198,2025-10-06,Sheffield,Assembly,Alpha,114,120,1,17,6.36,1,855.86,1176.82,OK
TXN-00199,2026-02-17,Sheffield,Quality,Beta,99,83,0,6,7.8,1,581.6,1016.32,OK
TXN-00200,2026-04-16,Nottingham,Packing,Gamma,81,90,5,6,6.15,1,418.85,1022.84,OK
TXN-00201,2025-10-09,Sheffield,Dispatch,Beta,122,139,1,12,9.07,0,881.58,1325.88,OK
TXN-00202,2025-05-09,Sheffield,Packing,Delta,175,156,3,8,13.5,1,902.9,2107.57,OK
TXN-00203,2025-01-22,Sheffield,Packing,Delta,123,132,1,15,9.47,1,622.95,1318.22,OK
TXN-00204,2026-01-25,Leeds,Packing,Delta,117,115,5,13,9.12,1,757.19,1334.24,OK
TXN-00205,2025-07-22,Nottingham,Packing,Alpha,59,75,1,10,4.17,0,354.49,724.94,OK
TXN-00206,2026-03-26,Nottingham,Quality,Delta,109,97,2,6,8.93,1,698.67,1090.01,OK
TXN-00207,2025-09-21,Nottingham,Assembly,Beta,114,112,0,19,8.43,1,707.15,1216.87,OK
TXN-00208,2026-01-21,Nottingham,Dispatch,Beta,missing,109,0,19,8.15,1,859.73,1341.55,OK
TXN-00209,2025-09-16,Leeds,Assembly,Gamma,99,101,1,18,5.71,1,765.62,1145.61,OK
TXN-00210,2025-08-04,Manchester,Quality,Delta,95,144,1,17,5.23,0,699.99,1077.95,OK
TXN-00211,2025-08-14,Nottingham,Dispatch,Beta,60,74,0,68,4.01,0,536.08,576.93,OK
TXN-00212,2025-01-20,Leeds,Packing,Gamma,159,165,1,11,12.35,1,1186.62,2003.84,OK
TXN-00213,31/13/2025,Leeds,Assembly,Alpha,95,101,2,21,5.56,1,597.72,1153.49,OK
TXN-00214,2026-02-23,Sheffield,Assembly,Delta,197,154,4,24,16.68,1,1245.87,1892.25,OK
TXN-00215,2025-10-07,Manchester,Packing,Gamma,157,150,1,8,12.69,1,1116.3,1559.64,OK
TXN-00216,2025-07-05,Nottingham,Quality,Beta,119,120,1,20,11.3,1,768.01,1236.49,OK
TXN-00217,2025-07-15,Sheffield,Dispatch,Delta,161,169,5,30,13.73,1,1192.56,1426.89,OK
TXN-00218,2026-03-10,Sheffield,Quality,Delta,134,136,1,16,10.87,1,851.6,1270.19,OK
TXN-00219,2026-03-02,Sheffield,Quality,Delta,107,101,3,15,7.74,1,723.3,1283.76,OK
TXN-00220,2025-12-16,Sheffield,Quality,Delta,117,112,3,19,10.37,1,764.67,1264.54,OK
TXN-00221,2025-02-06,Leeds,Assembly,Alpha,139,127,4,24,9.99,1,974.2,1224.99,OK
TXN-00222,2025-12-04,Manchester,Packing,Alpha,60,70,2,12,3.46,0,399.92,546.12,OK
TXN-00223,2026-03-10,Manchester,Assembly,Alpha,193,154,6,23,15.14,1,1457.01,1685.69,OK
TXN-00224,2026-01-27,Manchester,Packing,Beta,103,127,4,8,6.76,0,568.5,1015.53,OK
TXN-00225,2025-10-06,Nottingham,Packing,Gamma,90,89,1,16,5.2,1,586.77,989.5,OK
TXN-00226,2026-01-16,Manchester,Packing,Gamma,163,148,7,19,11.65,1,1034.74,1394.75,OK
TXN-00227,2025-03-21,Manchester,Dispatch,Beta,161,163,2,18,11.45,1,1013.04,1825.09,OK
TXN-00228,2025-03-22,Leeds,Quality,Gamma,148,149,3,16,11.85,1,1027.62,1602.64,OK
TXN-00229,2025-07-16,Manchester,Dispatch,Gamma,124,139,3,6,9.92,0,834.33,1529.05,OK
TXN-00230,2025-06-26,Sheffield,Quality,Beta,179,167,2,7,14.29,1,1190.5,1698.32,OK
TXN-00231,2026-05-01,,Dispatch,Alpha,159,165,2,3,11.72,1,902.36,1529.99,OK
TXN-00232,2025-06-29,Manchester,Dispatch,Alpha,71,73,3,20,4.89,1,518.92,615.55,OK
TXN-00233,2026-03-22,Sheffield,Assembly,Beta,missing,107,3,21,8.7,1,714.41,1276.72,OK
TXN-00234,2026-01-10,Sheffield,Assembly,Gamma,132,124,2,35,11.03,0,1021.5,1675.16,OK
TXN-00235,2025-10-29,Nottingham,Assembly,Alpha,149,147,1,15,12.89,1,1104.45,1563.37,OK
TXN-00236,2025-12-02,Sheffield,Dispatch,Gamma,89,85,2,18,6.2,1,505.59,1135.74,OK
TXN-00237,2026-05-13,Nottingham,Dispatch,Delta,99,99,0,34,8.2,1,803.5,965.01,OK
TXN-00238,2025-03-16,Sheffield,Assembly,Beta,95,91,1,13,7.09,1,736.31,810.8,OK
TXN-00239,2026-02-02,Sheffield,Packing,Delta,197,151,2,27,14.68,1,1072.11,2031.38,OK
TXN-00240,2025-10-11,Manchester,Assembly,Gamma,47,80,3,27,5.87,0,363.33,561.19,OK
TXN-00241,2025-01-19,Sheffield,Quality,Delta,128,122,3,16,9.93,1,752.51,1557.9,OK
TXN-00242,2025-09-05,Leeds,Packing,Alpha,141,163,3,23,10.42,0,964.67,1514.18,OK
TXN-00243,2025-02-14,Leeds,Quality,Alpha,168,154,2,3,12.73,1,863.6,1439.81,OK
TXN-00244,2025-10-25,Nottingham,Packing,Gamma,98,134,2,3,8.19,0,633.27,877.03,OK
TXN-00245,2025-06-29,Nottingham,Assembly,Beta,108,158,1,22,6.89,0,726.32,1255.65,OK
TXN-00246,2026-02-27,Nottingham,Assembly,Gamma,110,90,1,28,8.41,1,778.85,1291.72,OK
TXN-00247,2026-04-28,Manchester,Packing,Alpha,150,138,4,5,12.76,1,1127.28,1574.2,OK
TXN-00248,2025-09-18,Leeds,Quality,Gamma,127,159,1,9,9.85,0,712.85,1105.99,OK
TXN-00249,2026-05-06,Sheffield,Assembly,Beta,167,148,1,38,11.46,0,1066.43,1785.84,OK
TXN-00250,2025-05-19,Sheffield,Assembly,Alpha,118,112,0,33,8.81,1,842.04,1418.48,OK
TXN-00251,2026-01-28,Leeds,Packing,Delta,56,76,4,1,3.92,0,379.68,584.07,OK
TXN-00252,2025-06-28,Manchester,Packing,Delta,140,133,6,26,11.43,1,937.61,1613.28,OK
TXN-00253,2026-03-05,Nottingham,Quality,Delta,110,90,2,33,8.64,1,632.47,1218.36,OK
TXN-00254,2025-08-22,Nottingham,Assembly,Alpha,121,145,0,27,8.39,0,911.03,1123.26,OK
TXN-00255,2025-06-27,Sheffield,Quality,Gamma,179,167,3,8,13.01,1,963.84,1886.92,OK
TXN-00256,2025-09-20,Sheffield,Dispatch,Gamma,99,128,1,1,9.28,0,600.23,934.39,OK
TXN-00257,2025-10-22,Leeds,Quality,Alpha,119,116,3,3,9.69,1,592.94,1056.44,OK
TXN-00258,31/13/2025,Nottingham,Dispatch,Gamma,103,103,2,17,7.71,1,545.66,927.39,OK
TXN-00259,2025-01-01,Manchester,Quality,Delta,191,172,5,15,13.34,1,1354.53,2325.36,OK
TXN-00260,2025-08-09,Manchester,Assembly,Delta,166,173,1,27,13.17,1,1087.52,2048.69,OK
TXN-00261,2025-07-09,Sheffield,Dispatch,Beta,92,98,1,8,6.96,1,514.14,940.6,OK
TXN-00262,2026-05-25,,Packing,Beta,206,159,3,16,15.46,1,1251.74,2555.63,OK
TXN-00263,2026-04-09,Sheffield,Dispatch,Gamma,192,175,6,19,14.38,1,1215.77,1797.24,OK
TXN-00264,2026-03-22,Nottingham,Quality,Beta,96,71,0,10,7.54,1,484.2,998.74,OK
TXN-00265,2025-05-22,Nottingham,Dispatch,Gamma,184,151,2,16,13.55,1,1294.69,2217.32,OK
TXN-00266,2026-02-13,Sheffield,Dispatch,Alpha,75,79,3,9,4.57,1,529.14,945.12,OK
TXN-00267,2026-03-11,Manchester,Dispatch,Beta,94,116,2,29,7.16,0,603.09,829.37,OK
TXN-00268,2025-05-22,Manchester,Assembly,Delta,141,154,9,25,11.43,1,791.07,1386.5,OK
TXN-00269,2025-09-14,Sheffield,Assembly,Alpha,104,123,3,31,8.28,0,816.3,1267.46,OK
TXN-00270,2025-08-31,Sheffield,Packing,Delta,169,165,2,2,10.83,1,854.53,1887.8,OK
TXN-00271,2025-08-31,Leeds,Assembly,Alpha,78,110,3,19,6.69,0,457.82,970.81,OK
TXN-00272,2025-10-06,Sheffield,Quality,Delta,143,141,3,10,10.87,1,733.89,1296.54,OK
TXN-00273,2025-04-01,Sheffield,Quality,Delta,74,70,2,10,5.58,1,565.76,928.06,OK
TXN-00274,2026-04-02,Leeds,Quality,Alpha,116,105,2,8,9.53,1,796.17,1349.01,OK
TXN-00275,2025-12-24,Sheffield,Assembly,Delta,137,153,8,24,11.06,0,1011.19,1724.33,OK
TXN-00276,2025-02-25,Sheffield,Dispatch,Alpha,179,172,4,12,16.43,1,978.33,1977.92,OK
TXN-00277,2025-05-06,Sheffield,Assembly,Beta,117,118,1,13,8.65,1,875.7,1417.55,OK
TXN-00278,2025-06-06,Leeds,Assembly,Beta,119,128,1,18,9.78,1,757.39,1131.53,OK
TXN-00279,2026-02-23,Nottingham,Dispatch,Delta,209,171,2,8,15.7,1,1252.62,2514.9,OK
TXN-00280,2026-04-04,Sheffield,Quality,Gamma,140,150,4,3,10.46,1,854.6,1340.45,OK
TXN-00281,2026-02-04,Sheffield,Packing,Gamma,169,173,5,8,12.45,1,899.48,1610.36,OK
TXN-00282,2026-05-01,Sheffield,Quality,Delta,179,163,1,22,13.81,1,1133.17,1853.73,OK
TXN-00283,2026-04-20,Leeds,Packing,Beta,110,94,2,33,6.26,1,842.58,1221.24,OK
TXN-00284,2026-01-12,Manchester,Assembly,Beta,147,164,4,28,11.13,0,1141.01,1412.6,OK
TXN-00285,2025-07-29,Nottingham,Assembly,Gamma,173,150,3,21,13.41,1,1351.94,1472.54,OK
TXN-00286,2025-11-11,Manchester,Quality,Beta,191,173,7,14,12.73,1,1378.97,1964.89,OK
TXN-00287,2026-03-13,Sheffield,Dispatch,Delta,149,171,8,7,9.31,0,938.17,1281.74,OK
TXN-00288,2026-05-19,Leeds,Packing,Delta,93,86,0,14,6.13,1,611.75,999.07,OK
TXN-00289,2025-01-17,Leeds,Quality,Gamma,76,77,0,2,5.63,1,476.13,755.16,OK
TXN-00290,2025-03-19,Leeds,Assembly,Beta,166,156,2,27,11.69,1,845.05,1582.15,OK
TXN-00291,2026-02-12,,Packing,Gamma,217,174,4,8,15.68,1,1602.77,2658.89,OK
TXN-00292,2025-05-05,Sheffield,Quality,Beta,108,114,5,7,7.1,1,580.84,1358.13,OK
TXN-00293,2025-09-18,Nottingham,Dispatch,Alpha,110,111,5,7,8.34,1,658.69,1179.0,OK
TXN-00294,2025-07-23,Sheffield,Assembly,Gamma,162,158,6,47,13.45,0,1031.97,1934.52,OK
TXN-00295,2026-04-23,Leeds,Assembly,Alpha,135,123,3,24,12.36,1,708.45,1448.06,OK
TXN-00296,2025-04-21,Nottingham,Dispatch,Delta,152,137,1,3,12.14,1,760.5,1864.67,OK
TXN-00297,2025-10-05,Manchester,Dispatch,Beta,111,129,3,11,6.74,0,556.11,1076.37,OK
TXN-00298,2025-08-10,Nottingham,Dispatch,Gamma,155,165,5,46,12.96,0,1255.48,1684.42,OK
TXN-00299,2025-08-15,Nottingham,Packing,Beta,134,145,2,40,11.02,0,960.82,1234.4,OK
TXN-00300,2025-02-08,Leeds,Dispatch,Beta,95,95,2,9,7.88,1,539.59,1013.34,OK
TXN-00301,2026-01-29,Nottingham,Packing,Delta,129,133,2,8,10.18,1,654.7,1407.21,OK
TXN-00302,2025-08-20,Manchester,Packing,Gamma,135,125,5,6,10.21,1,714.86,1512.46,OK
TXN-00303,2025-12-25,Sheffield,Assembly,Gamma,missing,71,3,19,6.92,1,488.56,874.15,OK
TXN-00304,2025-09-20,Leeds,Quality,Alpha,113,138,1,25,9.29,0,917.64,1073.42,OK
TXN-00305,2025-05-29,Sheffield,Dispatch,Delta,168,150,6,15,14.0,1,903.75,2079.53,OK
TXN-00306,2025-05-25,Sheffield,Quality,Alpha,84,76,1,35,5.86,0,508.38,935.29,OK
TXN-00307,2025-06-02,Sheffield,Dispatch,Delta,92,96,3,2,7.26,1,588.36,1135.77,OK
TXN-00308,2025-07-09,Manchester,Dispatch,Beta,168,161,2,24,10.32,1,880.61,1578.34,OK
TXN-00309,2026-05-17,Nottingham,Assembly,Delta,99,114,0,31,6.54,0,652.79,841.6,OK
TXN-00310,2025-08-21,Nottingham,Assembly,Beta,80,96,3,21,6.44,0,525.41,766.36,OK
TXN-00311,2025-08-19,Sheffield,Assembly,Gamma,150,158,3,36,10.97,0,1166.75,1331.98,OK
TXN-00312,2026-01-10,Manchester,Packing,Delta,131,136,6,33,8.63,1,734.02,1247.5,OK
TXN-00313,2025-05-25,Manchester,Dispatch,Beta,154,150,4,13,13.35,1,964.84,1622.76,OK
TXN-00314,2025-08-22,Manchester,Dispatch,Beta,110,113,2,15,9.27,1,602.87,1058.12,OK
TXN-00315,2026-02-05,Manchester,Quality,Gamma,170,178,4,5,14.49,1,860.89,1600.35,OK
TXN-00316,2025-01-30,Leeds,Dispatch,Beta,106,99,3,8,7.75,1,692.75,1311.39,OK
TXN-00317,2025-03-04,Leeds,Quality,Beta,157,158,1,11,13.39,1,841.33,1862.08,OK
TXN-00318,2025-03-06,Sheffield,Dispatch,Delta,117,108,2,21,10.41,1,778.2,1449.93,OK
TXN-00319,2026-01-06,Nottingham,Assembly,Gamma,136,147,2,16,11.61,1,970.36,1586.33,OK
TXN-00320,2026-03-26,Manchester,Quality,Delta,77,77,1,24,6.38,1,440.2,816.56,OK
TXN-00321,2025-09-15,Nottingham,Dispatch,Beta,184,175,1,35,15.67,0,1127.84,2297.73,OK
TXN-00322,2025-06-02,Leeds,Dispatch,Alpha,missing,118,5,28,8.73,1,937.55,1089.11,OK
TXN-00323,2025-05-14,Nottingham,Packing,Beta,147,128,6,24,11.94,1,877.96,1313.98,OK
TXN-00324,2025-08-28,Sheffield,Packing,Delta,88,101,1,3,7.98,0,654.86,867.44,OK
TXN-00325,2025-06-22,Manchester,Assembly,Beta,100,103,3,16,7.76,1,574.24,1051.34,OK
TXN-00326,2026-03-15,Nottingham,Assembly,Beta,153,159,3,17,12.34,1,1122.49,1460.59,OK
TXN-00327,2026-03-28,Leeds,Dispatch,Alpha,79,73,3,14,6.61,1,439.96,872.2,OK
TXN-00328,2025-10-21,Manchester,Packing,Beta,81,88,5,43,7.09,0,671.8,801.46,OK
TXN-00329,2026-05-22,Manchester,Packing,Beta,110,87,2,2,8.8,1,627.44,1245.64,OK
TXN-00330,2026-02-14,Nottingham,Assembly,Delta,122,159,1,67,8.82,0,769.97,1210.36,OK
TXN-00331,2025-12-15,Manchester,Quality,Beta,96,95,3,3,6.55,1,546.73,1062.95,OK
TXN-00332,2026-03-28,Manchester,Assembly,Delta,103,100,3,21,7.99,1,775.53,961.88,OK
TXN-00333,2025-09-17,Sheffield,Packing,Delta,138,145,3,9,11.84,1,870.17,1179.84,OK
TXN-00334,2025-09-08,Manchester,Quality,Alpha,113,98,5,5,8.32,1,606.25,1006.33,OK
TXN-00335,2025-05-30,Sheffield,Dispatch,Delta,162,136,4,15,13.99,1,1122.5,1938.04,OK
TXN-00336,2026-03-17,Manchester,Assembly,Beta,122,107,0,16,9.88,1,885.82,1443.79,OK
TXN-00337,2026-04-21,Sheffield,Quality,Gamma,86,73,2,8,6.13,1,659.9,998.0,OK
TXN-00338,2025-09-22,Sheffield,Quality,Delta,145,132,3,15,9.85,1,1040.77,1276.39,OK
TXN-00339,2025-10-10,Nottingham,Quality,Gamma,95,125,2,12,5.82,0,595.03,1197.35,OK
TXN-00340,2025-01-10,Leeds,Assembly,Alpha,113,119,4,30,8.11,1,919.36,1435.49,OK
TXN-00341,2025-12-16,Sheffield,Quality,Delta,116,122,1,19,8.23,1,620.95,1468.3,OK
TXN-00342,2025-07-06,Leeds,Quality,Alpha,73,85,3,2,5.9,0,530.71,630.59,OK
TXN-00343,2026-05-17,Nottingham,Assembly,Alpha,170,135,3,21,12.63,1,864.17,2130.33,OK
TXN-00344,2026-01-18,Nottingham,Packing,Alpha,112,107,2,9,8.02,1,831.44,1043.36,OK
TXN-00345,2026-01-03,Manchester,Packing,Delta,162,156,4,19,13.97,1,1080.62,1628.76,OK
TXN-00346,2026-03-26,Nottingham,Dispatch,Alpha,90,70,2,1,6.57,1,661.32,1143.24,OK
TXN-00347,2026-01-12,Sheffield,Quality,Gamma,99,89,1,1,6.35,1,743.08,1070.69,OK
TXN-00348,2025-12-31,Nottingham,Quality,Gamma,missing,166,3,8,14.23,1,1329.13,2051.42,OK
TXN-00349,2025-03-21,Leeds,Assembly,Alpha,187,175,3,19,15.78,1,949.7,1852.15,OK
TXN-00350,2025-04-15,Sheffield,Quality,Alpha,204,174,3,17,16.8,1,1037.99,2170.3,OK
TXN-00351,2025-07-18,Nottingham,Assembly,Alpha,225,168,3,16,17.08,1,1188.14,2231.6,OK
TXN-00352,2026-05-10,Nottingham,Quality,Beta,140,142,1,1,11.21,1,830.34,1295.13,OK
TXN-00353,2026-02-17,Manchester,Assembly,Delta,98,81,4,16,5.51,1,579.06,1048.98,OK
TXN-00354,2025-09-16,Manchester,Quality,Alpha,144,145,6,16,10.35,1,800.72,1572.53,OK
TXN-00355,2025-06-06,Sheffield,Dispatch,Delta,146,154,3,19,11.56,1,1042.67,1701.3,OK
TXN-00356,2025-03-25,Nottingham,Quality,Gamma,103,94,2,13,7.66,1,705.42,1281.26,OK
TXN-00357,2025-06-05,Sheffield,Assembly,Alpha,130,124,2,12,9.7,1,858.14,1530.81,OK
TXN-00358,2025-09-21,Sheffield,Quality,Delta,123,137,1,16,10.4,0,753.17,1268.52,OK
TXN-00359,2026-02-25,Nottingham,Assembly,Beta,149,139,1,57,11.63,0,934.15,1889.82,OK
TXN-00360,2025-02-14,Manchester,Packing,Beta,127,137,3,12,8.97,1,897.31,1104.35,OK
TXN-00361,2025-08-10,Manchester,Dispatch,Gamma,154,130,3,6,10.54,1,803.7,1364.18,OK
TXN-00362,2025-06-14,Manchester,Packing,Beta,120,105,5,7,8.94,1,802.89,1295.39,OK
TXN-00363,2025-07-19,Sheffield,Dispatch,Delta,69,71,3,12,5.23,1,475.47,666.27,OK
TXN-00364,2026-04-12,Manchester,Assembly,Gamma,231,165,7,38,17.53,0,1312.19,2417.52,OK
TXN-00365,2025-07-15,Sheffield,Packing,Delta,91,142,3,12,6.69,0,615.99,1092.84,OK
TXN-00366,2026-02-11,Sheffield,Packing,Gamma,154,135,5,13,14.42,1,1100.19,1524.45,OK
TXN-00367,2025-01-15,Manchester,Assembly,Delta,128,133,4,25,10.71,1,711.67,1302.54,OK
TXN-00368,2025-05-20,Manchester,Quality,Alpha,122,124,3,15,11.55,1,651.93,1380.44,OK
TXN-00369,2025-07-06,Sheffield,Assembly,Beta,123,121,1,21,9.63,1,644.22,1276.64,OK
TXN-00370,2025-01-27,Nottingham,Assembly,Beta,132,142,4,19,11.03,1,751.54,1680.84,OK
TXN-00371,2025-05-24,Sheffield,Dispatch,Delta,143,124,3,12,10.77,1,928.46,1645.6,OK
TXN-00372,2025-03-28,Leeds,Packing,Delta,184,169,3,10,13.23,1,1023.45,2342.77,OK
TXN-00373,2025-10-03,Sheffield,Dispatch,Alpha,118,155,4,9,8.3,0,730.61,1405.71,OK
TXN-00374,2025-12-02,Nottingham,Packing,Gamma,173,167,1,2,12.35,1,910.46,2050.91,OK
TXN-00375,2025-01-05,Manchester,Dispatch,Gamma,153,150,4,15,11.76,1,846.38,1485.52,OK
TXN-00376,2025-11-17,Nottingham,Assembly,Beta,131,130,2,47,9.62,0,954.33,1669.3,OK
TXN-00377,2025-07-10,Leeds,Quality,Delta,103,108,3,14,6.82,1,756.81,888.9,OK
TXN-00378,2025-10-09,Sheffield,Dispatch,Delta,100,113,0,8,7.69,0,757.65,953.32,OK
TXN-00379,2025-11-05,Sheffield,Packing,Delta,102,109,2,31,6.45,1,835.24,1303.85,OK
TXN-00380,2025-11-04,Leeds,Dispatch,Gamma,157,167,6,36,12.63,0,972.99,1364.34,OK
TXN-00381,2025-08-13,Leeds,Quality,Beta,125,148,3,18,8.19,0,664.59,1231.9,OK
TXN-00382,2026-01-04,Manchester,Packing,Beta,130,116,3,4,9.29,1,832.09,1170.42,OK
TXN-00383,2025-02-13,Leeds,Dispatch,Beta,155,149,2,6,12.76,1,1100.65,1792.72,OK
TXN-00384,2025-11-12,,Assembly,Beta,113,117,3,33,9.38,1,623.11,1167.05,OK
TXN-00385,2025-04-13,Manchester,Packing,Gamma,143,119,4,4,12.77,1,848.38,1557.59,OK
TXN-00386,2025-02-27,Leeds,Dispatch,Delta,123,110,5,3,7.7,1,606.33,1378.04,OK
TXN-00387,2025-02-15,Leeds,Packing,Alpha,92,99,1,11,7.56,1,475.91,910.73,OK
TXN-00388,2025-05-29,Leeds,Quality,Gamma,116,178,3,21,9.74,0,638.63,1243.49,OK
TXN-00389,2025-06-03,Sheffield,Quality,Alpha,166,145,2,9,11.7,1,1068.67,1683.35,OK
TXN-00390,2026-04-16,Nottingham,Quality,Alpha,165,171,4,14,13.22,1,1048.7,1451.85,OK
TXN-00391,2025-01-20,Nottingham,Packing,Beta,162,146,2,27,12.23,1,1178.9,1384.49,OK
TXN-00392,2025-07-31,Leeds,Quality,Beta,160,167,3,6,12.74,1,796.16,1432.14,OK
TXN-00393,2025-02-16,Sheffield,Quality,Beta,130,108,3,14,7.88,1,741.6,1174.47,OK
TXN-00394,2025-10-21,Leeds,Dispatch,Alpha,113,124,2,11,7.78,1,575.85,978.73,OK
TXN-00395,2025-07-06,,Packing,Alpha,134,143,3,9,8.94,1,928.84,1358.73,OK
TXN-00396,2026-05-20,Nottingham,Packing,Delta,119,92,1,25,7.97,1,646.69,1320.86,OK
TXN-00397,2025-07-14,Sheffield,Packing,Alpha,132,136,6,29,10.46,1,969.32,1310.15,OK
TXN-00398,2026-01-01,Manchester,Assembly,Beta,121,123,3,34,8.56,1,971.33,1289.02,OK
TXN-00399,2026-05-24,Leeds,Packing,Beta,159,150,4,6,11.69,1,804.09,1926.06,OK
TXN-00400,2025-03-29,Sheffield,Packing,Delta,162,142,5,6,13.39,1,937.08,1728.81,OK
TXN-00401,2025-02-13,Sheffield,Dispatch,Alpha,93,97,2,18,7.03,1,535.55,1130.48,OK
TXN-00402,2026-02-17,Sheffield,Quality,Delta,163,171,1,17,12.43,1,1141.32,1629.08,OK
TXN-00403,2025-04-02,Nottingham,Assembly,Beta,158,137,1,41,11.47,0,1112.88,1603.33,OK
TXN-00404,31/13/2025,Leeds,Quality,Beta,96,86,2,6,7.31,1,516.85,1034.91,OK
TXN-00405,2025-06-28,Manchester,Dispatch,Delta,80,84,1,5,5.48,1,557.86,948.77,OK
TXN-00406,2025-12-01,Nottingham,Packing,Gamma,97,80,2,6,7.11,1,670.73,853.11,OK
TXN-00407,2025-05-09,Sheffield,Packing,Gamma,116,113,2,2,9.66,1,587.27,1397.82,OK
TXN-00408,2025-10-17,Leeds,Packing,Beta,141,138,3,9,10.83,1,1090.52,1247.7,OK
TXN-00409,2025-02-04,Sheffield,Quality,Beta,81,72,2,5,5.37,1,424.04,730.94,OK
TXN-00410,2025-06-05,Leeds,Packing,Beta,151,136,2,13,9.41,1,789.48,1679.28,OK
TXN-00411,2025-11-16,Leeds,Packing,Delta,80,84,0,12,7.46,1,504.04,753.51,OK
TXN-00412,2026-04-09,Sheffield,Quality,Delta,151,154,5,12,11.26,1,1150.12,1577.23,OK
TXN-00413,2025-08-09,Sheffield,Assembly,Beta,150,134,3,20,11.26,1,908.7,1312.64,OK
TXN-00414,2025-02-06,Manchester,Dispatch,Beta,86,80,3,20,5.92,1,554.61,845.74,OK
TXN-00415,2025-03-19,Manchester,Assembly,Beta,178,128,4,19,12.88,1,1091.56,2200.86,OK
TXN-00416,2025-12-31,Nottingham,Assembly,Beta,139,152,1,15,9.99,1,806.83,1362.7,OK
TXN-00417,2025-08-14,Manchester,Packing,Beta,193,165,5,10,14.37,1,1148.57,1792.09,OK
TXN-00418,2025-06-20,Manchester,Assembly,Alpha,130,119,1,37,9.58,0,778.71,1124.41,OK
TXN-00419,2025-03-20,Sheffield,Quality,Beta,165,157,2,5,11.15,1,1216.39,1739.22,OK
TXN-00420,2026-03-21,Leeds,Dispatch,Alpha,129,138,2,26,10.08,1,815.69,1351.45,OK
TXN-00421,2025-05-31,Leeds,Dispatch,Alpha,175,178,2,26,13.16,1,1080.8,2181.53,OK
TXN-00422,2026-03-02,Manchester,Assembly,Alpha,89,94,5,29,6.09,1,531.6,1022.0,OK
TXN-00423,2025-05-21,Leeds,Packing,Beta,106,124,2,1,7.33,0,582.9,1324.46,OK
TXN-00424,2026-05-23,Leeds,Assembly,Gamma,160,154,2,30,11.38,1,816.92,2000.73,OK
TXN-00425,2026-03-15,Leeds,Quality,Delta,173,150,6,13,13.13,1,886.38,1795.62,OK
TXN-00426,2026-03-12,Nottingham,Dispatch,Beta,128,103,1,1,9.1,1,896.35,1511.17,OK
TXN-00427,2025-06-02,Sheffield,Dispatch,Delta,52,71,0,18,5.24,0,279.85,449.58,OK
TXN-00428,2025-06-08,Sheffield,Assembly,Alpha,76,96,0,14,5.12,0,462.87,772.19,OK
TXN-00429,2025-04-01,Nottingham,Quality,Alpha,101,100,1,16,7.13,1,611.41,901.45,OK
TXN-00430,2025-07-01,Manchester,Packing,Gamma,87,99,3,8,7.55,0,571.53,1082.52,OK
TXN-00431,2025-06-17,Leeds,Assembly,Beta,102,116,3,10,6.8,0,654.51,1074.1,OK
TXN-00432,2025-08-11,Manchester,Dispatch,Gamma,150,145,3,5,10.58,1,849.56,1383.1,OK
TXN-00433,2025-10-06,Sheffield,Quality,Delta,103,118,4,22,7.6,0,643.23,973.58,OK
TXN-00434,2026-04-28,Leeds,Assembly,Beta,80,75,1,18,6.53,1,526.65,925.57,OK
TXN-00435,2025-10-04,Sheffield,Quality,Gamma,102,140,2,7,8.08,0,712.03,1264.48,OK
TXN-00436,2026-01-20,Leeds,Packing,Beta,95,97,0,16,8.21,1,729.03,1180.21,OK
TXN-00437,2025-08-20,Sheffield,Packing,Beta,127,115,2,20,10.16,1,838.67,1290.1,OK
TXN-00438,2025-02-15,Nottingham,Dispatch,Alpha,114,110,3,13,9.35,1,727.91,1248.27,OK
TXN-00439,2025-02-23,Manchester,Packing,Delta,88,86,2,26,7.13,1,489.27,872.5,OK
TXN-00440,2025-02-26,Nottingham,Dispatch,Gamma,127,117,3,16,9.04,1,911.9,1539.11,OK
TXN-00441,2025-08-02,Leeds,Dispatch,Beta,103,124,2,3,8.16,0,552.47,892.91,OK
TXN-00442,2025-12-17,Sheffield,Quality,Beta,168,170,1,3,12.79,1,910.37,1915.62,OK
TXN-00443,2025-12-19,Sheffield,Packing,Delta,113,93,2,11,7.51,1,707.12,1405.13,OK
TXN-00444,2025-06-07,Nottingham,Quality,Alpha,139,144,0,4,10.8,1,850.56,1236.8,OK
TXN-00445,2026-01-11,Nottingham,Dispatch,Gamma,104,121,3,51,6.91,0,611.57,889.0,OK
TXN-00446,2025-12-27,Nottingham,Assembly,Gamma,88,76,4,19,8.52,1,585.37,985.7,OK
TXN-00447,2025-01-06,Nottingham,Quality,Alpha,180,155,3,10,14.71,1,1109.39,2278.13,OK
TXN-00448,2025-06-19,Sheffield,Dispatch,Beta,113,101,1,29,7.93,1,661.21,1313.23,OK
TXN-00449,2026-04-14,Sheffield,Quality,Alpha,152,120,2,39,10.66,0,999.19,1777.56,OK
TXN-00450,2025-03-19,Leeds,Packing,Beta,168,130,3,17,11.42,1,1310.86,2132.24,OK
TXN-00451,2025-08-18,Sheffield,Dispatch,Delta,79,71,0,5,4.6,1,416.29,923.4,OK
TXN-00452,2025-07-01,Sheffield,Packing,Gamma,87,98,2,12,6.22,0,500.0,840.61,OK
TXN-00453,2026-01-11,Leeds,Assembly,Beta,222,170,4,31,16.86,1,1529.89,2400.67,OK
TXN-00454,2025-06-27,Nottingham,Dispatch,Gamma,112,138,2,6,9.21,0,593.8,1065.33,OK
TXN-00455,2025-02-17,Sheffield,Packing,Gamma,174,165,3,9,13.42,1,1113.01,1714.53,OK
TXN-00456,2025-05-11,Leeds,Assembly,Beta,148,177,2,27,11.22,0,1170.89,1518.4,OK
TXN-00457,2026-05-17,Sheffield,Dispatch,Beta,179,152,1,14,13.73,1,1049.8,1957.39,OK
TXN-00458,2025-03-25,Leeds,Quality,Alpha,186,147,7,7,13.81,1,1356.14,2270.82,OK
TXN-00459,2026-02-22,Nottingham,Assembly,Delta,147,127,3,15,10.6,1,843.3,1463.37,OK
TXN-00460,2025-08-29,Manchester,Packing,Alpha,69,78,2,7,4.48,0,471.35,671.44,OK
TXN-00461,2025-06-03,Leeds,Quality,Delta,111,121,1,4,7.78,1,649.37,1036.15,OK
TXN-00462,2026-01-28,Manchester,Packing,Delta,150,146,2,21,11.52,1,1011.12,1410.3,OK
TXN-00463,2025-02-09,Nottingham,Packing,Delta,108,119,1,8,6.56,1,549.75,928.66,OK
TXN-00464,2026-03-14,Leeds,Packing,Alpha,170,132,5,17,13.05,1,1158.98,2020.04,OK
TXN-00465,2026-05-17,Sheffield,Dispatch,Gamma,130,156,4,5,10.91,0,894.58,1352.81,OK
TXN-00466,2025-10-06,Sheffield,Dispatch,Beta,80,119,2,33,5.77,0,591.75,1021.03,OK
TXN-00467,2026-01-06,Manchester,Assembly,Beta,66,72,3,19,6.08,1,527.74,795.65,OK
TXN-00468,2025-05-22,Manchester,Dispatch,Gamma,68,99,3,27,4.79,0,535.72,781.0,OK
TXN-00469,2026-02-20,Nottingham,Assembly,Delta,93,107,0,18,6.73,0,522.71,918.27,OK
TXN-00470,2025-10-22,Sheffield,Packing,Beta,124,151,3,17,7.73,0,975.41,1151.24,OK
TXN-00471,2025-01-03,Sheffield,Assembly,Alpha,164,153,3,29,9.84,1,1246.63,1601.18,OK
TXN-00472,2025-05-31,Nottingham,Packing,Delta,122,95,0,28,8.93,1,900.63,1554.56,OK
TXN-00473,2025-09-05,Sheffield,Packing,Delta,167,179,5,11,12.4,1,1030.44,2127.17,OK
TXN-00474,2025-11-24,Nottingham,Packing,Delta,87,78,2,27,7.38,1,511.67,941.57,OK
TXN-00475,31/13/2025,Leeds,Packing,Beta,131,130,0,15,10.21,1,793.36,1276.54,OK
TXN-00476,2026-02-25,Leeds,Assembly,Beta,126,123,5,17,9.15,1,956.43,1178.2,OK
TXN-00477,2025-01-24,Nottingham,Assembly,Alpha,146,161,1,32,10.57,1,1048.96,1304.67,OK
TXN-00478,2025-01-18,Nottingham,Assembly,Alpha,76,85,1,16,3.64,0,612.37,773.0,OK
TXN-00479,31/13/2025,Leeds,Packing,Delta,140,141,2,10,14.11,1,939.42,1730.18,OK
TXN-00480,2025-11-30,Leeds,Assembly,Delta,118,121,3,19,9.27,1,871.43,1107.31,OK
TXN-00481,2025-08-24,Manchester,Quality,Gamma,121,171,3,4,8.27,0,666.11,1091.61,OK
TXN-00482,2025-09-17,Manchester,Dispatch,Beta,114,153,2,18,6.84,0,856.32,1116.32,OK
TXN-00483,2026-05-26,Leeds,Dispatch,Delta,169,142,5,29,12.91,1,1269.23,1472.4,OK
TXN-00484,2025-06-23,Sheffield,Assembly,Alpha,122,117,4,43,8.89,0,734.83,1394.53,OK
TXN-00485,2025-11-18,Leeds,Dispatch,Delta,179,179,2,14,14.86,1,1372.75,1535.71,OK
TXN-00486,2025-05-13,,Assembly,Gamma,82,71,3,35,6.69,0,669.99,894.39,OK
TXN-00487,2026-05-11,Nottingham,Dispatch,Gamma,181,164,3,13,12.53,1,1048.38,2217.39,OK
TXN-00488,2025-01-17,Sheffield,Dispatch,Beta,140,143,6,6,10.89,1,939.03,1499.49,OK
TXN-00489,2026-02-08,Nottingham,Dispatch,Gamma,107,101,0,16,7.76,1,799.26,1189.23,OK
TXN-00490,2026-04-26,Leeds,Dispatch,Delta,102,89,2,3,10.68,1,498.49,1207.34,OK
TXN-00491,2025-01-08,Sheffield,Assembly,Beta,112,124,0,22,7.94,1,788.58,1196.32,OK
TXN-00492,2025-02-11,Manchester,Quality,Beta,140,154,5,14,10.16,1,1047.36,1511.35,OK
TXN-00493,2025-01-01,Leeds,Quality,Beta,106,92,0,4,8.24,1,792.32,943.22,OK
TXN-00494,2025-05-11,Manchester,Packing,Delta,178,148,3,31,14.86,1,904.04,2026.98,OK
TXN-00495,2025-05-05,Nottingham,Packing,Beta,163,172,0,8,11.27,1,860.61,1911.59,OK
TXN-00496,2025-04-18,Manchester,Dispatch,Delta,99,93,0,20,6.5,1,622.05,1028.64,OK
TXN-00497,2025-06-01,Manchester,Packing,Alpha,91,105,2,13,7.62,0,544.51,787.92,OK
TXN-00498,2025-06-27,Leeds,Packing,Beta,87,82,1,6,5.49,1,588.54,1012.25,OK
TXN-00499,2025-07-24,Manchester,Assembly,Gamma,111,130,4,22,7.29,0,728.27,1277.0,OK
TXN-00500,2026-05-12,Sheffield,Packing,Beta,179,149,2,2,12.02,1,1348.96,1832.18,OK
TXN-00501,2026-03-09,Manchester,Packing,Alpha,93,79,2,15,7.3,1,503.43,891.1,OK
TXN-00502,2025-12-15,Nottingham,Dispatch,Delta,102,123,0,38,7.56,0,799.78,1047.58,OK
TXN-00503,2025-10-18,Nottingham,Packing,Gamma,129,143,1,40,10.01,0,726.11,1146.11,OK
TXN-00504,2025-03-01,Manchester,Dispatch,Delta,201,164,2,8,16.92,1,1457.6,2066.12,OK
TXN-00505,2025-09-11,Sheffield,Packing,Beta,109,105,2,6,9.8,1,644.55,929.18,OK
TXN-00506,2025-05-20,Manchester,Packing,Alpha,82,98,1,13,6.22,0,496.81,1005.45,OK
TXN-00507,2026-01-29,Sheffield,Quality,Beta,81,82,1,14,6.64,1,582.94,751.29,OK
TXN-00508,2025-11-01,Manchester,Quality,Gamma,115,135,3,10,9.67,0,793.65,1305.05,OK
TXN-00509,2025-11-08,Sheffield,Assembly,Alpha,150,153,2,19,12.63,1,1146.0,1561.41,OK
TXN-00510,2025-01-12,Leeds,Packing,Gamma,122,142,0,31,9.83,0,637.38,1330.35,OK
TXN-00511,2025-01-08,Manchester,Assembly,Delta,154,160,2,17,11.77,1,1033.91,1551.57,OK
TXN-00512,2025-11-04,Manchester,Assembly,Alpha,165,163,3,26,11.91,1,1028.26,2071.58,OK
TXN-00513,2025-09-17,Sheffield,Assembly,Beta,145,166,1,18,9.83,0,873.64,1373.04,OK
TXN-00514,2025-05-25,Sheffield,Assembly,Beta,167,161,4,23,13.8,1,1015.74,1680.11,OK
TXN-00515,2026-05-16,Manchester,Assembly,Delta,147,154,3,17,13.22,1,1131.9,1519.02,OK
TXN-00516,2025-05-19,Leeds,Assembly,Beta,150,140,2,19,11.27,1,1047.36,1536.96,OK
TXN-00517,2025-07-03,Nottingham,Quality,Delta,89,107,1,14,6.88,0,697.7,1114.12,OK
TXN-00518,2025-06-27,Sheffield,Assembly,Alpha,107,117,4,34,6.83,1,815.11,1246.5,OK
TXN-00519,2026-02-06,Sheffield,Dispatch,Gamma,164,146,3,4,13.37,1,1033.46,1886.23,OK
TXN-00520,2025-08-01,Sheffield,Packing,Alpha,75,99,0,10,4.65,0,558.45,942.41,OK
TXN-00521,2025-04-01,Leeds,Assembly,Alpha,135,122,3,28,10.52,1,915.37,1519.48,OK
TXN-00522,2025-02-05,Leeds,Assembly,Gamma,163,158,3,25,11.87,1,1186.98,1570.67,OK
TXN-00523,2025-08-09,Leeds,Quality,Beta,140,124,1,18,13.05,1,854.47,1726.87,OK
TXN-00524,2025-03-01,Sheffield,Quality,Alpha,63,74,1,2,5.18,0,375.29,685.26,OK
TXN-00525,2025-06-25,Leeds,Packing,Delta,87,70,1,16,5.62,1,641.17,979.64,OK
TXN-00526,2026-05-30,Nottingham,Assembly,Delta,111,109,1,18,9.21,1,700.39,1015.31,OK
TXN-00527,2025-05-29,Sheffield,Quality,Alpha,195,166,6,15,15.09,1,1019.59,2002.59,OK
TXN-00528,2025-04-01,Nottingham,Assembly,Beta,86,76,0,13,6.72,1,516.29,1090.19,OK
TXN-00529,2025-09-18,Sheffield,Dispatch,Beta,160,155,2,3,14.56,1,1035.86,1944.15,OK
TXN-00530,2025-04-12,Nottingham,Assembly,Alpha,81,72,0,34,4.89,1,575.13,741.96,OK
TXN-00531,2025-06-09,Manchester,Dispatch,Beta,129,125,1,8,8.98,1,906.94,1099.05,OK
TXN-00532,2025-12-02,Sheffield,Quality,Beta,116,130,4,60,8.76,0,739.13,1461.29,OK
TXN-00533,2025-02-25,Leeds,Assembly,Delta,97,88,2,25,5.43,1,610.13,1185.37,OK
TXN-00534,2025-05-24,Sheffield,Packing,Delta,219,176,5,3,18.36,1,1599.04,2008.01,OK
TXN-00535,2025-07-14,Sheffield,Dispatch,Delta,178,170,6,20,13.7,1,1208.3,1691.98,OK
TXN-00536,2025-08-07,Manchester,Dispatch,Alpha,79,85,4,1,5.56,1,452.4,905.77,OK
TXN-00537,2026-02-20,Leeds,Assembly,Gamma,97,93,2,12,8.25,1,738.96,1102.02,OK
TXN-00538,2025-07-09,Manchester,Assembly,Delta,47,73,3,36,3.63,0,403.57,578.13,OK
TXN-00539,2025-06-19,Manchester,Quality,Gamma,98,112,3,35,6.64,0,699.2,1182.96,OK
TXN-00540,2025-09-20,Nottingham,Assembly,Gamma,112,151,3,20,7.22,0,860.37,1293.59,OK
TXN-00541,2025-11-07,Sheffield,Dispatch,Alpha,152,152,2,5,11.05,1,1134.59,1922.36,OK
TXN-00542,2025-07-08,Nottingham,Packing,Gamma,79,91,3,20,6.51,0,437.15,762.38,OK
TXN-00543,2025-01-06,Sheffield,Quality,Gamma,188,143,1,16,14.39,1,1347.57,1909.4,OK
TXN-00544,2025-11-16,Nottingham,Assembly,Alpha,65,91,1,21,5.83,0,462.76,660.95,OK
TXN-00545,2025-02-15,Manchester,Quality,Delta,189,169,9,2,15.96,1,997.38,1842.3,OK
TXN-00546,31/13/2025,Sheffield,Quality,Gamma,86,91,1,42,5.61,0,690.07,745.61,OK
TXN-00547,2025-11-06,Sheffield,Quality,Alpha,148,139,2,8,10.2,1,866.22,1556.63,OK
TXN-00548,2025-03-24,Manchester,Packing,Alpha,96,81,3,21,6.81,1,748.33,1118.19,OK
TXN-00549,2025-09-18,Sheffield,Assembly,Delta,102,146,4,26,4.8,0,568.9,964.77,OK
TXN-00550,2025-04-13,Nottingham,Dispatch,Beta,185,162,5,16,13.1,1,936.64,2216.58,OK
TXN-00551,2025-04-02,Leeds,Packing,Alpha,93,79,1,1,7.47,1,503.83,1063.75,OK
TXN-00552,2026-05-20,Sheffield,Packing,Delta,191,172,4,3,13.55,1,954.73,1691.84,OK
TXN-00553,2026-01-25,Sheffield,Assembly,Alpha,165,150,7,16,13.24,1,983.21,1667.46,OK
TXN-00554,2025-12-12,Sheffield,Packing,Beta,168,179,6,5,12.23,1,1094.47,1458.51,OK
TXN-00555,2025-11-26,Nottingham,Packing,Gamma,101,114,0,2,9.76,0,755.33,1032.84,OK
TXN-00556,2025-06-01,Leeds,Quality,Alpha,139,114,8,0,9.94,1,1040.22,1458.85,OK
TXN-00557,2025-03-29,Leeds,Packing,Gamma,178,171,3,4,13.07,1,1157.95,1521.76,OK
TXN-00558,2025-06-24,Nottingham,Quality,Beta,120,101,3,11,7.97,1,884.84,1045.05,OK
TXN-00559,2026-05-03,Sheffield,Quality,Delta,165,151,1,13,14.14,1,1046.7,1692.65,OK
TXN-00560,2025-05-18,Nottingham,Dispatch,Delta,117,129,0,4,8.63,1,749.43,1404.81,OK
TXN-00561,2025-01-27,Sheffield,Dispatch,Beta,83,75,1,5,7.5,1,605.41,1043.45,OK
TXN-00562,2026-02-21,Sheffield,Dispatch,Gamma,133,105,1,5,10.0,1,736.82,1548.91,OK
TXN-00563,2025-07-03,Leeds,Packing,Gamma,92,114,1,22,7.07,0,674.04,1163.82,OK
TXN-00564,2025-06-08,Nottingham,Assembly,Alpha,79,74,2,28,6.66,1,643.87,925.12,OK
TXN-00565,2025-03-05,Manchester,Quality,Gamma,159,108,5,4,13.56,1,1035.52,1423.41,OK
TXN-00566,2025-06-05,Sheffield,Packing,Delta,138,158,3,3,8.49,0,907.07,1235.48,OK
TXN-00567,2025-12-24,Manchester,Assembly,Beta,121,125,4,13,7.42,1,651.47,1127.31,OK
TXN-00568,2025-06-21,Manchester,Dispatch,Alpha,124,172,5,7,8.18,0,665.93,1141.21,OK
TXN-00569,2025-10-28,Manchester,Packing,Gamma,110,144,3,8,8.52,0,694.88,1308.14,OK
TXN-00570,2026-01-30,Sheffield,Assembly,Beta,180,146,5,16,15.15,1,1197.63,2133.11,OK
TXN-00571,2026-01-04,Sheffield,Dispatch,Gamma,232,175,8,20,17.15,1,1607.03,2468.28,OK
TXN-00572,2025-06-09,Manchester,Packing,Gamma,134,132,3,7,8.38,1,657.11,1229.77,OK
TXN-00573,2025-01-24,Manchester,Packing,Alpha,158,169,3,1,11.25,1,953.65,1491.71,OK
TXN-00574,2025-01-10,Sheffield,Packing,Delta,162,159,0,16,11.29,1,1187.24,1384.94,OK
TXN-00575,2025-03-07,Leeds,Packing,Delta,81,83,3,3,8.43,1,438.19,930.08,OK
TXN-00576,2025-06-18,Nottingham,Assembly,Gamma,171,162,4,22,12.97,1,1177.68,1605.8,OK
TXN-00577,2025-02-19,Sheffield,Assembly,Beta,196,167,3,33,16.07,1,1088.05,1991.05,OK
TXN-00578,2026-04-14,Sheffield,Packing,Gamma,82,85,2,48,5.31,0,506.27,977.3,OK
TXN-00579,2026-02-05,Manchester,Dispatch,Delta,172,159,5,14,13.01,1,1093.59,2083.64,OK
TXN-00580,2025-07-12,Nottingham,Assembly,Alpha,67,102,1,34,5.05,0,509.57,614.42,OK
TXN-00581,2025-05-20,Leeds,Packing,Alpha,151,164,2,1,13.05,1,997.22,1291.9,OK
TXN-00582,2025-01-02,Sheffield,Packing,Beta,164,157,3,5,11.05,1,842.7,1541.38,OK
TXN-00583,2025-08-25,Nottingham,Assembly,Alpha,57,70,2,19,2.13,0,435.39,701.81,OK
TXN-00584,2025-03-01,Nottingham,Assembly,Beta,82,70,3,18,6.08,1,418.92,1036.57,OK
TXN-00585,2025-10-07,Leeds,Assembly,Beta,120,124,2,21,9.66,1,682.97,1363.72,OK
TXN-00586,2025-02-15,Nottingham,Quality,Alpha,77,79,2,4,6.58,1,562.88,806.4,OK
TXN-00587,2025-01-05,Sheffield,Assembly,Alpha,155,170,7,17,13.97,1,949.79,1706.31,OK
TXN-00588,2026-04-27,Nottingham,Quality,Alpha,222,179,3,13,18.12,1,1187.24,2828.48,OK
TXN-00589,2026-03-07,Manchester,Assembly,Gamma,194,173,5,44,14.27,0,1492.19,1872.18,OK
TXN-00590,2025-01-12,Leeds,Assembly,Gamma,195,173,1,36,14.3,0,1310.56,1794.49,OK
TXN-00591,2025-10-31,Nottingham,Dispatch,Gamma,117,106,4,23,9.06,1,866.27,1146.77,OK
TXN-00592,2026-05-02,Manchester,Assembly,Gamma,162,151,6,31,12.88,1,1146.97,2031.81,OK
TXN-00593,2026-03-21,Leeds,Packing,Beta,161,139,2,24,13.41,1,1263.65,1683.78,OK
TXN-00594,2025-08-20,Manchester,Packing,Beta,116,120,1,11,8.91,1,706.84,1210.35,OK
TXN-00595,2025-04-20,Manchester,Quality,Alpha,83,71,4,7,5.36,1,540.66,812.25,OK
TXN-00596,2025-09-10,Manchester,Quality,Beta,57,82,3,9,4.35,0,433.35,688.15,OK
TXN-00597,2026-02-13,Nottingham,Quality,Beta,161,137,4,13,12.51,1,1140.13,1679.74,OK
TXN-00598,2026-01-02,Leeds,Assembly,Delta,137,121,4,23,9.64,1,1004.1,1223.15,OK
TXN-00599,2025-03-06,Leeds,Assembly,Beta,85,103,1,23,7.19,0,522.23,841.54,OK
TXN-00600,2026-04-28,Manchester,Dispatch,Gamma,179,175,5,25,13.35,1,956.71,1803.7,OK
TXN-00601,2026-05-16,Nottingham,Dispatch,Gamma,95,102,1,11,8.19,1,727.06,849.79,OK
TXN-00602,2025-12-18,Nottingham,Quality,Beta,92,73,2,9,6.49,1,686.87,884.61,OK
TXN-00603,2025-01-15,Manchester,Dispatch,Beta,125,161,9,12,9.46,0,730.7,1213.66,OK
TXN-00604,2025-07-09,Nottingham,Quality,Beta,104,114,2,7,7.25,1,521.87,1099.67,OK
TXN-00605,2025-04-23,Nottingham,Assembly,Delta,159,164,2,13,12.49,1,1009.47,1593.74,OK
TXN-00606,2025-11-19,Manchester,Dispatch,Beta,168,172,7,4,11.94,1,840.16,1510.98,OK
TXN-00607,2025-02-28,Sheffield,Assembly,Alpha,92,71,3,23,7.47,1,488.33,874.61,OK
TXN-00608,2025-12-12,Leeds,Packing,Beta,140,139,1,5,10.62,1,684.98,1335.0,OK
TXN-00609,2026-03-19,Sheffield,Quality,Delta,166,167,2,8,13.53,1,906.4,1915.78,OK
TXN-00610,2026-03-26,Sheffield,Packing,Alpha,151,127,4,0,12.04,1,859.1,1358.74,OK
TXN-00611,2026-05-24,Sheffield,Quality,Delta,169,171,2,8,12.72,1,858.75,2011.22,OK
TXN-00612,2025-09-05,Manchester,Dispatch,Beta,155,134,2,8,11.21,1,936.91,1654.09,OK
TXN-00613,2026-03-28,Nottingham,Assembly,Delta,179,165,5,38,15.69,0,1023.64,1928.92,OK
TXN-00614,2025-05-04,Sheffield,Packing,Delta,162,179,4,7,14.4,1,1031.58,1843.23,OK
TXN-00615,2025-10-26,,Quality,Gamma,81,87,2,12,7.24,1,466.94,740.45,OK
TXN-00616,2025-01-12,Leeds,Quality,Beta,94,111,2,3,7.08,0,714.69,958.17,OK
TXN-00617,2025-04-18,Sheffield,Dispatch,Alpha,86,80,1,1,5.98,1,454.52,1080.52,OK
TXN-00618,2025-11-03,Sheffield,Packing,Gamma,120,112,1,3,7.76,1,864.84,1033.86,OK
TXN-00619,2026-01-11,Manchester,Packing,Delta,157,174,1,20,12.14,1,905.6,1669.5,OK
TXN-00620,2026-05-13,Nottingham,Assembly,Gamma,133,119,3,30,8.86,1,846.39,1222.64,OK
TXN-00621,2025-11-10,Leeds,Quality,Beta,117,125,0,6,8.61,1,591.79,1265.75,OK
TXN-00622,2025-05-07,,Packing,Beta,128,136,3,18,8.5,1,660.4,1627.09,OK
TXN-00623,2026-02-03,Nottingham,Quality,Delta,127,109,3,13,10.04,1,823.87,1218.14,OK
TXN-00624,2026-03-11,Leeds,Quality,Gamma,85,82,1,30,4.58,1,554.6,959.95,OK
TXN-00625,2025-09-06,Sheffield,Packing,Beta,178,177,4,11,12.65,1,992.21,2254.71,OK
TXN-00626,2025-08-10,Leeds,Quality,Beta,156,125,4,1,13.31,1,996.48,1756.09,OK
TXN-00627,2025-06-30,Sheffield,Assembly,Delta,114,104,3,14,8.14,1,880.91,1337.13,OK
TXN-00628,2026-02-22,Leeds,Dispatch,Delta,144,153,5,5,9.96,1,827.56,1637.58,OK
TXN-00629,2026-03-08,Sheffield,Packing,Delta,179,155,2,4,16.75,1,1272.57,2051.03,OK
TXN-00630,2025-09-18,Nottingham,Packing,Delta,82,118,1,11,7.2,0,589.84,799.24,OK
TXN-00631,2025-05-22,Sheffield,Assembly,Beta,175,154,1,19,11.53,1,1022.46,1629.64,OK
TXN-00632,2025-09-26,Leeds,Quality,Delta,176,176,3,5,13.28,1,1148.01,1859.84,OK
TXN-00633,2025-05-25,Leeds,Packing,Beta,190,164,3,26,14.83,1,1089.26,2322.31,OK
TXN-00634,2025-02-25,Sheffield,Packing,Alpha,69,71,0,11,5.4,1,376.17,834.69,OK
TXN-00635,2025-08-20,Leeds,Packing,Gamma,113,103,2,40,7.61,0,888.74,973.01,OK
TXN-00636,2025-04-30,Sheffield,Assembly,Delta,170,148,4,14,12.95,1,870.5,2038.02,OK
TXN-00637,2025-06-23,Nottingham,Quality,Alpha,130,119,3,20,10.91,1,930.18,1526.87,OK
TXN-00638,2025-09-18,Sheffield,Dispatch,Gamma,56,72,1,3,5.16,0,360.47,666.68,OK
TXN-00639,2025-10-20,Nottingham,Packing,Beta,96,102,2,16,6.48,1,599.63,1213.03,OK
TXN-00640,2025-11-11,Sheffield,Dispatch,Gamma,93,102,0,6,8.48,1,705.11,942.43,OK
TXN-00641,2025-07-11,Leeds,Dispatch,Delta,126,157,3,7,7.98,0,847.07,1505.34,OK
TXN-00642,2025-05-02,Nottingham,Quality,Beta,199,169,4,15,15.27,1,1059.02,2491.67,OK
TXN-00643,2025-08-08,Sheffield,Quality,Beta,77,80,0,14,7.1,1,444.73,816.91,OK
TXN-00644,2026-05-13,Manchester,Assembly,Alpha,110,104,2,34,8.14,1,871.18,1374.49,OK
TXN-00645,2025-02-12,Manchester,Assembly,Beta,148,135,3,22,11.69,1,1096.83,1432.1,OK
TXN-00646,2025-10-04,Leeds,Assembly,Beta,180,147,5,12,14.03,1,983.39,1635.98,OK
TXN-00647,2025-04-28,Sheffield,Quality,Gamma,139,146,3,9,8.48,1,751.91,1394.32,OK
TXN-00648,2026-01-28,Sheffield,Assembly,Alpha,200,170,4,12,12.99,1,1402.81,2516.71,OK
TXN-00649,2026-01-24,Sheffield,Quality,Delta,130,127,0,5,8.88,1,660.18,1290.33,OK
TXN-00650,2025-09-01,Leeds,Assembly,Alpha,155,160,3,19,10.76,1,813.54,1761.17,OK
TXN-00651,2025-02-02,Leeds,Quality,Gamma,185,145,4,17,13.84,1,1089.62,2122.72,OK
TXN-00652,2026-01-24,Leeds,Assembly,Gamma,130,133,5,31,10.31,1,941.37,1558.14,OK
TXN-00653,2025-01-26,,Assembly,Delta,130,133,4,15,11.37,1,807.33,1508.22,OK
TXN-00654,2025-06-20,Nottingham,Quality,Gamma,94,96,4,19,5.95,1,692.07,898.36,OK
TXN-00655,2025-03-17,Manchester,Dispatch,Delta,192,171,7,10,13.22,1,1221.81,2086.34,OK
TXN-00656,2025-01-12,Manchester,Assembly,Alpha,115,113,4,17,7.83,1,810.92,1234.88,OK
TXN-00657,2025-07-22,Leeds,Assembly,Gamma,100,89,5,13,8.98,1,767.32,1052.36,OK
TXN-00658,2026-02-27,Leeds,Assembly,Beta,225,177,4,12,19.35,1,1306.53,2221.34,OK
TXN-00659,2025-07-10,Manchester,Assembly,Delta,120,145,2,12,9.96,0,763.26,1286.41,OK
TXN-00660,2025-08-24,Manchester,Assembly,Alpha,124,120,3,22,9.1,1,927.52,1455.67,OK
TXN-00661,2025-03-06,Sheffield,Dispatch,Delta,176,156,4,2,13.77,1,1292.93,1750.42,OK
TXN-00662,2025-05-04,Manchester,Assembly,Delta,missing,97,1,20,5.82,0,495.9,986.89,OK
TXN-00663,2025-09-18,Manchester,Packing,Beta,161,143,4,25,11.21,1,1246.45,1531.29,OK
TXN-00664,2025-06-10,Sheffield,Quality,Beta,115,118,5,22,8.5,1,843.67,1397.46,OK
TXN-00665,2025-09-22,Manchester,Packing,Beta,94,124,1,10,6.72,0,638.32,972.64,OK
TXN-00666,2026-01-14,Sheffield,Dispatch,Gamma,134,159,4,47,10.46,0,904.56,1312.54,OK
TXN-00667,2026-01-17,Nottingham,Assembly,Beta,118,108,0,12,9.24,1,891.76,1300.76,OK
TXN-00668,2025-07-01,Nottingham,Quality,Alpha,95,106,1,10,7.85,0,552.53,995.7,OK
TXN-00669,2025-11-03,Sheffield,Assembly,Beta,101,127,1,26,7.14,0,562.32,1278.29,OK
TXN-00670,2025-08-24,Sheffield,Assembly,Delta,78,83,0,31,6.7,1,597.43,751.38,OK
TXN-00671,2026-03-15,Leeds,Dispatch,Beta,98,90,2,4,5.99,1,700.5,1119.9,OK
TXN-00672,2026-03-07,Sheffield,Quality,Beta,100,89,2,8,7.42,1,677.13,942.35,OK
TXN-00673,2025-08-24,Sheffield,Packing,Gamma,154,161,4,9,11.71,1,904.51,1812.87,OK
TXN-00674,2026-02-01,Nottingham,Packing,Gamma,79,79,3,12,4.51,1,460.35,925.24,OK
TXN-00675,2026-02-13,Nottingham,Packing,Beta,126,117,4,4,10.34,1,802.02,1324.6,OK
TXN-00676,2026-01-11,Manchester,Assembly,Gamma,141,145,6,45,9.79,0,1082.98,1513.82,OK
TXN-00677,2025-11-19,Leeds,Quality,Gamma,86,103,0,14,6.53,0,456.04,949.03,OK
TXN-00678,2026-03-19,Leeds,Quality,Beta,193,161,4,11,13.48,1,1007.32,2050.44,OK
TXN-00679,2025-01-13,Nottingham,Assembly,Alpha,95,78,4,12,6.43,1,705.59,938.74,OK
TXN-00680,2025-03-01,Leeds,Packing,Delta,194,161,1,23,16.03,1,1124.76,2438.14,OK
TXN-00681,2025-07-02,Sheffield,Dispatch,Delta,148,155,4,23,10.34,1,938.23,1652.32,OK
TXN-00682,2026-03-27,Nottingham,Dispatch,Alpha,118,112,3,12,8.2,1,604.85,1069.29,OK
TXN-00683,2025-06-17,Sheffield,Dispatch,Alpha,82,78,0,16,4.07,1,546.76,1023.02,OK
TXN-00684,2026-02-26,,Quality,Gamma,86,99,4,4,4.66,0,608.24,1076.28,OK
TXN-00685,2025-09-05,Nottingham,Packing,Alpha,113,159,4,6,10.05,0,790.29,1171.96,OK
TXN-00686,2026-04-26,Nottingham,Assembly,Delta,120,115,1,30,6.81,1,876.36,1186.85,OK
TXN-00687,2025-11-14,Sheffield,Packing,Alpha,76,97,6,15,4.75,0,489.85,685.38,OK
TXN-00688,2026-03-13,Sheffield,Dispatch,Gamma,102,93,3,5,7.18,1,705.53,939.65,OK
TXN-00689,2025-11-20,Manchester,Assembly,Delta,129,118,4,20,9.77,1,897.79,1136.15,OK
TXN-00690,2025-08-15,Sheffield,Assembly,Delta,75,81,0,22,4.24,1,442.21,691.2,OK
TXN-00691,2025-06-09,Sheffield,Quality,Alpha,102,107,1,47,9.19,0,596.09,1148.16,OK
TXN-00692,2025-11-09,Leeds,Quality,Beta,97,95,2,17,8.81,1,558.59,930.4,OK
TXN-00693,2025-10-26,Sheffield,Packing,Alpha,121,147,1,10,10.92,0,886.7,1049.8,OK
TXN-00694,2025-10-07,Leeds,Dispatch,Alpha,72,79,1,9,3.85,1,481.18,745.04,OK
TXN-00695,2025-12-08,Leeds,Assembly,Delta,77,74,2,12,7.51,1,476.19,797.8,OK
TXN-00696,2025-05-02,Manchester,Quality,Alpha,180,164,2,15,12.64,1,954.82,1650.05,OK
TXN-00697,2025-10-05,Manchester,Quality,Gamma,119,133,6,13,10.26,0,642.53,1491.26,OK
TXN-00698,2025-04-14,Sheffield,Dispatch,Delta,79,74,2,24,8.16,1,629.2,872.48,OK
TXN-00699,2025-06-18,Nottingham,Dispatch,Beta,76,85,2,11,5.3,0,510.96,803.3,OK
TXN-00700,2025-09-01,Sheffield,Quality,Alpha,90,102,0,9,7.08,0,470.93,1092.29,OK
TXN-00701,2025-12-11,Manchester,Assembly,Beta,125,115,3,19,10.82,1,770.93,1097.82,OK
TXN-00702,2026-04-30,Sheffield,Packing,Gamma,109,111,2,48,9.07,0,947.96,1095.67,OK
TXN-00703,2025-11-19,Sheffield,Quality,Alpha,63,101,1,3,4.22,0,394.12,578.31,OK
TXN-00704,2025-10-08,Manchester,Quality,Alpha,173,175,1,14,14.66,1,1328.11,1756.04,OK
TXN-00705,2026-05-19,Nottingham,Packing,Delta,121,101,6,3,9.48,1,852.36,1461.49,OK
TXN-00706,2025-05-16,Nottingham,Assembly,Beta,153,169,2,15,10.56,1,1086.5,1578.33,OK
TXN-00707,2026-03-20,Manchester,Packing,Beta,177,148,4,2,14.33,1,1214.41,1857.2,OK
TXN-00708,2025-12-23,Leeds,Packing,Beta,117,127,0,2,9.09,1,776.18,1091.34,OK
TXN-00709,2026-01-03,,Dispatch,Beta,87,83,2,8,7.15,1,599.02,933.05,OK
TXN-00710,2026-01-02,Nottingham,Assembly,Alpha,147,127,1,28,11.23,1,982.68,1836.33,OK
TXN-00711,2026-02-03,Leeds,Dispatch,Beta,87,78,2,12,5.34,1,564.26,997.38,OK
TXN-00712,2025-03-03,Manchester,Quality,Alpha,178,145,2,11,13.92,1,980.17,2022.35,OK
TXN-00713,2026-05-22,Sheffield,Assembly,Beta,113,111,2,42,8.11,0,725.32,1288.41,OK
TXN-00714,2025-08-16,Manchester,Assembly,Gamma,115,127,5,34,10.5,1,730.09,1111.78,OK
TXN-00715,2025-10-23,Nottingham,Quality,Alpha,132,147,2,25,8.95,0,805.16,1211.57,OK
TXN-00716,2025-04-13,Sheffield,Packing,Alpha,151,155,6,29,10.69,1,857.19,1440.53,OK
TXN-00717,2026-03-17,Manchester,Packing,Beta,100,94,2,1,6.88,1,516.33,952.34,OK
TXN-00718,2025-03-25,Sheffield,Quality,Alpha,84,79,0,10,6.84,1,649.11,725.16,OK
TXN-00719,2025-01-23,Manchester,Dispatch,Gamma,188,168,9,17,13.82,1,1009.96,2387.27,OK
TXN-00720,2025-09-12,Nottingham,Quality,Gamma,63,83,1,16,3.53,0,497.81,643.66,OK
TXN-00721,2026-04-18,Nottingham,Packing,Alpha,98,93,0,3,8.89,1,745.76,1042.73,OK
TXN-00722,2025-02-17,Sheffield,Dispatch,Gamma,98,107,2,20,7.47,1,627.13,1191.0,OK
TXN-00723,2025-02-06,Sheffield,Assembly,Gamma,151,179,0,21,10.29,0,911.8,1562.13,OK
TXN-00724,2025-06-02,Leeds,Assembly,Alpha,123,145,2,14,10.01,0,786.77,1324.48,OK
TXN-00725,2025-07-18,Sheffield,Packing,Alpha,130,157,2,4,9.22,0,852.44,1202.99,OK
TXN-00726,2026-03-09,Leeds,Assembly,Delta,131,138,2,15,8.83,1,859.72,1422.95,OK
TXN-00727,2025-02-14,Sheffield,Assembly,Delta,165,130,2,19,13.2,1,1272.55,2087.86,OK
TXN-00728,2025-10-08,Sheffield,Dispatch,Delta,76,78,4,9,6.15,1,503.9,957.35,OK
TXN-00729,2026-05-24,Leeds,Packing,Gamma,169,155,2,8,12.97,1,1117.46,1508.39,OK
TXN-00730,2025-08-10,Leeds,Assembly,Alpha,68,71,0,13,5.69,1,381.98,855.58,OK
TXN-00731,2025-01-01,Sheffield,Quality,Delta,111,122,0,5,8.96,1,586.0,1296.58,OK
TXN-00732,2025-10-25,Leeds,Dispatch,Delta,103,98,0,2,7.6,1,524.55,911.19,OK
TXN-00733,2025-09-15,Nottingham,Quality,Delta,120,144,3,14,7.31,0,836.74,1235.91,OK
TXN-00734,2025-02-01,Leeds,Quality,Beta,148,148,4,2,11.74,1,881.59,1371.92,OK
TXN-00735,2025-10-26,Leeds,Assembly,Delta,63,70,2,17,5.39,1,379.5,783.16,OK
TXN-00736,2026-01-08,Sheffield,Packing,Beta,84,93,1,1,5.16,1,573.27,952.61,OK
TXN-00737,2025-11-15,Nottingham,Dispatch,Alpha,119,163,2,15,10.38,0,828.73,1462.84,OK
TXN-00738,2025-10-12,Leeds,Packing,Alpha,137,137,3,15,11.74,1,781.92,1243.96,OK
TXN-00739,2026-04-17,Leeds,Quality,Beta,108,96,3,19,6.28,1,637.33,1037.59,OK
TXN-00740,2025-06-07,Nottingham,Assembly,Delta,185,172,3,32,13.09,1,1312.62,2161.08,OK
TXN-00741,2026-02-17,Manchester,Dispatch,Beta,100,92,3,5,7.46,1,500.91,915.54,OK
TXN-00742,2025-03-23,Manchester,Quality,Gamma,80,77,1,7,7.34,1,543.98,687.41,OK
TXN-00743,2026-02-14,Nottingham,Assembly,Alpha,91,89,1,34,8.28,1,754.72,917.11,OK
TXN-00744,2025-01-10,Sheffield,Packing,Beta,121,136,7,9,9.97,0,745.31,1156.19,OK
TXN-00745,2025-05-27,Sheffield,Assembly,Beta,171,152,3,31,13.97,1,1050.83,2065.99,OK
TXN-00746,2025-06-30,Sheffield,Packing,Beta,196,174,4,11,15.12,1,1431.61,2427.23,OK
TXN-00747,2025-05-25,Manchester,Quality,Gamma,120,114,1,21,9.15,1,634.93,1484.2,OK
TXN-00748,2025-05-30,Leeds,Packing,Alpha,95,106,4,7,9.27,0,533.86,1192.04,OK
TXN-00749,2025-06-24,Manchester,Assembly,Gamma,197,162,4,14,15.69,1,1436.33,2358.23,OK
TXN-00750,2025-07-28,Nottingham,Assembly,Alpha,153,164,5,11,12.85,1,914.5,1790.49,OK
TXN-00751,2026-05-25,Sheffield,Dispatch,Alpha,164,178,0,28,13.79,1,1214.64,1833.85,OK
TXN-00752,2026-05-11,Sheffield,Packing,Beta,110,94,1,4,8.28,1,667.72,1226.48,OK
TXN-00753,2025-01-25,Manchester,Quality,Alpha,104,96,3,11,6.64,1,779.13,1053.14,OK
TXN-00754,2025-06-18,Nottingham,Quality,Delta,128,119,2,8,9.41,1,837.74,1301.88,OK
TXN-00755,2025-11-27,Manchester,Quality,Alpha,70,91,2,4,4.59,0,519.48,607.67,OK
TXN-00756,2025-01-25,Leeds,Assembly,Delta,139,144,2,40,11.46,0,961.88,1229.27,OK
TXN-00757,2025-06-27,Sheffield,Packing,Alpha,91,107,1,4,7.4,0,606.78,938.85,OK
TXN-00758,2025-08-13,Manchester,Assembly,Gamma,99,112,3,25,7.4,0,783.76,1191.71,OK
TXN-00759,2025-10-23,Nottingham,Dispatch,Alpha,127,120,0,38,11.37,0,860.85,1235.34,OK
TXN-00760,2025-01-02,Nottingham,Quality,Alpha,162,157,7,7,11.92,1,1021.99,2016.7,OK
TXN-00761,2026-01-07,Manchester,Dispatch,Gamma,93,103,2,11,6.2,1,660.1,1034.74,OK
TXN-00762,2026-03-19,Sheffield,Packing,Beta,102,83,2,32,7.34,1,833.8,1024.06,OK
TXN-00763,2025-04-16,Leeds,Dispatch,Delta,96,91,0,9,8.07,1,706.91,1094.69,OK
TXN-00764,2026-02-28,Leeds,Assembly,Delta,152,162,6,15,13.54,1,983.8,1582.7,OK
TXN-00765,2025-01-31,Sheffield,Assembly,Gamma,109,102,3,23,10.31,1,703.83,1326.29,OK
TXN-00766,2025-12-09,Leeds,Packing,Delta,108,106,1,13,7.32,1,796.67,1254.96,OK
TXN-00767,2025-05-11,Leeds,Dispatch,Gamma,101,126,2,15,7.97,0,541.44,989.79,OK
TXN-00768,2025-01-20,Nottingham,Packing,Alpha,132,128,2,7,9.47,1,1003.92,1609.14,OK
TXN-00769,2026-01-04,Nottingham,Assembly,Gamma,154,155,0,17,12.54,1,890.75,1413.69,OK
TXN-00770,2026-02-02,Nottingham,Assembly,Gamma,170,179,2,17,10.87,1,1244.79,1929.05,OK
TXN-00771,2025-04-21,Manchester,Packing,Gamma,113,96,6,4,11.54,1,854.91,1426.01,OK
TXN-00772,2025-12-25,Sheffield,Assembly,Delta,122,128,2,15,8.83,1,880.44,1161.6,OK
TXN-00773,2025-08-08,Leeds,Quality,Delta,74,86,2,11,6.55,0,465.94,931.78,OK
TXN-00774,2025-07-30,Nottingham,Dispatch,Delta,108,85,1,12,6.63,1,735.5,951.54,OK
TXN-00775,2026-01-26,Leeds,Quality,Beta,169,144,2,7,11.32,1,1125.28,1811.8,OK
TXN-00776,2026-04-10,Manchester,Packing,Beta,206,168,5,5,19.26,1,1324.81,2253.91,OK
TXN-00777,2025-01-04,Manchester,Quality,Beta,62,73,1,13,4.59,0,472.27,753.39,OK
TXN-00778,2026-01-08,Nottingham,Packing,Alpha,204,172,2,19,15.52,1,1215.31,2577.0,OK
TXN-00779,2026-04-25,Nottingham,Dispatch,Beta,193,167,4,17,14.22,1,1379.02,1939.44,OK
TXN-00780,2025-06-20,Sheffield,Assembly,Delta,154,155,1,25,11.75,1,932.58,1471.53,OK
TXN-00781,2026-02-25,Leeds,Quality,Gamma,84,107,3,12,5.24,0,611.91,826.01,OK
TXN-00782,2025-11-03,Manchester,Packing,Delta,124,143,4,33,9.62,0,702.61,1123.99,OK
TXN-00783,2026-05-12,Manchester,Dispatch,Alpha,89,83,2,4,9.05,1,664.65,1047.43,OK
TXN-00784,2025-02-23,Leeds,Dispatch,Alpha,120,139,0,2,9.31,0,873.44,1257.95,OK
TXN-00785,2025-07-09,Manchester,Quality,Beta,159,145,4,10,12.96,1,830.72,1499.0,OK
TXN-00786,2025-04-27,Leeds,Dispatch,Alpha,131,119,2,18,11.27,1,730.77,1458.75,OK
TXN-00787,2025-09-05,Nottingham,Quality,Alpha,82,97,5,8,6.28,0,537.05,865.13,OK
TXN-00788,2025-12-12,Manchester,Quality,Beta,201,174,6,15,15.23,1,1163.99,2208.7,OK
TXN-00789,2025-04-11,Manchester,Quality,Beta,151,133,2,4,9.72,1,888.99,1648.78,OK
TXN-00790,2026-04-18,Nottingham,Packing,Beta,144,134,5,12,9.71,1,733.57,1231.01,OK
TXN-00791,2025-07-28,Nottingham,Dispatch,Gamma,101,97,1,10,8.14,1,609.22,1094.89,OK
TXN-00792,2025-12-11,Sheffield,Quality,Beta,105,86,0,14,9.22,1,743.0,1018.79,OK
TXN-00793,2026-02-05,Leeds,Packing,Beta,147,114,6,3,11.34,1,1039.63,1674.86,OK
TXN-00794,2025-02-04,Leeds,Dispatch,Delta,107,86,1,19,6.96,1,593.91,1038.63,OK
TXN-00795,2025-01-25,Sheffield,Packing,Gamma,70,73,2,16,5.27,1,448.3,659.14,OK
TXN-00796,2025-08-03,Leeds,Packing,Alpha,146,156,3,13,9.25,1,1057.35,1572.01,OK
TXN-00797,2025-11-28,Sheffield,Packing,Alpha,166,175,3,12,12.19,1,951.6,1493.2,OK
TXN-00798,2025-12-18,Sheffield,Packing,Beta,68,77,2,5,5.07,0,398.04,703.71,OK
TXN-00799,2026-05-26,Nottingham,Dispatch,Alpha,149,163,0,47,10.04,0,965.27,1271.49,OK
TXN-00800,2025-09-27,Sheffield,Assembly,Alpha,missing,120,3,24,6.22,1,791.34,1134.42,OK
TXN-00801,2025-03-30,Leeds,Packing,Alpha,110,89,2,21,8.81,1,847.95,1100.25,OK
TXN-00802,2026-03-21,Manchester,Packing,Alpha,84,83,1,48,7.82,0,709.9,889.79,OK
TXN-00803,2026-03-03,Manchester,Dispatch,Delta,131,126,1,27,9.7,1,702.36,1426.79,OK
TXN-00804,2026-05-12,Nottingham,Assembly,Gamma,150,173,2,21,10.98,0,1103.25,1395.23,OK
TXN-00805,2025-07-19,Sheffield,Packing,Alpha,118,124,3,0,6.69,1,718.57,1177.81,OK
TXN-00806,2025-07-29,Leeds,Assembly,Gamma,147,164,4,24,10.69,0,969.99,1346.97,OK
TXN-00807,2025-10-30,Manchester,Dispatch,Alpha,143,142,1,23,11.18,1,777.69,1543.46,OK
TXN-00808,2025-01-19,Sheffield,Quality,Gamma,100,115,2,6,9.44,0,683.25,1167.77,OK
TXN-00809,2026-01-24,Manchester,Assembly,Delta,180,170,5,54,14.38,0,1162.76,2026.11,OK
TXN-00810,2025-08-20,Leeds,Quality,Delta,132,149,1,14,10.65,0,973.62,1454.11,OK
TXN-00811,2025-04-17,Leeds,Dispatch,Delta,138,123,3,14,10.03,1,988.85,1435.71,OK
TXN-00812,2025-09-20,Manchester,Packing,Beta,146,149,10,9,11.21,1,769.23,1778.28,OK
TXN-00813,2025-05-31,Manchester,Assembly,Beta,106,103,3,23,8.37,1,830.47,1318.6,OK
TXN-00814,2026-02-01,Manchester,Dispatch,Beta,100,92,2,21,6.55,1,685.58,1195.74,OK
TXN-00815,2026-05-02,Manchester,Packing,Alpha,112,137,3,5,8.25,0,639.55,1021.62,OK
TXN-00816,2025-12-22,Leeds,Assembly,Alpha,95,104,0,17,7.76,1,745.27,1164.83,OK
TXN-00817,2025-01-25,Leeds,Dispatch,Delta,130,117,2,13,10.47,1,811.87,1574.58,OK
TXN-00818,2025-08-20,Leeds,Packing,Beta,85,86,0,7,5.12,1,427.22,872.91,OK
TXN-00819,2025-07-22,Leeds,Quality,Alpha,76,82,1,17,5.35,1,456.79,831.0,OK
TXN-00820,2025-04-26,Nottingham,Quality,Alpha,173,133,3,6,14.52,1,848.01,2052.64,OK
TXN-00821,2025-04-26,Manchester,Dispatch,Delta,143,169,6,64,10.19,0,1215.81,1249.65,OK
TXN-00822,2025-02-13,Leeds,Packing,Delta,99,74,0,22,5.56,1,681.77,1122.46,OK
TXN-00823,2025-01-20,Nottingham,Dispatch,Beta,167,154,3,18,13.45,1,952.12,1925.51,OK
TXN-00824,2025-09-12,Manchester,Quality,Gamma,missing,91,2,15,6.19,1,537.52,1010.6,OK
TXN-00825,2025-08-12,Sheffield,Quality,Delta,184,173,2,1,13.24,1,1032.79,2113.22,OK
TXN-00826,2025-12-14,Leeds,Packing,Beta,158,159,4,11,10.59,1,1189.96,1366.9,OK
TXN-00827,2025-02-11,Manchester,Quality,Delta,116,135,3,21,10.83,0,623.77,1388.78,OK
TXN-00828,2025-07-06,Nottingham,Dispatch,Alpha,114,118,2,12,6.92,1,591.89,1035.17,OK
TXN-00829,2025-12-06,Nottingham,Packing,Alpha,75,85,2,15,6.29,0,436.06,886.53,OK
TXN-00830,2025-10-25,Nottingham,Dispatch,Gamma,100,137,2,2,7.23,0,669.89,938.39,OK
TXN-00831,2025-07-10,Manchester,Packing,Beta,157,174,5,9,12.18,1,941.55,1474.16,OK
TXN-00832,2025-03-24,Leeds,Assembly,Gamma,96,113,2,13,6.44,0,677.03,1086.5,OK
TXN-00833,2025-12-25,Sheffield,Assembly,Beta,83,75,1,29,7.0,1,478.26,834.12,OK
TXN-00834,2025-10-07,Manchester,Packing,Delta,139,132,1,22,10.65,1,802.78,1302.19,OK
TXN-00835,2026-05-28,Nottingham,Dispatch,Delta,107,152,1,10,8.51,0,625.99,1178.82,OK
TXN-00836,2025-11-22,Sheffield,Assembly,Beta,140,123,1,24,10.44,1,1000.41,1776.68,OK
TXN-00837,2026-04-22,Nottingham,Packing,Delta,161,170,1,2,9.63,1,801.74,1395.49,OK
TXN-00838,2026-02-15,Sheffield,Packing,Gamma,208,177,2,8,16.92,1,1191.74,2246.63,OK
TXN-00839,2025-03-15,Leeds,Assembly,Beta,115,130,0,14,8.81,0,740.67,1311.03,OK
TXN-00840,2025-04-20,Leeds,Dispatch,Beta,133,146,5,6,9.7,1,806.46,1447.19,OK
TXN-00841,2025-05-20,Nottingham,Dispatch,Gamma,106,92,0,25,8.12,1,589.85,1015.68,OK
TXN-00842,2025-01-03,Nottingham,Dispatch,Gamma,103,97,3,15,9.08,1,691.18,1280.74,OK
TXN-00843,2025-05-10,Leeds,Packing,Alpha,94,102,0,17,5.88,1,574.44,1083.93,OK
TXN-00844,2025-06-10,Manchester,Dispatch,Alpha,134,150,4,5,9.34,0,875.24,1340.8,OK
TXN-00845,2025-05-11,Leeds,Quality,Beta,80,74,1,11,5.22,1,493.23,939.65,OK
TXN-00846,2025-06-08,Manchester,Quality,Alpha,100,88,2,10,7.86,1,544.27,1165.63,OK
TXN-00847,2025-11-25,Nottingham,Assembly,Alpha,108,122,1,43,11.23,0,848.92,1029.42,OK
TXN-00848,2025-05-22,Manchester,Quality,Delta,179,173,6,9,13.88,1,1118.56,1799.31,OK
TXN-00849,2025-09-22,Manchester,Dispatch,Delta,59,79,1,0,5.0,0,387.87,583.83,OK
TXN-00850,2025-08-23,Leeds,Packing,Delta,154,135,1,7,9.87,1,901.17,1958.52,OK
TXN-00851,2026-02-08,Sheffield,Assembly,Alpha,120,140,1,14,7.95,0,736.6,1075.48,OK
TXN-00852,2026-05-26,Leeds,Quality,Delta,174,170,7,9,13.61,1,978.99,1788.98,OK
TXN-00853,2025-09-13,Leeds,Packing,Delta,116,122,2,13,9.6,1,729.16,1007.13,OK
TXN-00854,2025-10-01,Nottingham,Packing,Beta,81,104,3,33,7.34,0,523.32,765.14,OK
TXN-00855,2026-02-02,Leeds,Packing,Alpha,157,147,4,10,9.66,1,1063.1,1677.15,OK
TXN-00856,2025-09-10,Leeds,Assembly,Delta,68,77,1,23,4.85,0,482.06,752.09,OK
TXN-00857,2026-04-11,,Assembly,Alpha,144,152,5,16,10.24,1,923.52,1822.97,OK
TXN-00858,2026-01-24,Manchester,Packing,Alpha,136,130,3,17,10.55,1,844.46,1231.11,OK
TXN-00859,2025-03-29,Sheffield,Packing,Beta,199,167,2,18,15.23,1,1251.17,1990.95,OK
TXN-00860,2025-08-08,Sheffield,Dispatch,Gamma,114,104,8,14,9.61,1,804.62,1458.35,OK
TXN-00861,2025-11-16,Manchester,Assembly,Delta,115,131,3,15,9.9,0,699.98,1227.05,OK
TXN-00862,2025-06-23,Leeds,Quality,Delta,115,125,0,3,10.15,1,714.37,1133.71,OK
TXN-00863,2025-06-29,Sheffield,Dispatch,Beta,112,160,1,18,9.7,0,698.47,1147.17,OK
TXN-00864,2025-08-12,Manchester,Quality,Gamma,113,116,3,14,8.26,1,657.91,1063.48,OK
TXN-00865,2025-06-02,Leeds,Dispatch,Delta,70,78,1,3,4.49,0,382.02,605.32,OK
TXN-00866,2026-03-05,Leeds,Dispatch,Delta,72,72,0,4,6.96,1,403.38,835.17,OK
TXN-00867,2026-05-23,Leeds,Dispatch,Gamma,164,140,3,13,11.25,1,956.4,1928.61,OK
TXN-00868,2025-02-20,Leeds,Assembly,Beta,93,89,3,12,6.59,1,646.05,997.7,OK
TXN-00869,2026-02-14,Sheffield,Quality,Alpha,121,146,3,13,9.87,0,655.17,1107.2,OK
TXN-00870,2025-11-22,Sheffield,Quality,Alpha,115,146,3,10,8.42,0,841.43,1250.75,OK
TXN-00871,2025-07-24,Sheffield,Quality,Gamma,78,94,3,31,6.73,0,493.74,686.17,OK
TXN-00872,2025-11-18,Nottingham,Packing,Beta,176,157,4,38,14.01,0,1412.99,2180.91,OK
TXN-00873,2026-02-07,Manchester,Assembly,Delta,139,143,8,44,9.48,0,729.27,1758.12,OK
TXN-00874,2025-03-04,Leeds,Assembly,Delta,186,165,1,20,14.73,1,1015.58,2069.54,OK
TXN-00875,2025-10-03,Leeds,Dispatch,Beta,112,93,1,32,9.71,1,719.27,1121.38,OK
TXN-00876,2025-08-31,Nottingham,Quality,Alpha,66,83,3,2,4.19,0,368.88,643.35,OK
TXN-00877,2025-10-27,Sheffield,Dispatch,Delta,58,74,0,10,3.42,0,368.14,654.84,OK
TXN-00878,2025-06-21,Manchester,Dispatch,Alpha,165,148,5,5,11.37,1,1047.13,1435.75,OK
TXN-00879,2025-01-29,Manchester,Packing,Alpha,165,137,3,8,12.66,1,1137.93,1502.45,OK
TXN-00880,2025-10-30,Sheffield,Packing,Gamma,116,141,5,6,8.5,0,753.44,1094.54,OK
TXN-00881,2025-12-09,Leeds,Assembly,Gamma,137,140,3,34,9.95,1,957.15,1343.24,OK
TXN-00882,2026-03-19,Nottingham,Quality,Delta,90,102,2,36,6.73,0,549.8,1068.54,OK
TXN-00883,2025-07-20,Leeds,Assembly,Beta,103,86,1,18,9.47,1,733.84,1287.47,OK
TXN-00884,2025-08-15,Sheffield,Packing,Gamma,160,173,2,8,11.22,1,909.47,1884.95,OK
TXN-00885,2026-05-13,Manchester,Dispatch,Gamma,103,114,4,3,6.05,1,504.55,899.92,OK
TXN-00886,2026-01-18,Leeds,Dispatch,Beta,162,146,3,1,12.15,1,973.44,1760.55,OK
TXN-00887,2025-01-14,Leeds,Quality,Alpha,97,102,4,13,7.63,1,657.88,1188.39,OK
TXN-00888,2025-11-02,Sheffield,Assembly,Delta,153,147,3,20,12.68,1,1193.21,1418.98,OK
TXN-00889,2026-01-20,Nottingham,Packing,Delta,112,103,2,2,7.17,1,780.13,1290.74,OK
TXN-00890,2026-05-01,Sheffield,Dispatch,Delta,144,159,3,3,9.89,1,869.5,1363.26,OK
TXN-00891,2025-11-21,Manchester,Packing,Gamma,145,171,3,3,11.2,0,801.02,1364.47,OK
TXN-00892,2025-12-25,Sheffield,Packing,Delta,113,132,0,16,10.07,0,654.28,1032.57,OK
TXN-00893,2026-03-23,Nottingham,Packing,Alpha,178,176,1,9,12.01,1,921.67,2214.95,OK
TXN-00894,2025-03-24,Sheffield,Dispatch,Alpha,108,88,4,4,9.46,1,752.24,1055.19,OK
TXN-00895,2025-10-06,Manchester,Dispatch,Alpha,89,119,2,46,8.56,0,549.85,854.14,OK
TXN-00896,2025-06-15,Nottingham,Assembly,Alpha,96,91,3,28,7.71,1,739.32,960.91,OK
TXN-00897,2025-09-15,Sheffield,Dispatch,Beta,177,163,4,16,15.37,1,1042.44,1928.7,OK
TXN-00898,2025-12-09,Nottingham,Quality,Delta,85,79,3,15,6.9,1,598.64,977.15,OK
TXN-00899,2025-12-09,Leeds,Packing,Beta,156,173,3,35,12.43,0,1107.94,1475.04,OK
TXN-00900,2025-03-08,Leeds,Dispatch,Beta,125,136,2,5,10.19,1,839.68,1560.35,OK
TXN-00901,2026-02-26,Leeds,Packing,Delta,97,92,4,29,6.23,1,750.19,922.63,OK
TXN-00902,2025-01-26,Sheffield,Packing,Delta,150,176,2,0,12.12,0,945.04,1496.41,OK
TXN-00903,2026-02-17,Sheffield,Quality,Delta,132,119,0,6,8.93,1,659.1,1465.96,OK
TXN-00904,2025-04-16,Leeds,Dispatch,Alpha,72,80,0,9,3.73,1,441.36,669.86,OK
TXN-00905,2025-08-13,Manchester,Dispatch,Beta,missing,172,6,18,14.21,1,1189.34,2237.37,OK
TXN-00906,2025-06-04,Manchester,Quality,Delta,109,105,1,4,9.57,1,584.09,1105.39,OK
TXN-00907,2025-02-26,Manchester,Assembly,Beta,167,164,3,33,13.84,1,886.8,1752.84,OK
TXN-00908,2025-06-24,Sheffield,Quality,Delta,96,99,3,22,8.16,1,567.49,1094.82,OK
TXN-00909,2025-10-14,Leeds,Packing,Gamma,140,130,2,9,11.73,1,837.78,1271.73,OK
TXN-00910,2025-05-24,Leeds,Assembly,Gamma,185,148,4,17,15.73,1,1420.74,2085.61,OK
TXN-00911,2026-04-29,Sheffield,Dispatch,Delta,110,99,1,7,8.74,1,687.28,1401.18,OK
TXN-00912,2025-06-29,Manchester,Quality,Gamma,118,95,2,17,7.55,1,768.98,1389.12,OK
TXN-00913,2025-05-20,Sheffield,Assembly,Delta,106,88,1,22,9.33,1,615.01,1080.73,OK
TXN-00914,2025-06-23,Leeds,Packing,Alpha,127,131,3,15,10.23,1,884.54,1491.54,OK
TXN-00915,2025-06-13,Nottingham,Dispatch,Delta,98,112,2,14,7.54,0,692.5,1018.63,OK
TXN-00916,2026-04-22,Sheffield,Packing,Delta,141,115,3,17,10.79,1,718.95,1534.97,OK
TXN-00917,2025-12-17,Sheffield,Packing,Beta,124,106,0,4,8.81,1,643.88,1448.25,OK
TXN-00918,2025-03-04,Nottingham,Assembly,Beta,200,151,4,23,17.71,1,1108.73,1900.58,OK
TXN-00919,2026-03-10,Leeds,Assembly,Delta,113,109,3,19,8.41,1,690.33,1395.73,OK
TXN-00920,2026-05-29,Sheffield,Quality,Delta,137,148,1,8,11.33,1,1013.46,1563.3,OK
TXN-00921,2025-01-03,Sheffield,Quality,Delta,108,110,2,13,7.73,1,549.49,1089.07,OK
TXN-00922,2025-11-15,Leeds,Packing,Beta,126,119,2,3,8.98,1,697.47,1213.19,OK
TXN-00923,2025-06-03,Sheffield,Quality,Beta,88,106,2,19,7.15,0,560.03,992.17,OK
TXN-00924,2026-05-11,Manchester,Assembly,Alpha,147,145,3,12,10.5,1,818.97,1715.17,OK
TXN-00925,2025-02-15,Leeds,Assembly,Gamma,80,75,1,28,7.03,1,589.35,935.7,OK
TXN-00926,2025-01-23,Manchester,Packing,Delta,112,129,6,6,8.82,0,600.03,953.64,OK
TXN-00927,2026-01-05,Sheffield,Quality,Alpha,156,164,4,12,12.75,1,1139.0,1572.64,OK
TXN-00928,2025-01-10,Manchester,Quality,Gamma,141,125,6,13,12.23,1,1030.68,1351.32,OK
TXN-00929,2026-05-08,Leeds,Dispatch,Alpha,73,84,2,3,5.81,0,360.89,837.33,OK
TXN-00930,2025-12-30,Sheffield,Quality,Delta,142,159,1,14,10.71,0,943.5,1555.33,OK
TXN-00931,2026-05-06,Manchester,Quality,Delta,90,94,3,24,5.52,1,577.92,948.23,OK
TXN-00932,2026-05-10,Sheffield,Assembly,Delta,124,98,3,32,10.39,1,886.58,1461.35,OK
TXN-00933,2025-11-26,Manchester,Dispatch,Delta,79,93,5,8,6.77,0,590.44,841.43,OK
TXN-00934,2025-05-06,Nottingham,Quality,Delta,111,124,2,10,9.64,0,736.44,1335.95,OK
TXN-00935,2025-02-03,Manchester,Quality,Beta,83,80,3,9,4.89,1,529.78,872.51,OK
TXN-00936,2025-11-26,Sheffield,Dispatch,Delta,135,128,6,48,10.95,0,1030.91,1657.68,OK
TXN-00937,2025-03-18,Sheffield,Quality,Alpha,96,113,1,14,6.04,0,611.62,1084.46,OK
TXN-00938,2026-04-09,Manchester,Assembly,Beta,181,151,5,19,14.11,1,1296.33,1821.17,OK
TXN-00939,2025-01-09,Leeds,Assembly,Alpha,162,159,5,21,14.59,1,1028.36,1442.84,OK
TXN-00940,2025-08-27,Sheffield,Dispatch,Gamma,78,83,2,17,4.87,1,439.91,996.48,OK
TXN-00941,2026-05-25,Leeds,Quality,Alpha,207,178,6,10,13.78,1,1347.33,2495.25,OK
TXN-00942,2025-12-18,Sheffield,Packing,Gamma,140,123,6,6,10.31,1,700.65,1686.84,OK
TXN-00943,2026-01-28,Nottingham,Assembly,Delta,156,148,1,11,11.51,1,1135.49,1993.28,OK
TXN-00944,2025-12-23,Nottingham,Packing,Gamma,103,85,1,40,8.21,0,713.28,1240.85,OK
TXN-00945,2026-05-17,Nottingham,Packing,Beta,69,74,0,9,6.53,1,483.81,640.08,OK
TXN-00946,2025-08-21,Leeds,Dispatch,Beta,89,107,4,9,7.24,0,595.77,907.63,OK
TXN-00947,2025-10-29,Nottingham,Dispatch,Gamma,117,105,2,2,8.52,1,589.31,1022.02,OK
TXN-00948,2025-07-28,Manchester,Assembly,Alpha,79,73,4,29,6.01,1,536.91,683.19,OK
TXN-00949,2025-12-06,Sheffield,Quality,Gamma,83,85,0,1,7.42,1,585.86,962.11,OK
TXN-00950,2025-09-24,Manchester,Packing,Beta,129,131,3,30,8.41,1,762.69,1178.08,OK
TXN-00951,2026-03-09,Manchester,Quality,Beta,181,155,5,5,14.35,1,1345.4,1817.09,OK
TXN-00952,2025-09-17,Manchester,Quality,Delta,78,72,2,44,6.53,0,619.3,997.16,OK
TXN-00953,2026-04-30,Manchester,Packing,Delta,215,160,5,3,15.63,1,1589.53,2115.0,OK
TXN-00954,2025-08-07,Leeds,Quality,Delta,141,168,2,17,8.64,0,941.74,1345.55,OK
TXN-00955,2025-03-30,Sheffield,Dispatch,Delta,94,94,2,4,8.6,1,662.71,842.37,OK
TXN-00956,2025-12-26,Leeds,Dispatch,Alpha,195,157,0,3,13.31,1,1191.72,2388.92,OK
TXN-00957,2026-03-16,Leeds,Quality,Alpha,170,146,2,5,12.99,1,1204.65,1824.69,OK
TXN-00958,2025-10-29,Sheffield,Assembly,Beta,71,98,1,11,3.58,0,492.54,775.04,OK
TXN-00959,2026-01-19,Nottingham,Dispatch,Alpha,72,70,1,7,5.17,1,445.07,851.55,OK
TXN-00960,2025-08-30,Leeds,Dispatch,Delta,143,172,2,8,9.44,0,1018.25,1243.35,OK
TXN-00961,2025-04-26,Manchester,Assembly,Delta,152,135,7,17,12.95,1,860.94,1826.08,OK
TXN-00962,2025-10-02,Manchester,Assembly,Delta,131,173,5,14,11.44,0,790.78,1254.06,OK
TXN-00963,2025-01-15,Manchester,Assembly,Delta,91,105,6,27,7.26,0,575.65,1120.34,OK
TXN-00964,2025-05-05,Leeds,Dispatch,Alpha,135,149,1,8,11.08,1,1028.78,1471.3,OK
TXN-00965,2025-06-24,Manchester,Packing,Gamma,117,114,1,4,8.8,1,709.14,1034.39,OK
TXN-00966,2025-08-15,Manchester,Packing,Alpha,151,170,4,6,12.8,0,1153.6,1648.59,OK
TXN-00967,2025-07-04,Leeds,Assembly,Beta,77,84,0,34,6.81,1,625.8,781.65,OK
TXN-00968,2025-01-06,Manchester,Packing,Alpha,171,159,4,8,13.62,1,956.74,1711.88,OK
TXN-00969,2025-11-24,Sheffield,Assembly,Beta,170,149,7,32,14.8,1,874.05,1528.5,OK
TXN-00970,2025-06-13,Nottingham,Assembly,Gamma,123,129,1,25,8.68,1,762.83,1308.14,OK
TXN-00971,2025-02-07,Sheffield,Assembly,Delta,112,99,5,24,9.68,1,678.74,1325.2,OK
TXN-00972,2025-12-20,Leeds,Quality,Delta,127,132,3,18,7.54,1,737.77,1264.01,OK
TXN-00973,2026-03-16,Leeds,Quality,Gamma,126,123,5,10,8.01,1,925.4,1568.93,OK
TXN-00974,2025-02-25,Sheffield,Dispatch,Gamma,89,84,1,25,6.61,1,533.53,772.72,OK
TXN-00975,2025-06-07,Nottingham,Dispatch,Delta,165,162,5,6,12.69,1,1211.54,1469.04,OK
TXN-00976,2026-02-26,Leeds,Assembly,Delta,68,76,1,20,4.01,0,500.87,811.65,OK
TXN-00977,2025-05-30,Manchester,Dispatch,Beta,102,97,3,3,9.4,1,730.63,1169.71,OK
TXN-00978,2025-04-12,Nottingham,Assembly,Beta,182,175,3,32,15.02,1,1050.5,1615.32,OK
TXN-00979,2026-04-02,Leeds,Assembly,Delta,112,112,4,12,7.74,1,815.24,1382.82,OK
TXN-00980,2025-11-02,Manchester,Assembly,Alpha,88,95,0,14,7.47,1,587.14,768.93,OK
TXN-00981,2026-03-21,Sheffield,Quality,Gamma,163,169,4,3,12.43,1,811.38,1840.31,OK
TXN-00982,2025-07-05,Manchester,Dispatch,Gamma,143,134,6,20,11.83,1,898.75,1739.98,OK
TXN-00983,2026-04-21,Leeds,Packing,Beta,73,70,6,2,5.96,1,498.47,925.58,OK
TXN-00984,2025-05-20,Sheffield,Assembly,Beta,148,163,2,25,10.81,1,1162.72,1690.15,OK
TXN-00985,2026-04-13,Sheffield,Packing,Beta,178,160,5,29,12.94,1,934.59,2162.47,OK
TXN-00986,2025-05-11,Leeds,Packing,Delta,101,105,4,4,6.53,1,601.51,971.36,OK
TXN-00987,2026-02-07,Sheffield,Dispatch,Alpha,111,104,1,8,7.67,1,809.4,1134.66,OK
TXN-00988,31/13/2025,Nottingham,Quality,Beta,215,148,5,3,18.57,1,1483.37,2649.25,OK
TXN-00989,2025-01-08,Sheffield,Quality,Gamma,77,71,0,40,6.18,0,583.21,907.49,OK
TXN-00990,2025-12-24,Manchester,Packing,Alpha,109,86,2,9,9.16,1,629.29,1288.91,OK
TXN-00991,2025-03-27,Leeds,Quality,Gamma,114,113,1,13,9.49,1,876.43,1395.85,OK
TXN-00992,2025-08-17,Manchester,Quality,Gamma,96,107,0,3,7.82,0,625.22,1036.14,OK
TXN-00993,2025-09-11,Nottingham,Assembly,Alpha,83,100,5,14,6.78,0,478.89,718.0,OK
TXN-00994,2025-04-24,Nottingham,Quality,Delta,93,95,1,5,6.66,1,627.32,999.54,OK
TXN-00995,2025-10-08,Sheffield,Assembly,Gamma,64,79,2,24,6.55,0,419.31,680.91,OK
TXN-00996,2025-06-30,Nottingham,Dispatch,Gamma,102,103,4,32,9.68,1,812.05,996.75,OK
TXN-00997,2025-04-07,Sheffield,Packing,Alpha,81,86,2,10,6.95,1,455.83,938.73,OK
TXN-00998,2025-07-06,Nottingham,Dispatch,Delta,80,81,2,11,6.5,1,607.98,738.41,OK
TXN-00999,2026-04-27,Sheffield,Packing,Delta,98,128,4,16,8.38,0,590.48,949.76,OK
TXN-01000,2026-04-03,Nottingham,Assembly,Beta,127,108,1,23,9.93,1,948.34,1389.48,OK
TXN-01001,2025-07-30,Manchester,Dispatch,Delta,168,168,6,13,12.88,1,1242.19,2108.47,OK
TXN-01002,2025-07-02,Leeds,Dispatch,Gamma,135,178,1,18,9.57,0,926.79,1538.82,OK
TXN-01003,2026-02-23,Nottingham,Assembly,Gamma,90,88,2,33,6.8,1,683.77,946.3,OK
TXN-01004,2026-03-06,Nottingham,Quality,Gamma,151,143,2,24,11.09,1,1189.52,1500.81,OK
TXN-01005,2025-12-17,Sheffield,Dispatch,Alpha,93,102,0,6,7.11,1,702.89,973.01,OK
TXN-01006,2025-12-23,Sheffield,Dispatch,Delta,107,112,0,28,7.95,1,634.53,1086.22,OK
TXN-01007,2025-11-19,Sheffield,Quality,Beta,105,88,3,4,6.71,1,793.22,1166.12,OK
TXN-01008,2025-10-14,Nottingham,Dispatch,Alpha,115,163,3,2,8.64,0,557.31,1341.58,OK
TXN-01009,2025-02-05,Sheffield,Packing,Alpha,170,137,2,27,14.21,1,1164.41,2000.42,OK
TXN-01010,2025-09-13,Sheffield,Dispatch,Alpha,116,108,1,17,7.46,1,807.2,1215.11,OK
TXN-01011,2025-08-08,Leeds,Dispatch,Beta,104,130,0,1,7.46,0,675.07,1318.67,OK
TXN-01012,2026-03-09,Manchester,Quality,Beta,126,111,5,37,9.09,0,921.69,1147.13,OK
TXN-01013,2026-03-24,Sheffield,Quality,Gamma,81,82,4,26,5.56,1,443.17,983.85,OK
TXN-01014,2025-08-22,Leeds,Quality,Beta,139,174,2,14,11.21,0,974.12,1314.13,OK
TXN-01015,2025-02-27,Manchester,Dispatch,Delta,104,125,3,15,7.91,0,761.12,1209.92,OK
TXN-01016,2026-04-18,Sheffield,Assembly,Alpha,132,124,2,37,10.21,0,980.85,1439.37,OK
TXN-01017,2025-04-21,Sheffield,Quality,Gamma,129,124,4,35,8.01,0,733.39,1498.1,OK
TXN-01018,2025-07-31,,Packing,Gamma,122,136,5,36,9.69,0,676.02,1213.57,OK
TXN-01019,2025-02-20,Sheffield,Quality,Beta,203,149,4,16,13.7,1,1316.4,1852.69,OK
TXN-01020,2025-06-17,Nottingham,Packing,Delta,77,83,3,67,5.84,0,516.91,898.99,OK
TXN-01021,2026-01-20,Leeds,Quality,Alpha,106,88,4,33,7.55,1,847.77,1130.15,OK
TXN-01022,2026-03-25,Manchester,Dispatch,Delta,112,99,5,5,8.59,1,707.64,1170.62,OK
TXN-01023,2026-02-11,Leeds,Packing,Gamma,167,124,2,16,13.21,1,839.29,1459.99,OK
TXN-01024,2025-01-02,Nottingham,Assembly,Beta,169,138,3,15,15.06,1,1175.55,2021.43,OK
TXN-01025,2025-08-20,Sheffield,Dispatch,Delta,120,128,6,5,8.55,1,659.57,1509.99,OK
TXN-01026,2025-05-10,Leeds,Quality,Delta,115,128,0,28,9.62,0,813.68,1284.22,OK
TXN-01027,2026-04-20,Manchester,Assembly,Alpha,106,84,2,22,7.2,1,642.84,1267.63,OK
TXN-01028,2026-01-13,Leeds,Assembly,Alpha,172,147,3,18,12.89,1,1109.16,1586.66,OK
TXN-01029,2025-05-08,Leeds,Dispatch,Alpha,152,152,2,18,9.53,1,794.9,1337.39,OK
TXN-01030,2026-01-02,Nottingham,Assembly,Beta,131,133,0,25,10.45,1,992.26,1400.88,OK
TXN-01031,2026-02-24,Sheffield,Dispatch,Delta,99,83,1,14,8.91,1,675.1,1184.32,OK
TXN-01032,2026-03-23,Manchester,Assembly,Alpha,115,108,1,16,10.13,1,873.97,1158.27,OK
TXN-01033,2026-01-08,Manchester,Assembly,Gamma,106,101,1,20,8.41,1,793.99,1230.79,OK
TXN-01034,2026-02-04,Sheffield,Dispatch,Beta,90,72,0,12,5.18,1,549.72,1134.99,OK
TXN-01035,2026-01-31,Leeds,Dispatch,Beta,94,114,3,13,7.79,0,527.23,971.57,OK
TXN-01036,2025-01-31,Manchester,Quality,Alpha,165,138,5,13,11.83,1,859.5,2096.88,OK
TXN-01037,2025-01-05,Manchester,Packing,Alpha,146,164,5,25,10.74,0,783.24,1414.79,OK
TXN-01038,2025-08-04,Sheffield,Assembly,Alpha,79,83,2,10,6.91,1,579.79,988.95,OK
TXN-01039,2026-05-14,Nottingham,Assembly,Alpha,96,92,3,17,6.42,1,719.0,1108.01,OK
TXN-01040,2025-12-20,Leeds,Quality,Beta,159,147,2,3,13.13,1,918.12,1923.53,OK
TXN-01041,31/13/2025,Nottingham,Dispatch,Gamma,77,110,0,13,6.37,0,394.35,673.43,OK
TXN-01042,2025-06-25,Nottingham,Dispatch,Alpha,145,162,2,23,11.39,0,860.19,1846.94,OK
TXN-01043,2025-05-07,Manchester,Assembly,Alpha,85,85,5,19,6.95,1,540.15,805.1,OK
TXN-01044,2025-07-23,Leeds,Quality,Gamma,144,175,2,20,10.24,0,1090.0,1630.68,OK
TXN-01045,2026-05-11,Sheffield,Quality,Beta,134,158,3,7,11.01,0,919.7,1237.04,OK
TXN-01046,2026-02-27,Sheffield,Assembly,Beta,160,147,5,22,13.35,1,1217.98,1477.3,OK
TXN-01047,2025-11-14,Leeds,Assembly,Delta,113,174,2,25,9.66,0,675.56,1103.47,OK
TXN-01048,2025-10-18,Sheffield,Dispatch,Beta,151,154,2,7,10.14,1,1034.91,1662.91,OK
TXN-01049,2025-09-06,Leeds,Assembly,Delta,129,150,3,24,9.19,0,984.01,1508.53,OK
TXN-01050,2025-11-30,Nottingham,Quality,Delta,151,164,3,7,11.37,1,893.71,1395.67,OK
TXN-01051,2026-01-01,Manchester,Dispatch,Delta,139,131,1,10,10.0,1,851.16,1199.43,OK
TXN-01052,2026-03-09,Manchester,Quality,Alpha,91,88,4,31,5.43,1,627.22,1014.41,OK
TXN-01053,2025-07-06,Manchester,Dispatch,Beta,194,156,5,29,13.42,1,1065.69,2457.75,OK
TXN-01054,2025-01-23,Sheffield,Assembly,Alpha,132,129,5,28,10.84,1,784.26,1581.56,OK
TXN-01055,2026-03-11,Leeds,Dispatch,Delta,175,169,6,8,13.27,1,1306.27,1758.47,OK
TXN-01056,2026-05-05,Manchester,Assembly,Delta,108,92,4,12,8.71,1,549.46,1248.22,OK
TXN-01057,2026-01-05,Leeds,Packing,Beta,167,172,3,10,12.82,1,1227.93,1716.74,OK
TXN-01058,2025-09-06,Leeds,Dispatch,Gamma,173,159,5,1,13.47,1,1270.87,2145.49,OK
TXN-01059,2025-02-02,Leeds,Dispatch,Alpha,145,122,4,19,13.62,1,769.25,1659.71,OK
TXN-01060,2025-05-07,Leeds,Dispatch,Alpha,96,84,3,14,6.66,1,505.16,1149.21,OK
TXN-01061,2025-06-16,Leeds,Assembly,Delta,108,140,2,29,7.99,0,843.22,1275.77,OK
TXN-01062,2025-04-27,Manchester,Packing,Delta,187,177,6,11,13.57,1,1420.74,2036.6,OK
TXN-01063,2026-05-27,Leeds,Assembly,Gamma,165,176,1,19,11.23,1,1214.73,1666.69,OK
TXN-01064,2025-06-07,Manchester,Packing,Alpha,169,172,4,20,15.37,1,963.82,1742.75,OK
TXN-01065,2025-07-31,Manchester,Packing,Beta,126,171,2,8,7.92,0,899.55,1236.42,OK
TXN-01066,2026-05-12,Manchester,Packing,Alpha,90,98,2,5,8.93,1,539.79,835.92,OK
TXN-01067,2025-11-28,Leeds,Assembly,Delta,170,179,4,11,13.22,1,1115.19,1554.62,OK
TXN-01068,2026-04-21,Manchester,Packing,Alpha,201,178,6,11,15.5,1,1202.2,2468.88,OK
TXN-01069,2025-04-26,Sheffield,Packing,Delta,182,171,3,19,11.68,1,953.32,1578.06,OK
TXN-01070,2025-02-19,Sheffield,Dispatch,Delta,117,124,2,15,8.48,1,613.3,1108.64,OK
TXN-01071,2026-02-21,Leeds,Quality,Alpha,98,102,0,4,7.9,1,569.51,1034.81,OK
TXN-01072,2026-03-23,Leeds,Quality,Alpha,123,100,3,12,9.13,1,894.44,1574.27,OK
TXN-01073,2025-12-16,Leeds,Quality,Gamma,101,127,2,24,6.83,0,709.42,931.34,OK
TXN-01074,2025-02-12,Nottingham,Packing,Beta,181,148,7,5,14.76,1,901.36,1857.72,OK
TXN-01075,2025-01-23,Manchester,Packing,Gamma,172,138,3,14,14.11,1,940.05,2052.34,OK
TXN-01076,2025-04-22,Manchester,Assembly,Gamma,169,160,5,39,12.41,0,1235.41,1541.18,OK
TXN-01077,2025-12-20,Manchester,Assembly,Gamma,132,115,2,29,10.51,1,876.74,1521.74,OK
TXN-01078,2026-05-17,Nottingham,Assembly,Delta,156,127,1,45,11.34,0,982.04,1899.47,OK
TXN-01079,2025-12-15,Manchester,Quality,Delta,73,73,4,24,7.44,1,578.93,672.9,OK
TXN-01080,2025-01-01,Nottingham,Assembly,Beta,151,151,2,20,13.2,1,845.62,1532.71,OK
TXN-01081,2025-08-23,Leeds,Packing,Beta,102,96,3,20,7.66,1,787.54,982.31,OK
TXN-01082,2025-02-21,Sheffield,Quality,Beta,93,95,3,9,9.21,1,699.18,845.22,OK
TXN-01083,2026-04-30,Leeds,Dispatch,Alpha,171,158,1,8,13.44,1,979.82,1477.13,OK
TXN-01084,2025-06-18,Sheffield,Assembly,Delta,156,136,1,23,12.3,1,940.63,1674.54,OK
TXN-01085,2025-03-10,Nottingham,Assembly,Gamma,117,109,1,17,9.79,1,640.62,1264.18,OK
TXN-01086,2026-02-12,Sheffield,Assembly,Alpha,138,143,2,26,9.52,1,955.4,1637.45,OK
TXN-01087,2025-10-21,Nottingham,Assembly,Alpha,157,157,3,16,12.34,1,1101.29,1795.25,OK
TXN-01088,2025-10-10,Manchester,Dispatch,Delta,117,140,1,19,9.0,0,674.92,1166.84,OK
TXN-01089,2025-11-26,Sheffield,Quality,Delta,173,162,2,40,13.18,0,1033.76,1523.66,OK
TXN-01090,2025-05-17,Sheffield,Packing,Gamma,138,120,3,8,10.99,1,899.51,1520.45,OK
TXN-01091,2026-02-19,Nottingham,Dispatch,Alpha,78,92,0,25,4.5,0,622.34,974.8,OK
TXN-01092,2025-12-23,Sheffield,Quality,Delta,130,112,3,15,9.35,1,907.4,1501.93,OK
TXN-01093,2025-08-23,Sheffield,Packing,Delta,144,134,4,22,11.23,1,1089.73,1317.72,OK
TXN-01094,2025-04-10,Sheffield,Packing,Delta,103,95,5,14,4.81,1,636.26,1103.86,OK
TXN-01095,2026-05-03,Sheffield,Assembly,Delta,157,165,7,13,12.97,1,1021.32,1780.76,OK
TXN-01096,2026-01-09,Leeds,Assembly,Delta,130,96,1,23,9.46,1,785.03,1179.99,OK
TXN-01097,2025-06-11,Nottingham,Dispatch,Gamma,110,113,2,25,9.88,1,829.29,1004.17,OK
TXN-01098,2025-08-01,Leeds,Packing,Delta,76,93,1,5,4.89,0,475.54,908.84,OK
TXN-01099,2025-09-19,Nottingham,Packing,Beta,148,147,1,37,12.26,0,923.22,1355.67,OK
TXN-01100,2026-05-09,Nottingham,Packing,Delta,198,170,4,3,16.82,1,1293.06,2293.88,OK
TXN-01101,2025-09-17,Sheffield,Quality,Delta,112,113,1,27,8.54,1,652.51,1064.27,OK
TXN-01102,2026-02-06,Sheffield,Dispatch,Beta,86,81,3,7,6.06,1,546.48,1061.7,OK
TXN-01103,2025-03-21,Leeds,Packing,Gamma,185,142,1,28,11.73,1,965.87,2292.22,OK
TXN-01104,2025-12-06,Sheffield,Dispatch,Beta,95,89,2,1,7.21,1,470.77,939.86,OK
TXN-01105,2025-02-22,Leeds,Dispatch,Gamma,139,139,2,26,10.15,1,925.09,1184.61,OK
TXN-01106,2025-04-01,Manchester,Assembly,Gamma,91,76,1,11,6.2,1,544.04,798.57,OK
TXN-01107,2025-04-15,Nottingham,Quality,Beta,133,114,7,3,11.5,1,788.69,1498.37,OK
TXN-01108,2025-08-11,Nottingham,Quality,Delta,122,126,2,30,10.21,1,683.26,1498.46,OK
TXN-01109,2026-01-13,Sheffield,Quality,Gamma,100,123,3,6,7.81,0,732.82,869.59,OK
TXN-01110,2025-05-12,Manchester,Packing,Gamma,150,123,5,14,12.65,1,987.99,1306.85,OK
TXN-01111,2026-01-12,Leeds,Packing,Alpha,123,110,3,6,10.22,1,666.48,1126.95,OK
TXN-01112,2025-07-20,Leeds,Packing,Delta,135,119,2,5,13.22,1,902.4,1299.66,OK
TXN-01113,2025-05-23,Leeds,Assembly,Beta,96,81,1,20,6.88,1,761.96,863.23,OK
TXN-01114,2025-02-09,Leeds,Packing,Alpha,137,136,4,28,11.26,1,954.56,1349.4,OK
TXN-01115,2025-07-22,Leeds,Quality,Beta,71,83,1,15,8.04,0,498.31,866.02,OK
TXN-01116,2026-01-19,Manchester,Quality,Beta,111,133,5,6,8.39,0,690.33,1093.79,OK
TXN-01117,2025-04-16,Sheffield,Assembly,Gamma,127,116,3,46,8.47,0,917.39,1223.85,OK
TXN-01118,2025-03-28,Nottingham,Dispatch,Gamma,108,107,0,13,6.69,1,647.64,1152.76,OK
TXN-01119,2025-11-23,Manchester,Dispatch,Alpha,130,132,7,4,10.74,1,832.95,1496.76,OK
TXN-01120,2026-02-18,Manchester,Assembly,Alpha,179,174,3,40,15.73,0,1330.04,2237.94,OK
TXN-01121,2025-05-16,Manchester,Quality,Beta,109,108,4,19,7.61,1,658.4,1276.3,OK
TXN-01122,2025-06-15,Nottingham,Quality,Beta,116,110,2,15,9.05,1,842.81,1356.33,OK
TXN-01123,2025-06-27,Leeds,Packing,Beta,150,124,2,17,10.99,1,1008.43,1823.19,OK
TXN-01124,2026-01-19,Manchester,Quality,Delta,93,93,3,16,7.29,1,552.27,950.39,OK
TXN-01125,2026-04-02,Sheffield,Assembly,Gamma,78,76,2,23,6.34,1,542.5,775.04,OK
TXN-01126,2025-05-02,Leeds,Packing,Beta,139,115,5,28,9.74,1,975.95,1341.49,OK
TXN-01127,2026-01-21,Sheffield,Quality,Alpha,83,74,1,16,6.11,1,521.05,930.33,OK
TXN-01128,2026-03-19,Sheffield,Quality,Beta,105,122,1,13,8.97,0,696.28,950.12,OK
TXN-01129,2026-02-25,Nottingham,Packing,Gamma,170,156,5,6,12.87,1,1239.6,1917.81,OK
TXN-01130,2026-03-20,Manchester,Quality,Alpha,153,133,5,1,12.56,1,810.78,1436.91,OK
TXN-01131,2026-04-11,Leeds,Quality,Alpha,81,79,1,20,5.74,1,625.63,928.17,OK
TXN-01132,2025-10-10,Nottingham,Dispatch,Alpha,105,111,1,9,9.51,1,583.94,1306.57,OK
TXN-01133,2025-07-17,Sheffield,Quality,Beta,90,109,3,29,7.7,0,739.57,1058.39,OK
TXN-01134,2025-08-16,Nottingham,Dispatch,Alpha,148,152,4,19,11.75,1,817.17,1407.96,OK
TXN-01135,2026-01-09,Nottingham,Assembly,Beta,108,87,2,27,6.48,1,850.52,1103.53,OK
TXN-01136,2025-02-06,Sheffield,Quality,Alpha,78,83,1,9,6.93,1,417.58,782.66,OK
TXN-01137,2025-05-29,Sheffield,Dispatch,Gamma,60,72,3,18,6.2,0,499.96,553.31,OK
TXN-01138,2025-08-08,Nottingham,Packing,Beta,152,155,1,17,12.29,1,977.1,1434.2,OK
TXN-01139,2026-04-06,Manchester,Assembly,Beta,152,120,4,23,11.97,1,1106.55,1747.28,OK
TXN-01140,2026-02-26,Manchester,Quality,Gamma,168,172,2,1,12.84,1,882.44,1586.29,OK
TXN-01141,2025-06-23,Leeds,Assembly,Gamma,163,176,4,22,12.56,1,1194.07,1996.65,OK
TXN-01142,2025-10-14,Nottingham,Quality,Gamma,140,144,1,31,12.34,1,805.24,1480.09,OK
TXN-01143,2025-09-28,Manchester,Quality,Alpha,67,97,0,6,4.82,0,490.46,722.41,OK
TXN-01144,2025-01-22,Manchester,Quality,Beta,115,103,5,3,8.22,1,865.08,1195.64,OK
TXN-01145,2025-05-31,Leeds,Packing,Beta,96,80,2,6,8.73,1,521.0,1051.6,OK
TXN-01146,2025-12-15,Sheffield,Dispatch,Alpha,125,121,3,8,9.21,1,733.15,1418.35,OK
TXN-01147,2025-12-13,Nottingham,Assembly,Beta,157,153,2,24,13.15,1,1143.96,1596.86,OK
TXN-01148,2025-07-17,Manchester,Dispatch,Delta,166,176,5,15,11.86,1,1024.34,1789.12,OK
TXN-01149,2025-01-24,Sheffield,Quality,Delta,97,94,2,22,7.61,1,670.31,1062.09,OK
TXN-01150,2025-04-11,Sheffield,Packing,Delta,139,123,5,6,9.56,1,1012.98,1643.75,OK
TXN-01151,2025-04-27,Sheffield,Assembly,Alpha,202,162,4,12,15.22,1,1071.49,1952.65,OK
TXN-01152,2025-12-15,Manchester,Dispatch,Delta,151,160,2,10,9.86,1,1110.18,1566.22,OK
TXN-01153,2026-04-10,Nottingham,Dispatch,Beta,178,172,3,6,12.64,1,1167.3,1718.86,OK
TXN-01154,2025-01-10,Leeds,Quality,Delta,155,152,3,4,11.96,1,820.04,1813.25,OK
TXN-01155,2025-10-30,Leeds,Quality,Alpha,98,89,0,15,8.05,1,591.4,862.09,OK
TXN-01156,2025-09-23,Sheffield,Assembly,Alpha,123,157,3,10,10.74,0,889.54,1161.28,OK
TXN-01157,2025-12-06,Manchester,Quality,Gamma,213,164,6,42,15.92,0,1177.89,2497.92,OK
TXN-01158,2025-04-09,,Packing,Beta,92,90,3,26,6.92,1,765.27,1169.95,OK
TXN-01159,2025-04-14,Sheffield,Packing,Alpha,133,113,3,25,9.62,1,866.2,1582.54,OK
TXN-01160,2025-11-20,Sheffield,Assembly,Beta,missing,75,2,34,5.32,1,594.04,839.2,OK
TXN-01161,2025-11-02,Sheffield,Packing,Beta,157,173,1,11,12.85,1,1200.23,1861.0,OK
TXN-01162,2025-11-25,Sheffield,Dispatch,Alpha,121,128,1,16,8.73,1,803.47,1402.0,OK
TXN-01163,2026-04-16,Manchester,Packing,Alpha,161,133,1,22,14.26,1,857.88,1813.37,OK
TXN-01164,2025-04-22,Sheffield,Packing,Delta,159,158,0,8,13.08,1,1200.66,1447.54,OK
TXN-01165,2026-03-19,Sheffield,Dispatch,Beta,159,141,3,17,10.39,1,878.55,1613.05,OK
TXN-01166,2026-03-07,Nottingham,Dispatch,Delta,181,172,5,10,13.64,1,1181.64,2237.05,OK
TXN-01167,31/13/2025,Leeds,Quality,Alpha,104,107,0,19,8.01,1,794.84,1124.56,OK
TXN-01168,2025-10-15,Nottingham,Dispatch,Gamma,148,161,7,16,10.74,1,1078.44,1551.25,OK
TXN-01169,2025-09-15,Leeds,Packing,Delta,58,74,2,16,3.98,0,438.52,650.22,OK
TXN-01170,2025-04-29,Nottingham,Dispatch,Alpha,137,153,4,12,10.89,0,729.39,1515.28,OK
TXN-01171,2026-04-19,Sheffield,Quality,Delta,140,125,5,4,11.0,1,753.83,1707.47,OK
TXN-01172,2025-07-14,Sheffield,Dispatch,Alpha,140,142,3,7,9.33,1,791.96,1478.55,OK
TXN-01173,2025-06-25,Manchester,Assembly,Delta,161,176,2,26,11.27,1,1031.5,1882.15,OK
TXN-01174,2025-11-17,Leeds,Assembly,Gamma,69,74,2,18,5.06,1,381.95,822.12,OK
TXN-01175,2025-01-13,Nottingham,Assembly,Gamma,122,118,4,11,8.81,1,758.15,1327.57,OK
TXN-01176,2025-09-22,Sheffield,Dispatch,Gamma,96,131,1,2,8.66,0,725.32,1098.74,OK
TXN-01177,2025-09-06,Leeds,Dispatch,Gamma,89,79,3,3,8.23,1,452.16,1070.59,OK
TXN-01178,2025-01-30,Leeds,Assembly,Alpha,103,90,3,26,8.2,1,810.97,889.78,OK
TXN-01179,2025-06-19,Nottingham,Dispatch,Delta,135,118,0,13,10.05,1,968.6,1320.44,OK
TXN-01180,2026-02-08,Leeds,Packing,Gamma,148,124,5,14,13.22,1,1057.29,1423.4,OK
TXN-01181,2025-08-20,Sheffield,Assembly,Gamma,69,78,1,27,3.56,0,462.8,656.54,OK
TXN-01182,2025-11-09,Sheffield,Dispatch,Beta,164,179,2,9,12.16,1,1204.42,1396.76,OK
TXN-01183,2026-05-08,Leeds,Dispatch,Beta,126,121,2,15,9.77,1,819.72,1573.07,OK
TXN-01184,2025-04-04,Manchester,Packing,Delta,79,79,3,23,7.75,1,506.97,818.42,OK
TXN-01185,2026-02-17,Manchester,Dispatch,Delta,173,177,3,37,13.62,0,970.0,1952.43,OK
TXN-01186,2025-01-07,Nottingham,Packing,Gamma,81,73,2,2,6.07,1,476.77,893.24,OK
TXN-01187,2025-02-09,Sheffield,Packing,Delta,160,115,3,14,11.49,1,1135.45,1802.17,OK
TXN-01188,2025-07-25,Sheffield,Packing,Delta,145,154,0,28,11.63,1,1173.45,1817.62,OK
TXN-01189,2025-12-17,Leeds,Packing,Delta,103,117,2,11,7.68,0,730.29,1227.05,OK
TXN-01190,2025-10-06,Manchester,Quality,Alpha,149,164,4,10,11.1,1,751.52,1868.33,OK
TXN-01191,2025-04-22,Leeds,Dispatch,Delta,197,177,7,6,16.48,1,984.66,1800.87,OK
TXN-01192,2025-08-30,Manchester,Packing,Delta,89,111,1,18,4.59,0,478.11,820.96,OK
TXN-01193,2025-07-14,Nottingham,Assembly,Delta,164,160,4,32,12.42,1,909.87,1645.23,OK
TXN-01194,2025-08-13,Manchester,Dispatch,Gamma,missing,111,3,6,8.22,1,553.8,1025.63,OK
TXN-01195,2025-04-02,Nottingham,Dispatch,Beta,90,90,2,22,7.13,1,502.54,905.96,OK
TXN-01196,2025-02-06,Nottingham,Packing,Delta,94,93,2,25,6.26,1,597.54,882.44,OK
TXN-01197,2025-06-02,Leeds,Dispatch,Gamma,127,143,4,13,12.05,0,638.94,1469.16,OK
TXN-01198,2025-10-21,Leeds,Dispatch,Alpha,87,118,2,25,6.77,0,540.19,973.74,OK
TXN-01199,2025-05-22,Leeds,Quality,Alpha,84,91,1,5,7.63,1,425.96,910.44,OK
TXN-01200,2025-12-29,Sheffield,Quality,Alpha,137,170,3,3,9.28,0,815.7,1285.05,OK
TXN-01201,2025-05-15,Sheffield,Dispatch,Alpha,110,111,4,15,7.06,1,768.28,1402.94,OK
TXN-01202,2025-05-03,Leeds,Assembly,Alpha,140,133,1,18,11.92,1,819.22,1783.35,OK
TXN-01203,2025-01-23,Nottingham,Dispatch,Beta,82,80,1,8,5.68,1,639.55,1005.98,OK
TXN-01204,2025-07-20,Leeds,Assembly,Delta,129,136,2,13,8.12,1,935.26,1267.89,OK
TXN-01205,2026-04-20,Nottingham,Assembly,Delta,108,95,2,16,8.44,1,605.19,1228.88,OK
TXN-01206,2025-08-24,Leeds,Packing,Delta,79,82,3,12,5.43,1,576.01,719.73,OK
TXN-01207,2026-05-23,Leeds,Quality,Alpha,95,92,0,33,7.15,1,604.18,890.99,OK
TXN-01208,2026-02-20,Manchester,Quality,Delta,105,100,2,25,8.55,1,551.38,947.63,OK
TXN-01209,2025-11-25,Sheffield,Quality,Gamma,107,129,1,11,8.77,0,813.22,1353.7,OK
TXN-01210,2025-06-24,Sheffield,Packing,Alpha,82,116,1,15,6.32,0,529.33,1000.07,OK
TXN-01211,2025-09-28,Sheffield,Dispatch,Delta,58,70,0,11,5.65,0,313.29,543.86,OK
TXN-01212,2025-08-08,Leeds,Quality,Beta,199,179,2,2,16.56,1,1112.98,2134.8,OK
TXN-01213,2026-01-30,Sheffield,Packing,Gamma,112,86,3,7,7.43,1,705.48,1088.33,OK
TXN-01214,2025-01-04,Leeds,Packing,Beta,131,119,1,14,10.02,1,814.1,1265.33,OK
TXN-01215,2025-05-10,Leeds,Packing,Gamma,144,131,2,2,11.39,1,1065.06,1589.63,OK
TXN-01216,2025-05-28,Leeds,Packing,Beta,110,130,1,8,4.85,0,607.32,1049.3,OK
TXN-01217,2026-01-20,Sheffield,Packing,Alpha,109,95,1,27,8.46,1,794.08,1119.79,OK
TXN-01218,2025-05-14,Manchester,Packing,Gamma,66,74,0,6,4.27,0,442.47,640.32,OK
TXN-01219,2025-04-17,Nottingham,Dispatch,Beta,115,113,2,8,8.15,1,698.78,1102.94,OK
TXN-01220,2025-06-07,Leeds,Assembly,Beta,168,165,0,21,13.35,1,901.16,2136.66,OK
TXN-01221,2026-05-28,Nottingham,Dispatch,Gamma,90,82,1,17,7.12,1,544.53,1054.6,OK
TXN-01222,2025-04-28,Nottingham,Packing,Gamma,missing,83,0,17,5.59,1,442.31,854.11,OK
TXN-01223,2026-04-27,Nottingham,Quality,Gamma,160,142,4,51,11.91,0,1035.49,1731.52,OK
TXN-01224,2025-11-06,Leeds,Packing,Delta,80,82,0,5,5.2,1,615.41,719.73,OK
TXN-01225,2025-11-04,Leeds,Assembly,Beta,130,123,2,25,9.09,1,665.98,1381.29,OK
TXN-01226,2026-05-24,Manchester,Assembly,Beta,97,99,2,14,7.54,1,568.05,1004.69,OK
TXN-01227,2025-09-24,Leeds,Dispatch,Gamma,130,151,4,16,9.79,0,813.63,1361.6,OK
TXN-01228,2025-07-04,Sheffield,Assembly,Alpha,101,120,4,26,6.97,0,587.67,1100.08,OK
TXN-01229,2025-03-25,Nottingham,Dispatch,Gamma,109,98,4,43,6.25,0,782.23,1247.57,OK
TXN-01230,2025-06-08,,Quality,Beta,200,176,3,11,14.06,1,1387.03,1890.8,OK
TXN-01231,2025-03-25,Leeds,Quality,Delta,95,80,3,35,6.13,0,734.19,873.83,OK
TXN-01232,2025-10-24,Sheffield,Packing,Alpha,80,72,5,11,6.16,1,461.23,981.03,OK
TXN-01233,2025-03-19,Leeds,Assembly,Beta,111,94,4,14,8.61,1,767.11,1348.77,OK
TXN-01234,2025-10-28,Nottingham,Quality,Delta,107,123,2,1,7.99,0,662.99,1227.19,OK
TXN-01235,2026-04-14,Sheffield,Dispatch,Alpha,60,74,1,7,2.67,0,436.64,690.74,OK
TXN-01236,2025-05-06,Manchester,Quality,Beta,77,79,1,5,6.84,1,435.92,816.31,OK
TXN-01237,2025-12-07,Manchester,Assembly,Gamma,83,83,0,16,6.5,1,513.07,928.05,OK
TXN-01238,2025-12-12,Sheffield,Assembly,Alpha,173,166,2,27,14.31,1,1328.33,1691.2,OK
TXN-01239,2025-04-19,Sheffield,Packing,Alpha,80,76,3,4,6.03,1,412.99,982.15,OK
TXN-01240,2025-07-17,Manchester,Packing,Alpha,179,170,6,19,13.86,1,999.55,1815.92,OK
TXN-01241,2025-08-06,Manchester,Packing,Beta,69,82,2,9,4.53,0,534.97,611.71,OK
TXN-01242,2025-11-20,Manchester,Dispatch,Alpha,164,147,4,7,13.43,1,1106.74,1595.4,OK
TXN-01243,2025-09-26,Leeds,Quality,Alpha,65,87,5,7,4.47,0,327.85,616.33,OK
TXN-01244,2025-01-07,Leeds,Quality,Alpha,187,158,2,18,14.67,1,1415.5,2256.74,OK
TXN-01245,2025-01-23,Manchester,Packing,Alpha,62,79,1,9,4.3,0,372.31,701.94,OK
TXN-01246,2025-03-26,Nottingham,Quality,Beta,124,112,3,22,9.01,1,820.39,1467.15,OK
TXN-01247,2025-07-05,Manchester,Packing,Beta,134,150,5,6,8.76,0,658.52,1574.71,OK
TXN-01248,2026-03-24,Sheffield,Dispatch,Gamma,153,146,1,8,12.81,1,753.87,1816.18,OK
TXN-01249,2025-09-28,Leeds,Quality,Beta,184,170,4,20,12.94,1,1138.52,1782.7,OK
TXN-01250,2025-08-10,Nottingham,Assembly,Alpha,139,140,4,15,11.73,1,1043.45,1225.57,OK
TXN-01251,2025-06-20,Sheffield,Dispatch,Gamma,108,98,4,28,8.47,1,588.83,1031.7,OK
TXN-01252,2025-03-20,Manchester,Assembly,Alpha,97,102,1,11,8.06,1,655.93,1085.3,OK
TXN-01253,2025-12-30,Sheffield,Assembly,Alpha,137,111,4,15,11.49,1,747.14,1353.11,OK
TXN-01254,2025-02-10,Sheffield,Assembly,Gamma,186,159,1,21,14.38,1,1218.66,2272.07,OK
TXN-01255,2026-05-26,Nottingham,Packing,Gamma,123,137,0,5,9.22,0,774.13,1376.49,OK
TXN-01256,2025-08-15,Sheffield,Assembly,Alpha,142,143,4,19,12.73,1,807.2,1372.86,OK
TXN-01257,2026-05-25,Manchester,Dispatch,Delta,167,168,4,8,13.16,1,1256.74,1448.19,OK
TXN-01258,2025-11-03,Sheffield,Assembly,Delta,153,162,6,31,11.86,1,933.1,1606.92,OK
TXN-01259,2025-08-04,Sheffield,Packing,Alpha,147,134,3,12,12.72,1,766.65,1600.35,OK
TXN-01260,2026-05-11,Sheffield,Quality,Beta,87,75,0,21,6.42,1,673.5,1078.47,OK
TXN-01261,2025-07-01,Leeds,Quality,Gamma,119,160,0,8,7.43,0,759.2,1282.13,OK
TXN-01262,2025-07-15,Sheffield,Quality,Beta,187,176,1,6,16.09,1,1249.95,1656.12,OK
TXN-01263,2025-01-04,Manchester,Assembly,Delta,95,98,1,19,6.8,1,589.82,1033.55,OK
TXN-01264,2025-09-13,Sheffield,Assembly,Beta,103,100,1,30,7.55,1,771.71,1178.03,OK
TXN-01265,2026-04-05,Leeds,Assembly,Delta,142,140,1,13,9.52,1,814.05,1399.98,OK
TXN-01266,2025-01-10,Manchester,Packing,Gamma,77,89,2,20,4.65,0,542.81,740.34,OK
TXN-01267,2025-03-02,Leeds,Dispatch,Beta,96,104,2,2,8.31,1,552.57,1204.36,OK
TXN-01268,2025-05-22,Leeds,Packing,Delta,116,120,3,19,9.97,1,746.05,1168.93,OK
TXN-01269,31/13/2025,Manchester,Assembly,Gamma,93,82,3,12,7.6,1,710.51,964.16,OK
TXN-01270,2025-03-26,Manchester,Quality,Alpha,146,135,2,10,11.98,1,758.82,1355.74,OK
TXN-01271,2025-12-13,Leeds,Packing,Alpha,181,176,7,1,12.76,1,947.09,2016.24,OK
TXN-01272,31/13/2025,Leeds,Dispatch,Delta,128,136,1,18,6.69,1,962.89,1276.29,OK
TXN-01273,2025-09-16,Nottingham,Quality,Beta,149,159,0,4,11.4,1,952.57,1865.13,OK
TXN-01274,2025-09-30,Leeds,Assembly,Gamma,127,156,3,18,11.06,0,811.25,1119.83,OK
TXN-01275,2025-10-01,Nottingham,Packing,Delta,210,175,5,7,15.95,1,1156.23,1889.89,OK
TXN-01276,2025-02-03,Sheffield,Quality,Delta,125,119,4,5,9.8,1,956.15,1086.18,OK
TXN-01277,2025-10-04,Manchester,Packing,Beta,110,128,5,11,9.64,0,763.53,1042.13,OK
TXN-01278,2025-06-07,Leeds,Packing,Beta,81,73,0,6,6.79,1,435.08,717.64,OK
TXN-01279,2025-08-24,Sheffield,Dispatch,Alpha,169,142,3,8,12.32,1,994.64,1847.68,OK
TXN-01280,2025-12-21,Sheffield,Dispatch,Alpha,160,125,3,16,13.72,1,952.03,1518.49,OK
TXN-01281,2026-04-16,Manchester,Assembly,Alpha,208,168,5,25,14.55,1,1513.61,1791.55,OK
TXN-01282,2025-03-02,Nottingham,Assembly,Gamma,124,142,3,68,10.02,0,937.21,1199.59,OK
TXN-01283,2026-01-15,Manchester,Dispatch,Gamma,142,170,1,7,11.54,0,1054.3,1812.88,OK
TXN-01284,2025-01-03,Leeds,Assembly,Alpha,71,80,0,35,6.36,0,599.39,605.61,OK
TXN-01285,2025-01-04,Nottingham,Dispatch,Delta,55,73,1,75,5.9,0,494.52,696.04,OK
TXN-01286,2025-07-01,Leeds,Dispatch,Alpha,143,158,2,34,12.14,1,1124.84,1646.29,OK
TXN-01287,2025-01-05,Nottingham,Packing,Alpha,111,100,3,5,6.41,1,652.3,1313.88,OK
TXN-01288,2026-01-16,Sheffield,Quality,Gamma,92,91,2,12,7.18,1,524.54,898.21,OK
TXN-01289,2025-10-29,Leeds,Assembly,Beta,90,91,1,19,7.56,1,691.48,962.31,OK
TXN-01290,2025-09-10,Manchester,Quality,Alpha,164,141,3,29,11.73,1,1257.9,1643.83,OK
TXN-01291,2025-06-20,Sheffield,Quality,Beta,79,72,2,25,6.99,1,565.54,747.17,OK
TXN-01292,2025-03-07,Leeds,Packing,Alpha,98,88,0,2,7.32,1,697.3,1198.09,OK
TXN-01293,2025-07-10,Manchester,Quality,Alpha,161,167,5,9,12.13,1,840.15,2028.55,OK
TXN-01294,2025-03-08,Leeds,Packing,Gamma,152,154,4,50,10.9,0,880.28,1405.56,OK
TXN-01295,2025-07-22,Nottingham,Assembly,Gamma,59,70,1,25,2.88,0,367.82,575.14,OK
TXN-01296,2026-03-01,Leeds,Dispatch,Delta,206,168,8,17,18.26,1,1283.83,2051.46,OK
TXN-01297,2025-03-01,Manchester,Quality,Delta,77,79,2,26,3.96,1,458.69,968.85,OK
TXN-01298,2025-05-30,Sheffield,Quality,Alpha,213,155,2,5,16.43,1,1459.47,2403.85,OK
TXN-01299,2025-11-05,Leeds,Assembly,Alpha,107,106,1,21,6.56,1,711.64,1160.47,OK
TXN-01300,2025-03-08,Manchester,Packing,Gamma,149,159,2,12,11.25,1,1102.63,1757.92,OK
TXN-01301,2025-08-20,Nottingham,Packing,Beta,85,90,1,4,7.71,1,616.48,958.06,OK
TXN-01302,2026-05-29,Manchester,Packing,Alpha,190,178,9,20,12.91,1,1172.62,1665.7,OK
TXN-01303,2025-12-25,Leeds,Dispatch,Beta,151,140,3,8,11.07,1,1045.25,1379.59,OK
TXN-01304,2026-04-04,Manchester,Assembly,Gamma,171,173,9,14,15.5,1,1087.15,1870.81,OK
TXN-01305,2026-04-06,Manchester,Quality,Delta,167,166,4,1,11.39,1,984.26,1433.0,OK
TXN-01306,2025-07-17,Nottingham,Dispatch,Gamma,90,100,1,13,7.77,1,634.31,870.87,OK
TXN-01307,2026-03-04,Manchester,Packing,Alpha,153,162,1,13,11.19,1,947.43,1779.22,OK
TXN-01308,2025-06-26,Leeds,Packing,Alpha,93,96,1,6,6.6,1,688.66,937.14,OK
TXN-01309,2025-01-02,Leeds,Quality,Alpha,85,75,2,21,4.2,1,604.8,926.78,OK
TXN-01310,2025-01-21,Sheffield,Assembly,Delta,92,90,1,18,7.14,1,703.07,1135.93,OK
TXN-01311,2026-04-12,Nottingham,Quality,Gamma,161,139,2,27,12.38,1,1252.14,1664.35,OK
TXN-01312,2025-06-17,Manchester,Assembly,Gamma,72,77,0,20,7.47,1,409.79,677.29,OK
TXN-01313,2025-08-01,Leeds,Packing,Beta,57,73,0,25,3.59,0,409.86,667.21,OK
TXN-01314,2026-04-06,Sheffield,Assembly,Alpha,138,143,3,12,10.02,1,750.97,1537.1,OK
TXN-01315,2025-06-29,Leeds,Quality,Delta,110,95,6,19,8.0,1,690.42,977.28,OK
TXN-01316,2025-05-08,Sheffield,Quality,Gamma,64,71,1,5,2.67,1,421.01,557.72,OK
TXN-01317,2025-02-22,Nottingham,Assembly,Alpha,136,121,1,14,11.66,1,746.13,1460.91,OK
TXN-01318,2026-04-21,Sheffield,Packing,Alpha,210,158,3,7,16.08,1,1267.82,1850.4,OK
TXN-01319,2025-08-23,Leeds,Dispatch,Beta,84,91,2,7,4.82,1,449.49,744.18,OK
TXN-01320,2025-02-11,Sheffield,Assembly,Gamma,92,92,1,28,7.91,1,572.34,1154.81,OK
TXN-01321,2025-02-01,Manchester,Assembly,Beta,117,118,1,12,9.92,1,635.55,1204.01,OK
TXN-01322,2026-04-07,Nottingham,Assembly,Alpha,107,93,0,12,7.47,1,739.31,1346.92,OK
TXN-01323,2025-12-05,Manchester,Packing,Gamma,151,147,4,11,10.7,1,979.32,1407.76,OK
TXN-01324,2025-08-16,Leeds,Quality,Delta,121,135,2,10,9.98,0,695.45,1513.98,OK
TXN-01325,2025-06-06,Manchester,Quality,Beta,183,148,7,2,14.76,1,1138.66,2304.79,OK
TXN-01326,2025-07-19,Sheffield,Quality,Delta,71,75,0,14,5.59,1,490.91,790.27,OK
TXN-01327,2025-10-05,Nottingham,Dispatch,Delta,126,120,2,2,9.33,1,630.28,1378.52,OK
TXN-01328,2026-02-19,Sheffield,Packing,Gamma,110,107,1,11,9.31,1,799.48,1195.74,OK
TXN-01329,2025-01-19,Nottingham,Dispatch,Gamma,137,131,3,18,8.9,1,741.73,1665.07,OK
TXN-01330,2025-06-19,Sheffield,Packing,Beta,133,130,5,21,10.15,1,931.59,1267.14,OK
TXN-01331,2025-01-23,Sheffield,Assembly,Gamma,169,141,3,25,12.24,1,999.54,1660.27,OK
TXN-01332,2026-01-30,Manchester,Assembly,Gamma,129,143,4,37,9.98,0,880.77,1404.52,OK
TXN-01333,2025-12-27,Sheffield,Dispatch,Delta,217,179,6,14,16.62,1,1634.02,2170.13,OK
TXN-01334,2026-05-31,Leeds,Assembly,Beta,109,103,3,19,7.83,1,634.55,1349.48,OK
TXN-01335,2025-08-03,Sheffield,Assembly,Beta,113,146,5,33,6.77,0,705.76,1009.77,OK
TXN-01336,2025-08-24,Sheffield,Packing,Beta,147,148,2,7,10.56,1,792.48,1575.22,OK
TXN-01337,2025-08-24,Leeds,Quality,Delta,143,138,0,10,9.52,1,884.3,1231.88,OK
TXN-01338,2025-03-08,,Assembly,Beta,75,77,3,19,4.93,1,604.96,716.47,OK
TXN-01339,2025-05-10,Leeds,Packing,Alpha,168,151,5,9,13.31,1,1253.91,1988.63,OK
TXN-01340,2026-01-27,Sheffield,Dispatch,Alpha,79,79,0,5,4.69,1,452.13,998.52,OK
TXN-01341,2026-04-10,Manchester,Assembly,Delta,86,85,3,18,8.36,1,571.68,1078.02,OK
TXN-01342,2025-05-31,,Quality,Delta,215,166,2,18,15.8,1,1243.57,2032.66,OK
TXN-01343,2026-03-13,Nottingham,Packing,Beta,160,163,2,7,11.66,1,821.67,1921.49,OK
TXN-01344,2026-04-05,Sheffield,Assembly,Delta,95,82,0,46,8.9,0,673.92,1087.56,OK
TXN-01345,2025-04-03,Nottingham,Quality,Beta,80,93,1,6,5.44,0,472.97,863.36,OK
TXN-01346,2025-05-15,Nottingham,Assembly,Alpha,63,83,1,20,4.02,0,370.26,581.39,OK
TXN-01347,2025-07-08,Sheffield,Assembly,Gamma,57,70,1,22,6.13,0,448.9,574.1,OK
TXN-01348,2025-04-10,Sheffield,Quality,Beta,139,144,2,6,11.42,1,850.44,1419.19,OK
TXN-01349,2025-12-07,Nottingham,Dispatch,Alpha,171,157,2,1,12.51,1,1222.78,1502.62,OK
TXN-01350,2025-08-12,Manchester,Packing,Delta,108,102,3,24,9.0,1,811.24,1075.4,OK
TXN-01351,2025-05-08,Sheffield,Assembly,Gamma,163,155,5,27,13.17,1,1228.79,1959.62,OK
TXN-01352,2025-03-02,Sheffield,Packing,Delta,167,141,1,22,11.71,1,948.68,1471.37,OK
TXN-01353,2025-01-27,Leeds,Dispatch,Beta,93,96,4,1,5.51,1,579.45,1071.69,OK
TXN-01354,2025-03-08,Leeds,Packing,Delta,112,120,3,6,8.59,1,709.87,1392.72,OK
TXN-01355,2025-09-03,Leeds,Assembly,Alpha,121,146,1,15,8.11,0,951.43,1219.21,OK
TXN-01356,2025-03-18,,Packing,Alpha,153,166,2,5,11.0,1,988.32,1557.21,OK
TXN-01357,2026-01-16,Leeds,Quality,Gamma,94,91,4,66,8.29,0,713.06,1103.65,OK
TXN-01358,2025-01-08,Nottingham,Quality,Beta,89,73,4,19,5.57,1,563.0,872.99,OK
TXN-01359,2025-05-10,Sheffield,Dispatch,Alpha,141,155,1,19,11.6,1,936.09,1567.73,OK
TXN-01360,2025-04-27,,Dispatch,Gamma,95,77,3,13,6.53,1,675.69,994.41,OK
TXN-01361,2025-08-09,Sheffield,Quality,Alpha,119,170,2,32,9.43,0,944.41,1266.66,OK
TXN-01362,2025-06-22,Manchester,Packing,Alpha,129,122,1,21,10.53,1,796.94,1633.69,OK
TXN-01363,2025-12-18,Manchester,Dispatch,Alpha,155,155,4,9,11.97,1,880.44,1563.25,OK
TXN-01364,2025-03-16,Manchester,Packing,Delta,132,126,3,13,11.22,1,871.91,1648.41,OK
TXN-01365,2026-05-08,Sheffield,Quality,Delta,80,72,1,13,7.18,1,590.14,1004.28,OK
TXN-01366,2025-07-10,Sheffield,Dispatch,Gamma,88,106,2,14,6.34,0,497.58,879.77,OK
TXN-01367,2025-06-05,Leeds,Quality,Alpha,115,127,1,4,9.12,1,863.11,1197.17,OK
TXN-01368,2025-05-25,Nottingham,Packing,Delta,109,111,4,0,7.83,1,550.23,1221.23,OK
TXN-01369,2025-01-10,Nottingham,Quality,Delta,90,91,3,34,6.99,1,734.11,897.02,OK
TXN-01370,2026-04-11,Sheffield,Dispatch,Alpha,164,152,4,17,11.82,1,1223.22,1456.35,OK
TXN-01371,2026-02-28,Sheffield,Dispatch,Delta,162,168,1,12,11.12,1,932.3,1580.65,OK
TXN-01372,2025-07-09,Manchester,Dispatch,Delta,157,170,5,3,11.77,1,1066.04,1361.87,OK
TXN-01373,2025-07-25,Sheffield,Dispatch,Beta,118,124,2,13,9.18,1,797.13,1225.63,OK
TXN-01374,2025-07-24,Leeds,Dispatch,Beta,124,152,2,10,11.21,0,752.87,1138.1,OK
TXN-01375,2026-01-09,Leeds,Packing,Gamma,216,170,1,42,18.09,0,1729.39,2116.42,OK
TXN-01376,2025-01-29,Sheffield,Quality,Beta,91,89,1,1,6.78,1,471.74,910.2,OK
TXN-01377,2025-11-16,Leeds,Packing,Beta,135,126,4,3,10.18,1,838.62,1197.11,OK
TXN-01378,2025-11-13,Manchester,Quality,Gamma,97,116,3,13,6.44,0,541.73,1003.94,OK
TXN-01379,2025-03-27,Nottingham,Packing,Gamma,148,135,3,18,13.46,1,1057.5,1827.28,OK
TXN-01380,2025-07-19,Sheffield,Assembly,Beta,109,141,0,43,8.44,0,877.38,932.32,OK
TXN-01381,2025-07-14,Leeds,Dispatch,Gamma,124,121,3,2,9.34,1,940.54,1094.78,OK
TXN-01382,2026-04-03,Manchester,Quality,Gamma,71,80,4,20,4.57,0,559.25,906.34,OK
TXN-01383,2026-04-05,Manchester,Dispatch,Alpha,150,173,1,28,10.18,0,928.91,1605.86,OK
TXN-01384,2025-08-19,Manchester,Assembly,Beta,127,145,4,28,9.57,0,952.67,1164.77,OK
TXN-01385,2025-08-03,Leeds,Packing,Alpha,106,138,2,20,9.6,0,559.76,1150.18,OK
TXN-01386,2025-01-31,Sheffield,Dispatch,Gamma,147,148,5,8,11.96,1,1091.53,1291.99,OK
TXN-01387,2026-01-21,Sheffield,Dispatch,Beta,160,169,2,9,12.63,1,1033.97,1788.39,OK
TXN-01388,2025-11-04,Nottingham,Quality,Alpha,80,79,1,18,8.19,1,478.01,996.79,OK
TXN-01389,2025-11-14,Manchester,Packing,Gamma,161,145,5,3,12.56,1,812.42,1899.09,OK
TXN-01390,2025-09-12,Sheffield,Assembly,Gamma,129,167,3,20,10.28,0,809.19,1362.04,OK
TXN-01391,2026-04-07,Manchester,Packing,Delta,123,111,1,17,8.05,1,654.26,1515.74,OK
TXN-01392,2025-05-19,Sheffield,Dispatch,Beta,160,136,6,3,12.5,1,1213.3,1517.89,OK
TXN-01393,2026-05-19,Leeds,Quality,Beta,158,168,1,11,13.28,1,962.58,1461.61,OK
TXN-01394,2025-11-27,Leeds,Dispatch,Beta,80,80,1,22,7.89,1,464.84,704.44,OK
TXN-01395,2025-06-05,Manchester,Quality,Gamma,139,144,6,8,12.4,1,816.98,1487.48,OK
TXN-01396,2025-07-01,Sheffield,Quality,Beta,77,72,3,3,6.04,1,423.23,876.27,OK
TXN-01397,2025-01-12,Manchester,Assembly,Alpha,145,115,4,23,10.6,1,775.9,1854.08,OK
TXN-01398,2026-02-15,,Assembly,Delta,126,120,2,18,10.92,1,986.5,1337.63,OK
TXN-01399,2026-02-15,Leeds,Packing,Alpha,141,124,6,4,11.49,1,927.75,1439.11,OK
TXN-01400,2026-03-04,Sheffield,Assembly,Alpha,95,87,1,24,8.95,1,733.6,1047.48,OK
TXN-01401,2025-12-18,Sheffield,Dispatch,Delta,85,91,3,8,6.14,1,632.43,754.99,OK
TXN-01402,2026-05-25,Manchester,Dispatch,Beta,151,157,1,19,11.42,1,1061.67,1371.82,OK
TXN-01403,2025-03-29,Nottingham,Dispatch,Delta,141,133,3,1,9.48,1,758.41,1739.54,OK
TXN-01404,2026-01-25,Sheffield,Assembly,Alpha,95,83,3,24,7.98,1,704.31,1214.32,OK
TXN-01405,2025-08-02,Nottingham,Packing,Gamma,136,168,3,3,9.81,0,984.9,1236.22,OK
TXN-01406,2025-08-23,Nottingham,Dispatch,Gamma,62,83,1,11,5.49,0,394.28,709.98,OK
TXN-01407,2025-01-29,Leeds,Assembly,Alpha,156,146,2,22,12.35,1,826.76,1802.59,OK
TXN-01408,2025-04-15,Manchester,Assembly,Gamma,160,152,6,35,9.84,0,1272.12,1943.81,OK
TXN-01409,2025-10-10,Sheffield,Dispatch,Delta,183,147,2,3,13.12,1,1058.16,1856.5,OK
TXN-01410,2025-07-25,Leeds,Packing,Alpha,100,98,0,31,6.47,1,735.1,1026.75,OK
TXN-01411,2025-03-23,Sheffield,Dispatch,Alpha,141,149,2,10,12.04,1,790.68,1560.34,OK
TXN-01412,2025-04-28,Manchester,Assembly,Gamma,145,138,3,16,10.94,1,895.97,1640.85,OK
TXN-01413,2025-10-16,Manchester,Packing,Gamma,75,70,4,17,4.04,1,580.25,725.38,OK
TXN-01414,2025-06-01,Nottingham,Dispatch,Alpha,157,142,1,9,11.89,1,999.67,1462.78,OK
TXN-01415,2025-03-29,Nottingham,Packing,Beta,122,128,4,15,8.18,1,718.31,1137.67,OK
TXN-01416,2025-12-28,Manchester,Assembly,Beta,127,138,4,17,9.49,1,855.76,1528.51,OK
TXN-01417,2025-01-01,Manchester,Packing,Beta,145,129,3,6,9.89,1,984.31,1772.06,OK
TXN-01418,2026-01-18,Leeds,Assembly,Beta,130,99,2,11,9.42,1,760.2,1584.56,OK
TXN-01419,2025-11-25,Leeds,Packing,Delta,78,102,4,8,6.98,0,397.75,718.43,OK
TXN-01420,2025-12-16,Manchester,Assembly,Alpha,154,160,6,23,12.71,1,1017.48,1890.65,OK
TXN-01421,2025-03-26,Nottingham,Quality,Delta,160,157,3,12,12.92,1,839.38,1742.08,OK
TXN-01422,2026-04-10,Sheffield,Packing,Gamma,88,97,2,2,7.63,1,585.14,1104.29,OK
TXN-01423,2025-06-29,,Dispatch,Gamma,181,177,1,9,13.54,1,994.83,1568.4,OK
TXN-01424,2025-05-17,Sheffield,Quality,Gamma,116,110,2,7,8.16,1,713.38,1339.83,OK
TXN-01425,2025-10-11,Sheffield,Packing,Gamma,129,150,2,10,10.64,0,951.83,1416.72,OK
TXN-01426,2026-02-09,Manchester,Packing,Delta,93,89,1,4,7.28,1,625.79,928.81,OK
TXN-01427,2025-05-01,Sheffield,Packing,Delta,152,134,0,10,9.55,1,818.37,1666.28,OK
TXN-01428,2025-06-04,Leeds,Quality,Alpha,158,135,1,5,12.86,1,1049.57,1713.65,OK
TXN-01429,2025-09-26,Leeds,Packing,Delta,124,126,0,38,10.61,0,949.41,1563.12,OK
TXN-01430,2025-11-22,Leeds,Packing,Gamma,149,137,1,23,11.11,1,774.94,1554.66,OK
TXN-01431,2025-08-31,Manchester,Quality,Beta,missing,82,0,20,6.99,1,486.63,1086.76,OK
TXN-01432,2026-01-09,Nottingham,Assembly,Alpha,107,103,1,34,8.94,1,868.42,1017.83,OK
TXN-01433,2025-10-13,Nottingham,Assembly,Beta,181,160,3,20,15.25,1,1322.94,1556.13,OK
TXN-01434,2025-02-15,Sheffield,Quality,Alpha,69,79,0,1,5.73,0,371.16,839.71,OK
TXN-01435,2025-06-19,Manchester,Dispatch,Delta,113,102,5,21,6.87,1,713.28,1092.35,OK
TXN-01436,2025-06-09,Manchester,Packing,Beta,143,145,5,23,9.44,1,1123.29,1276.34,OK
TXN-01437,2025-10-22,Nottingham,Packing,Beta,122,114,1,8,9.26,1,935.59,1340.95,OK
TXN-01438,2025-11-04,Sheffield,Dispatch,Gamma,96,102,3,6,8.34,1,737.23,1182.8,OK
TXN-01439,2025-01-20,Sheffield,Dispatch,Alpha,124,100,2,9,7.75,1,636.12,1245.73,OK
TXN-01440,2025-04-24,Nottingham,Assembly,Beta,161,154,4,21,12.39,1,1006.54,1690.65,OK
TXN-01441,2025-05-02,Nottingham,Assembly,Alpha,118,115,4,45,9.73,0,677.53,1480.02,OK
TXN-01442,2026-05-11,Sheffield,Packing,Alpha,103,131,1,12,7.64,0,729.05,1256.18,OK
TXN-01443,2025-06-24,Nottingham,Assembly,Gamma,134,131,1,26,10.98,1,833.07,1687.86,OK
TXN-01444,2025-07-27,Manchester,Dispatch,Gamma,128,139,2,15,8.89,1,638.51,1153.3,OK
TXN-01445,2025-12-13,Manchester,Quality,Alpha,118,170,2,24,11.33,0,650.07,1375.15,OK
TXN-01446,2026-01-15,Leeds,Assembly,Beta,197,160,5,15,15.94,1,1328.11,2243.5,OK
TXN-01447,2026-01-04,Leeds,Assembly,Delta,164,150,4,15,13.33,1,1168.97,1888.27,OK
TXN-01448,2026-04-06,Sheffield,Assembly,Beta,152,156,4,28,11.29,1,1010.71,1623.77,OK
TXN-01449,2025-05-17,Nottingham,Quality,Alpha,119,101,2,28,8.35,1,891.37,1353.63,OK
TXN-01450,2025-07-28,Nottingham,Dispatch,Alpha,102,123,1,14,5.55,0,782.29,1071.91,OK
TXN-01451,2025-01-15,Sheffield,Packing,Beta,71,73,1,12,3.75,1,386.25,657.7,OK
TXN-01452,2025-11-03,Leeds,Assembly,Delta,140,157,1,32,10.03,0,940.77,1428.19,OK
TXN-01453,2025-07-21,Sheffield,Assembly,Beta,78,99,2,24,6.53,0,564.29,979.3,OK
TXN-01454,2026-01-04,Leeds,Dispatch,Beta,148,133,2,10,10.88,1,980.45,1486.0,OK
TXN-01455,2025-12-05,Manchester,Dispatch,Gamma,183,171,3,9,13.97,1,1193.27,1759.95,OK
TXN-01456,2025-07-19,Leeds,Dispatch,Gamma,146,143,6,26,10.48,1,945.0,1672.22,OK
TXN-01457,2025-10-11,Nottingham,Packing,Delta,82,105,3,8,7.77,0,457.16,961.43,OK
TXN-01458,2025-03-04,Manchester,Quality,Delta,110,136,1,9,8.3,0,759.74,972.43,OK
TXN-01459,2026-04-12,Sheffield,Quality,Beta,187,161,3,7,14.15,1,1344.02,1870.55,OK
TXN-01460,2026-05-01,Sheffield,Assembly,Beta,185,167,3,19,13.28,1,1051.79,1619.95,OK
TXN-01461,2026-02-01,Sheffield,Dispatch,Alpha,108,131,0,7,8.88,0,752.32,1207.99,OK
TXN-01462,2025-12-23,Manchester,Packing,Delta,81,74,2,9,5.7,1,470.81,822.75,OK
TXN-01463,2025-06-30,Nottingham,Packing,Alpha,151,176,3,11,11.38,0,883.08,1822.66,OK
TXN-01464,2025-03-02,Leeds,Dispatch,Delta,158,154,2,8,11.56,1,922.26,1991.57,OK
TXN-01465,2025-12-01,Nottingham,Dispatch,Delta,missing,127,1,9,9.12,1,828.58,1061.96,OK
TXN-01466,2025-06-01,Sheffield,Quality,Delta,102,90,2,4,7.25,1,585.26,1183.84,OK
TXN-01467,2026-05-01,Manchester,Dispatch,Gamma,134,119,2,18,10.24,1,1005.77,1426.9,OK
TXN-01468,2025-08-28,Leeds,Packing,Alpha,126,132,3,12,10.17,1,890.66,1073.27,OK
TXN-01469,2026-01-21,Leeds,Packing,Alpha,113,93,1,2,10.0,1,669.54,1227.26,OK
TXN-01470,2025-08-24,Manchester,Quality,Alpha,174,174,3,45,12.9,0,1160.57,1867.9,OK
TXN-01471,2025-04-18,Manchester,Quality,Alpha,152,126,3,7,12.29,1,1059.13,1734.57,OK
TXN-01472,2025-09-26,Manchester,Dispatch,Delta,138,151,2,3,9.46,1,869.55,1289.99,OK
TXN-01473,2025-10-08,Nottingham,Quality,Beta,121,135,2,15,8.64,0,647.94,1252.39,OK
TXN-01474,2025-12-24,Nottingham,Quality,Beta,80,79,2,31,7.2,1,468.53,822.39,OK
TXN-01475,2025-10-09,Leeds,Packing,Gamma,124,107,2,19,11.18,1,629.87,1065.98,OK
TXN-01476,2026-03-04,Sheffield,Packing,Delta,88,85,0,10,6.48,1,467.62,1100.29,OK
TXN-01477,2025-11-09,Leeds,Quality,Alpha,132,115,0,5,10.23,1,860.51,1358.09,OK
TXN-01478,2025-06-26,Sheffield,Packing,Alpha,71,71,2,5,4.61,1,389.22,789.16,OK
TXN-01479,2025-02-08,Sheffield,Packing,Gamma,176,165,0,15,14.99,1,1214.28,2241.21,OK
TXN-01480,2025-10-14,Manchester,Assembly,Beta,141,125,4,12,11.67,1,959.24,1321.23,OK
TXN-01481,2026-05-07,Nottingham,Assembly,Alpha,191,173,6,33,16.35,1,1276.77,1715.64,OK
TXN-01482,2025-02-22,Leeds,Quality,Gamma,120,116,4,11,7.97,1,894.14,1312.54,OK
TXN-01483,2025-05-13,Nottingham,Packing,Gamma,108,122,5,24,7.86,0,677.18,1363.09,OK
TXN-01484,2025-12-18,Leeds,Quality,Beta,121,115,2,14,10.48,1,837.14,1367.37,OK
TXN-01485,2025-03-02,Sheffield,Quality,Beta,76,72,1,11,4.88,1,425.24,714.63,OK
TXN-01486,2025-11-07,Sheffield,Packing,Delta,161,173,3,6,12.2,1,848.97,1938.31,OK
TXN-01487,2025-11-24,Leeds,Quality,Beta,146,166,4,3,12.49,0,781.31,1467.39,OK
TXN-01488,2025-09-25,Nottingham,Quality,Alpha,84,90,2,6,5.46,1,592.67,767.63,OK
TXN-01489,2025-01-30,Leeds,Packing,Delta,102,120,2,14,8.41,0,777.98,1202.2,OK
TXN-01490,2025-02-23,Leeds,Dispatch,Gamma,119,126,1,0,8.29,1,589.47,1483.21,OK
TXN-01491,2025-10-06,Nottingham,Dispatch,Gamma,176,168,4,3,12.34,1,1332.32,2205.91,OK
TXN-01492,2025-06-03,Leeds,Quality,Delta,118,131,1,9,7.44,1,868.51,1084.44,OK
TXN-01493,2025-11-06,Manchester,Assembly,Beta,176,164,4,23,13.66,1,1125.79,1603.21,OK
TXN-01494,2025-10-26,Manchester,Packing,Beta,79,75,0,8,6.64,1,432.27,948.44,OK
TXN-01495,2026-05-13,Nottingham,Dispatch,Delta,93,75,1,8,8.91,1,553.99,1188.2,OK
TXN-01496,2025-01-20,Leeds,Dispatch,Gamma,154,150,2,12,14.12,1,1047.9,1754.92,OK
TXN-01497,2025-05-08,Sheffield,Packing,Alpha,126,122,4,19,10.56,1,883.68,1427.06,OK
TXN-01498,2025-12-09,Sheffield,Assembly,Beta,81,90,1,19,6.26,1,634.49,741.39,OK
TXN-01499,2026-02-24,Leeds,Assembly,Alpha,166,142,2,14,13.48,1,981.51,1843.5,OK
TXN-01500,2025-03-18,Nottingham,Dispatch,Gamma,171,151,0,14,11.03,1,1049.81,2016.47,OK
TXN-01501,2025-10-23,Nottingham,Packing,Gamma,74,85,1,20,7.98,0,411.22,850.97,OK
TXN-01502,2026-04-18,Manchester,Dispatch,Beta,168,166,1,6,14.34,1,889.3,1476.99,OK
TXN-01503,2025-03-10,Manchester,Quality,Alpha,99,77,2,11,7.06,1,641.62,848.41,OK
TXN-01504,2026-01-22,Nottingham,Packing,Gamma,164,178,7,16,11.71,1,817.38,1845.65,OK
TXN-01505,2025-09-21,Manchester,Quality,Alpha,151,146,9,10,10.55,1,910.58,1847.08,OK
TXN-01506,2025-01-19,Nottingham,Packing,Alpha,194,149,2,13,15.22,1,1165.93,2262.65,OK
TXN-01507,2025-08-05,Sheffield,Packing,Delta,108,109,4,15,9.52,1,560.82,1274.31,OK
TXN-01508,2025-01-28,Manchester,Assembly,Alpha,83,89,3,19,7.0,1,598.02,1015.78,OK
TXN-01509,2026-01-16,Nottingham,Quality,Beta,131,139,1,22,10.1,1,923.67,1235.78,OK
TXN-01510,2025-03-24,Sheffield,Assembly,Gamma,155,133,1,12,13.57,1,1061.06,1786.67,OK
TXN-01511,2025-04-18,Leeds,Dispatch,Alpha,89,88,4,3,5.31,1,495.26,893.01,OK
TXN-01512,2026-05-09,Leeds,Dispatch,Gamma,159,173,2,11,12.41,1,1179.15,1410.27,OK
TXN-01513,2025-07-18,Sheffield,Dispatch,Gamma,130,167,1,13,10.13,0,819.01,1125.28,OK
TXN-01514,2025-02-26,Sheffield,Quality,Delta,115,99,4,4,9.68,1,601.46,1059.2,OK
TXN-01515,2026-03-20,Nottingham,Dispatch,Delta,79,113,1,15,5.48,0,513.71,757.12,OK
TXN-01516,2025-03-19,Manchester,Packing,Gamma,163,145,5,3,11.39,1,850.35,1890.51,OK
TXN-01517,2025-12-31,Nottingham,Quality,Beta,121,172,3,16,9.83,0,668.46,1294.24,OK
TXN-01518,2025-03-12,Leeds,Quality,Beta,117,119,1,26,9.28,1,790.94,1485.02,OK
TXN-01519,2025-03-10,Sheffield,Quality,Gamma,91,99,0,7,6.95,1,517.79,1051.46,OK
TXN-01520,2025-08-27,Sheffield,Assembly,Alpha,100,76,5,20,8.29,1,563.97,959.84,OK
TXN-01521,2025-08-31,Sheffield,Assembly,Gamma,79,110,0,16,7.01,0,414.54,937.76,OK
TXN-01522,2026-01-08,Manchester,Quality,Delta,68,73,0,4,4.93,1,350.63,649.22,OK
TXN-01523,2025-12-10,Leeds,Dispatch,Beta,114,109,2,25,8.09,1,875.14,1191.54,OK
TXN-01524,2026-04-22,Sheffield,Dispatch,Alpha,171,147,4,21,12.31,1,1318.07,1877.16,OK
TXN-01525,2026-05-01,Leeds,Dispatch,Beta,145,143,4,8,12.88,1,967.29,1517.8,OK
TXN-01526,2026-01-16,Manchester,Dispatch,Delta,170,166,7,4,12.53,1,934.59,1512.79,OK
TXN-01527,2025-02-16,Leeds,Quality,Gamma,89,94,4,20,5.16,1,514.6,994.16,OK
TXN-01528,2025-06-24,Nottingham,Assembly,Beta,108,101,2,24,9.8,1,627.57,964.43,OK
TXN-01529,2026-02-13,Leeds,Assembly,Delta,183,173,3,35,12.48,0,1137.24,2148.82,OK
TXN-01530,2025-07-01,Sheffield,Dispatch,Gamma,174,157,3,1,15.05,1,1320.72,1700.97,OK
TXN-01531,2025-08-22,Manchester,Assembly,Delta,109,121,1,29,9.43,1,764.0,1346.3,OK
TXN-01532,2025-08-18,Sheffield,Quality,Beta,94,91,1,3,7.18,1,473.38,918.22,OK
TXN-01533,2025-09-23,Sheffield,Packing,Alpha,70,82,2,23,5.04,0,425.66,867.1,OK
TXN-01534,2026-05-18,Nottingham,Dispatch,Gamma,162,118,3,11,11.53,1,1182.82,1576.91,OK
TXN-01535,2025-04-14,Nottingham,Quality,Beta,135,109,3,2,9.61,1,792.96,1711.72,OK
TXN-01536,2025-02-22,Leeds,Assembly,Gamma,86,86,2,21,6.63,1,483.05,831.89,OK
TXN-01537,2025-01-20,Nottingham,Assembly,Beta,147,164,6,20,10.42,0,765.07,1671.31,OK
TXN-01538,2025-10-12,Nottingham,Dispatch,Beta,84,99,2,3,5.02,0,521.16,1052.11,OK
TXN-01539,2026-03-12,Manchester,Quality,Beta,82,82,0,23,6.98,1,475.59,846.68,OK
TXN-01540,2025-09-01,Sheffield,Dispatch,Delta,66,77,1,9,4.35,0,456.67,830.13,OK
TXN-01541,2025-01-17,Sheffield,Assembly,Alpha,115,111,2,17,8.82,1,878.48,1376.37,OK
TXN-01542,2025-10-27,Sheffield,Assembly,Gamma,128,149,3,22,9.95,0,832.37,1509.18,OK
TXN-01543,31/13/2025,Manchester,Dispatch,Alpha,122,117,3,28,8.58,1,796.54,1401.59,OK
TXN-01544,2026-02-06,Nottingham,Packing,Delta,95,90,1,26,5.96,1,592.69,841.94,OK
TXN-01545,2025-04-06,Sheffield,Packing,Beta,176,175,4,24,13.07,1,1216.61,1619.36,OK
TXN-01546,2026-04-26,Manchester,Dispatch,Beta,129,135,2,14,9.51,1,984.54,1401.96,OK
TXN-01547,2025-11-23,Leeds,Quality,Beta,209,172,3,12,15.54,1,1053.09,2113.92,OK
TXN-01548,2025-04-06,Sheffield,Dispatch,Beta,missing,108,1,9,7.5,1,648.36,982.46,OK
TXN-01549,2025-04-09,Manchester,Assembly,Gamma,99,115,5,29,8.42,0,656.42,974.8,OK
TXN-01550,2026-01-22,Sheffield,Quality,Beta,99,110,4,9,7.74,1,642.77,924.47,OK
TXN-01551,2025-01-17,Manchester,Assembly,Delta,92,85,3,45,7.5,0,635.72,1022.95,OK
TXN-01552,2025-10-09,Manchester,Assembly,Gamma,51,70,1,27,3.56,0,435.92,510.04,OK
TXN-01553,2025-07-18,Manchester,Quality,Gamma,129,118,6,19,9.36,1,809.17,1388.17,OK
TXN-01554,2025-05-31,Nottingham,Dispatch,Gamma,159,162,2,3,13.37,1,917.19,1803.85,OK
TXN-01555,2025-11-12,Manchester,Quality,Delta,101,138,2,16,6.61,0,639.47,1058.02,OK
TXN-01556,2025-01-04,Nottingham,Packing,Alpha,137,121,3,14,12.09,1,1064.57,1693.81,OK
TXN-01557,2026-04-20,Leeds,Packing,Delta,103,102,3,25,8.69,1,574.9,1109.61,OK
TXN-01558,2025-10-10,Leeds,Quality,Beta,154,153,5,5,10.75,1,1126.31,1455.05,OK
TXN-01559,2025-03-31,Leeds,Quality,Gamma,71,85,0,6,5.72,0,550.54,733.97,OK
TXN-01560,2025-07-13,Leeds,Assembly,Delta,161,137,4,13,11.49,1,1075.2,2019.39,OK
TXN-01561,2025-06-27,Nottingham,Packing,Delta,103,108,0,22,9.21,1,698.7,1166.82,OK
TXN-01562,2025-12-30,Manchester,Quality,Alpha,158,133,2,20,12.71,1,1014.69,1904.17,OK
TXN-01563,2025-08-06,Sheffield,Assembly,Alpha,136,155,4,14,9.33,0,814.3,1458.64,OK
TXN-01564,2025-07-01,Sheffield,Packing,Alpha,99,108,3,16,9.49,1,529.07,1021.46,OK
TXN-01565,2025-06-20,Sheffield,Dispatch,Alpha,68,98,1,2,4.86,0,460.71,680.38,OK
TXN-01566,2025-12-30,Sheffield,Quality,Delta,173,147,4,23,13.7,1,1224.86,1766.28,OK
TXN-01567,2025-03-21,Sheffield,Packing,Alpha,225,176,2,24,20.53,1,1650.71,2698.39,OK
TXN-01568,2025-03-11,Manchester,Packing,Beta,150,157,3,7,11.38,1,771.6,1409.95,OK
TXN-01569,2025-07-23,Manchester,Dispatch,Delta,46,80,2,4,3.67,0,345.03,422.5,OK
TXN-01570,2025-04-29,Sheffield,Assembly,Beta,58,70,1,21,3.42,0,388.12,499.38,OK
TXN-01571,2025-08-06,Sheffield,Assembly,Alpha,77,95,0,24,6.8,0,560.91,932.56,OK
TXN-01572,2026-02-26,Nottingham,Packing,Gamma,128,115,0,13,9.63,1,791.48,1348.02,OK
TXN-01573,2025-10-02,Manchester,Packing,Beta,73,75,2,6,6.82,1,462.11,722.35,OK
TXN-01574,2025-04-26,Nottingham,Quality,Delta,94,86,2,16,8.76,1,620.5,1130.29,OK
TXN-01575,2026-04-04,Leeds,Assembly,Beta,79,84,4,18,3.44,1,543.0,755.02,OK
TXN-01576,2026-05-26,Nottingham,Quality,Delta,98,89,2,3,5.51,1,751.31,1134.22,OK
TXN-01577,2026-04-29,Nottingham,Packing,Delta,156,155,2,6,12.56,1,1029.01,1768.48,OK
TXN-01578,2025-03-10,Sheffield,Quality,Alpha,166,173,1,5,11.37,1,1046.5,1947.45,OK
TXN-01579,2025-08-26,Leeds,Quality,Beta,115,136,2,1,8.18,0,801.83,1112.22,OK
TXN-01580,2026-02-26,Leeds,Assembly,Gamma,131,129,2,52,9.74,0,1086.65,1326.58,OK
TXN-01581,2025-11-24,Leeds,Packing,Alpha,89,84,2,10,6.75,1,528.1,893.5,OK
TXN-01582,2025-03-29,Leeds,Packing,Gamma,141,128,4,7,10.63,1,814.75,1377.44,OK
TXN-01583,31/13/2025,Leeds,Quality,Alpha,107,99,1,20,9.58,1,783.64,1209.77,OK
TXN-01584,2025-05-20,Manchester,Dispatch,Delta,161,160,1,9,13.27,1,1040.48,1856.18,OK
TXN-01585,2025-04-16,Manchester,Packing,Gamma,92,91,2,5,8.42,1,469.19,1057.43,OK
TXN-01586,2025-07-12,Leeds,Quality,Gamma,79,83,4,18,5.59,1,498.18,895.79,OK
TXN-01587,2025-05-09,Sheffield,Assembly,Gamma,98,121,1,51,8.42,0,564.55,981.01,OK
TXN-01588,2025-01-02,Nottingham,Assembly,Beta,108,93,2,21,11.15,1,813.35,965.55,OK
TXN-01589,2026-03-24,Sheffield,Dispatch,Beta,131,136,0,27,8.18,1,776.46,1568.37,OK
TXN-01590,2025-01-07,Sheffield,Dispatch,Gamma,157,177,3,26,14.15,0,882.69,1618.21,OK
TXN-01591,2026-05-23,Nottingham,Packing,Delta,137,133,2,30,11.9,1,939.13,1718.95,OK
TXN-01592,2025-06-12,Sheffield,Quality,Alpha,91,86,0,3,6.79,1,513.75,1136.28,OK
TXN-01593,2026-01-09,Leeds,Packing,Gamma,116,152,3,38,7.97,0,806.59,1376.74,OK
TXN-01594,2026-01-03,Leeds,Assembly,Beta,113,99,0,10,8.74,1,879.2,1277.21,OK
TXN-01595,2025-01-20,Sheffield,Packing,Beta,183,176,1,20,14.78,1,1182.52,1861.36,OK
TXN-01596,2025-03-24,Leeds,Quality,Alpha,153,171,3,13,12.22,0,774.8,1481.98,OK
TXN-01597,2025-03-05,Nottingham,Packing,Gamma,131,119,2,1,11.66,1,766.28,1338.98,OK
TXN-01598,2025-01-12,Leeds,Assembly,Delta,154,123,1,19,11.55,1,1146.8,1496.17,OK
TXN-01599,2025-12-28,Manchester,Dispatch,Beta,122,133,5,15,10.2,1,674.44,1056.49,OK
TXN-01600,2025-05-09,Leeds,Packing,Beta,76,78,5,11,5.44,1,432.5,953.75,OK
TXN-00001,2025-06-05,Leeds,Packing,Gamma,77,72,2,4,6.63,1,483.75,822.45,OK
TXN-00002,2025-07-03,Manchester,Assembly,Delta,99,106,3,24,7.32,1,622.86,1035.32,OK
TXN-00003,2026-05-25,Leeds,Quality,Gamma,183,174,3,14,13.26,1,1091.33,1879.58,OK
TXN-00004,2025-04-29,Nottingham,Dispatch,Delta,225,174,8,22,17.95,1,1535.81,2879.39,OK
TXN-00005,2025-12-25,Nottingham,Dispatch,Delta,137,102,2,34,9.55,1,1029.2,1554.51,OK
TXN-00006,2025-04-25,Leeds,Quality,Alpha,129,126,1,10,10.53,1,873.41,1428.26,OK
TXN-00007,2025-06-17,Leeds,Quality,Gamma,115,137,0,4,7.77,0,641.21,980.79,OK
TXN-00008,2026-04-30,Sheffield,Quality,Delta,110,114,0,17,7.0,1,729.67,1091.98,OK
